machine_id,machine_type,timestamp,temperature_c,vibration_mm_s,runtime_hours,days_since_maintenance,failed_within_7d
M001,CNC_MILL,2025-01-01,56.42,2.411,4790.5,11,0
M001,CNC_MILL,2025-01-02,48.97,1.852,4798.5,12,0
M001,CNC_MILL,2025-01-03,53.59,2.163,4807.0,13,0
M001,CNC_MILL,2025-01-04,55.73,1.426,4819.0,14,0
M001,CNC_MILL,2025-01-05,47.68,2.181,4825.7,15,0
M001,CNC_MILL,2025-01-06,54.25,1.951,4840.4,16,0
M001,CNC_MILL,2025-01-07,62.68,2.118,4847.0,17,0
M001,CNC_MILL,2025-01-08,53.42,2.574,4853.2,18,0
M001,CNC_MILL,2025-01-09,53.2,2.284,4860.6,19,0
M001,CNC_MILL,2025-01-10,57.34,1.67,4875.1,20,0
M001,CNC_MILL,2025-01-11,57.47,1.634,4885.5,21,0
M001,CNC_MILL,2025-01-12,55.97,1.582,4891.9,22,0
M001,CNC_MILL,2025-01-13,55.66,2.265,4910.8,23,0
M001,CNC_MILL,2025-01-14,57.36,2.797,4930.3,24,0
M001,CNC_MILL,2025-01-15,55.79,2.493,4944.5,25,0
M001,CNC_MILL,2025-01-16,55.97,1.884,4951.5,26,0
M001,CNC_MILL,2025-01-17,49.37,1.59,4961.6,27,0
M001,CNC_MILL,2025-01-18,56.91,1.728,4978.7,28,0
M001,CNC_MILL,2025-01-19,55.63,2.179,4997.5,29,0
M001,CNC_MILL,2025-01-20,50.48,2.33,5004.4,0,0
M001,CNC_MILL,2025-01-21,57.44,2.407,5022.8,1,0
M001,CNC_MILL,2025-01-22,55.98,1.976,5040.7,2,0
M001,CNC_MILL,2025-01-23,59.49,2.101,5053.6,3,0
M001,CNC_MILL,2025-01-24,53.16,2.1,5065.8,4,0
M001,CNC_MILL,2025-01-25,55.26,1.91,5076.2,5,0
M001,CNC_MILL,2025-01-26,54.34,2.107,5087.9,6,0
M001,CNC_MILL,2025-01-27,59.87,2.247,5106.2,7,0
M001,CNC_MILL,2025-01-28,56.5,2.347,5124.4,8,0
M001,CNC_MILL,2025-01-29,59.12,2.053,5143.0,9,0
M001,CNC_MILL,2025-01-30,54.23,2.138,5158.1,10,0
M001,CNC_MILL,2025-01-31,50.95,1.694,5166.4,11,0
M001,CNC_MILL,2025-02-01,60.84,1.954,5176.1,12,0
M001,CNC_MILL,2025-02-02,53.55,1.829,5189.9,13,0
M001,CNC_MILL,2025-02-03,55.77,1.978,5209.4,14,0
M001,CNC_MILL,2025-02-04,49.24,1.992,5219.4,15,0
M001,CNC_MILL,2025-02-05,53.67,1.975,5230.2,16,0
M001,CNC_MILL,2025-02-06,53.28,1.874,5243.1,17,0
M001,CNC_MILL,2025-02-07,57.3,1.655,5259.8,18,0
M001,CNC_MILL,2025-02-08,52.59,2.415,5274.6,19,0
M001,CNC_MILL,2025-02-09,58.65,1.883,5291.8,20,0
M001,CNC_MILL,2025-02-10,52.03,1.83,5298.4,21,0
M001,CNC_MILL,2025-02-11,51.71,1.795,5314.3,22,0
M001,CNC_MILL,2025-02-12,52.84,1.919,5333.5,23,0
M001,CNC_MILL,2025-02-13,56.86,1.952,5341.4,24,0
M001,CNC_MILL,2025-02-14,57.44,1.631,5358.8,25,0
M001,CNC_MILL,2025-02-15,50.18,2.055,5366.1,26,0
M001,CNC_MILL,2025-02-16,58.0,2.046,5374.8,27,0
M001,CNC_MILL,2025-02-17,58.9,1.74,5393.3,0,0
M001,CNC_MILL,2025-02-18,52.96,2.07,5401.6,1,0
M001,CNC_MILL,2025-02-19,57.56,2.537,5412.8,2,0
M001,CNC_MILL,2025-02-20,54.57,1.42,5425.1,3,0
M001,CNC_MILL,2025-02-21,51.01,1.992,5436.2,4,0
M001,CNC_MILL,2025-02-22,56.27,2.282,5450.2,5,0
M001,CNC_MILL,2025-02-23,61.82,2.044,5459.7,6,0
M001,CNC_MILL,2025-02-24,54.97,2.124,5478.4,7,0
M001,CNC_MILL,2025-02-25,58.9,1.597,5493.7,8,0
M001,CNC_MILL,2025-02-26,56.88,1.743,5503.7,9,0
M001,CNC_MILL,2025-02-27,54.97,2.057,5513.6,10,0
M001,CNC_MILL,2025-02-28,54.63,2.222,5533.1,11,0
M001,CNC_MILL,2025-03-01,52.15,1.821,5542.9,12,0
M001,CNC_MILL,2025-03-02,55.64,1.626,5562.0,13,0
M001,CNC_MILL,2025-03-03,52.35,2.046,5576.6,14,0
M001,CNC_MILL,2025-03-04,52.43,1.692,5587.1,15,0
M001,CNC_MILL,2025-03-05,58.25,2.316,5598.1,16,0
M001,CNC_MILL,2025-03-06,56.55,2.154,5616.3,17,0
M001,CNC_MILL,2025-03-07,51.45,2.148,5623.3,18,0
M001,CNC_MILL,2025-03-08,55.7,2.053,5634.0,19,0
M001,CNC_MILL,2025-03-09,55.5,1.743,5640.5,20,0
M001,CNC_MILL,2025-03-10,52.32,1.9,5653.8,21,0
M001,CNC_MILL,2025-03-11,54.86,2.156,5671.6,22,0
M001,CNC_MILL,2025-03-12,59.99,1.778,5679.5,23,0
M001,CNC_MILL,2025-03-13,55.05,2.133,5690.1,24,0
M001,CNC_MILL,2025-03-14,51.08,1.403,5706.5,25,0
M001,CNC_MILL,2025-03-15,60.34,1.797,5713.3,0,0
M001,CNC_MILL,2025-03-16,50.35,1.897,5720.6,1,0
M001,CNC_MILL,2025-03-17,55.55,2.173,5733.8,2,0
M001,CNC_MILL,2025-03-18,51.02,2.553,5743.3,3,0
M001,CNC_MILL,2025-03-19,52.96,1.921,5750.6,4,0
M001,CNC_MILL,2025-03-20,53.35,2.329,5763.1,5,0
M001,CNC_MILL,2025-03-21,59.9,1.571,5778.0,6,0
M001,CNC_MILL,2025-03-22,55.01,2.227,5791.6,7,0
M001,CNC_MILL,2025-03-23,54.39,2.018,5805.8,8,0
M001,CNC_MILL,2025-03-24,49.31,2.384,5820.8,9,0
M001,CNC_MILL,2025-03-25,56.44,2.14,5835.6,10,0
M001,CNC_MILL,2025-03-26,55.84,1.813,5842.5,11,0
M001,CNC_MILL,2025-03-27,59.66,1.706,5853.3,12,0
M001,CNC_MILL,2025-03-28,53.13,1.893,5869.1,13,0
M001,CNC_MILL,2025-03-29,56.35,1.976,5882.7,14,0
M001,CNC_MILL,2025-03-30,57.24,2.183,5902.6,15,0
M001,CNC_MILL,2025-03-31,53.9,1.836,5916.7,16,0
M001,CNC_MILL,2025-04-01,57.29,1.667,5933.1,17,0
M001,CNC_MILL,2025-04-02,58.92,2.006,5943.6,18,0
M001,CNC_MILL,2025-04-03,55.97,1.961,5962.9,19,0
M001,CNC_MILL,2025-04-04,52.44,1.996,5970.2,20,0
M001,CNC_MILL,2025-04-05,58.61,1.641,5986.7,21,0
M001,CNC_MILL,2025-04-06,52.9,1.997,6000.4,22,0
M001,CNC_MILL,2025-04-07,55.97,2.503,6016.3,23,0
M001,CNC_MILL,2025-04-08,56.24,1.831,6030.9,24,0
M001,CNC_MILL,2025-04-09,55.73,1.848,6038.0,25,0
M001,CNC_MILL,2025-04-10,50.26,2.024,6052.1,26,0
M001,CNC_MILL,2025-04-11,58.46,1.857,6071.4,27,0
M001,CNC_MILL,2025-04-12,53.01,2.408,6078.5,28,0
M001,CNC_MILL,2025-04-13,48.89,2.471,6097.2,29,0
M001,CNC_MILL,2025-04-14,50.24,1.873,6108.9,30,0
M001,CNC_MILL,2025-04-15,58.81,2.231,6123.1,31,0
M001,CNC_MILL,2025-04-16,55.17,1.747,6135.2,32,0
M001,CNC_MILL,2025-04-17,55.14,2.117,6145.7,33,0
M001,CNC_MILL,2025-04-18,55.67,2.004,6152.7,0,0
M001,CNC_MILL,2025-04-19,53.58,2.065,6161.0,1,0
M001,CNC_MILL,2025-04-20,53.7,2.558,6175.8,2,0
M001,CNC_MILL,2025-04-21,54.67,2.293,6190.5,3,0
M001,CNC_MILL,2025-04-22,56.39,1.688,6201.9,4,0
M001,CNC_MILL,2025-04-23,52.61,1.599,6211.6,5,0
M001,CNC_MILL,2025-04-24,53.06,1.52,6226.0,6,0
M001,CNC_MILL,2025-04-25,57.23,2.443,6237.9,7,0
M001,CNC_MILL,2025-04-26,51.3,2.057,6249.6,8,0
M001,CNC_MILL,2025-04-27,56.02,1.996,6260.9,9,0
M001,CNC_MILL,2025-04-28,54.66,2.371,6272.7,10,0
M001,CNC_MILL,2025-04-29,56.03,2.573,6289.2,11,0
M001,CNC_MILL,2025-04-30,59.55,2.094,6308.4,12,0
M001,CNC_MILL,2025-05-01,50.95,1.809,6317.3,13,0
M001,CNC_MILL,2025-05-02,55.36,2.154,6326.5,14,0
M001,CNC_MILL,2025-05-03,44.57,1.92,6344.1,15,0
M001,CNC_MILL,2025-05-04,55.51,2.346,6358.0,16,0
M001,CNC_MILL,2025-05-05,56.94,2.411,6373.9,17,0
M001,CNC_MILL,2025-05-06,55.7,2.241,6393.6,18,0
M001,CNC_MILL,2025-05-07,49.81,2.433,6405.7,19,0
M001,CNC_MILL,2025-05-08,55.6,1.349,6422.7,20,0
M001,CNC_MILL,2025-05-09,49.89,1.983,6435.1,21,0
M001,CNC_MILL,2025-05-10,50.43,2.362,6444.0,22,0
M001,CNC_MILL,2025-05-11,54.63,1.977,6451.8,23,0
M001,CNC_MILL,2025-05-12,51.7,2.146,6462.7,24,0
M001,CNC_MILL,2025-05-13,55.13,2.322,6482.3,25,0
M001,CNC_MILL,2025-05-14,52.55,1.832,6489.5,0,0
M001,CNC_MILL,2025-05-15,48.56,2.154,6508.1,1,0
M001,CNC_MILL,2025-05-16,60.89,2.011,6514.6,2,0
M001,CNC_MILL,2025-05-17,52.9,2.064,6532.8,3,0
M001,CNC_MILL,2025-05-18,54.66,1.934,6550.1,4,0
M001,CNC_MILL,2025-05-19,55.53,2.011,6563.6,5,0
M001,CNC_MILL,2025-05-20,50.45,2.41,6576.1,6,0
M001,CNC_MILL,2025-05-21,56.2,1.765,6593.9,7,0
M001,CNC_MILL,2025-05-22,52.08,2.024,6606.2,8,0
M001,CNC_MILL,2025-05-23,52.39,1.932,6622.5,9,0
M001,CNC_MILL,2025-05-24,58.57,2.067,6629.8,10,0
M001,CNC_MILL,2025-05-25,52.89,1.642,6642.4,11,0
M001,CNC_MILL,2025-05-26,54.98,2.444,6649.6,12,0
M001,CNC_MILL,2025-05-27,56.2,2.494,6663.8,13,0
M001,CNC_MILL,2025-05-28,53.84,1.799,6674.9,14,0
M001,CNC_MILL,2025-05-29,54.97,1.509,6685.6,15,0
M001,CNC_MILL,2025-05-30,54.38,1.317,6703.5,16,0
M001,CNC_MILL,2025-05-31,55.15,1.751,6715.2,17,0
M001,CNC_MILL,2025-06-01,57.39,2.044,6721.3,18,0
M001,CNC_MILL,2025-06-02,60.39,1.978,6738.8,19,0
M001,CNC_MILL,2025-06-03,61.13,2.486,6748.7,20,0
M001,CNC_MILL,2025-06-04,52.27,2.192,6765.0,21,0
M001,CNC_MILL,2025-06-05,55.78,1.729,6775.0,22,0
M001,CNC_MILL,2025-06-06,57.29,2.003,6785.5,23,0
M001,CNC_MILL,2025-06-07,54.55,1.878,6793.4,24,0
M001,CNC_MILL,2025-06-08,53.19,2.228,6809.0,25,0
M001,CNC_MILL,2025-06-09,54.78,1.693,6823.4,26,0
M001,CNC_MILL,2025-06-10,56.73,1.939,6841.1,27,0
M001,CNC_MILL,2025-06-11,57.05,1.957,6860.9,0,0
M001,CNC_MILL,2025-06-12,56.46,2.474,6878.7,1,0
M001,CNC_MILL,2025-06-13,56.6,2.209,6895.9,2,0
M001,CNC_MILL,2025-06-14,56.18,1.874,6911.2,3,0
M001,CNC_MILL,2025-06-15,57.46,1.488,6926.8,4,0
M001,CNC_MILL,2025-06-16,48.89,1.698,6939.3,5,0
M001,CNC_MILL,2025-06-17,48.02,2.453,6953.4,6,0
M001,CNC_MILL,2025-06-18,54.28,2.247,6967.0,7,0
M001,CNC_MILL,2025-06-19,55.73,1.541,6979.0,8,0
M001,CNC_MILL,2025-06-20,50.56,2.343,6987.0,9,0
M001,CNC_MILL,2025-06-21,54.96,2.316,7003.3,10,0
M001,CNC_MILL,2025-06-22,57.91,2.216,7011.3,11,0
M001,CNC_MILL,2025-06-23,59.53,2.121,7029.6,12,0
M001,CNC_MILL,2025-06-24,55.26,1.716,7040.9,13,0
M001,CNC_MILL,2025-06-25,54.19,1.706,7058.1,14,0
M001,CNC_MILL,2025-06-26,47.28,1.884,7074.9,15,0
M001,CNC_MILL,2025-06-27,56.24,2.563,7084.4,16,0
M001,CNC_MILL,2025-06-28,51.47,1.796,7096.3,17,0
M001,CNC_MILL,2025-06-29,57.29,2.064,7104.3,18,0
M002,CONVEYOR,2025-01-01,40.22,1.345,597.2,11,0
M002,CONVEYOR,2025-01-02,38.42,1.294,611.3,12,0
M002,CONVEYOR,2025-01-03,43.19,1.098,630.4,13,0
M002,CONVEYOR,2025-01-04,38.02,1.175,650.2,14,0
M002,CONVEYOR,2025-01-05,40.84,1.122,660.8,15,0
M002,CONVEYOR,2025-01-06,36.62,1.506,667.6,16,0
M002,CONVEYOR,2025-01-07,41.23,1.074,682.1,17,0
M002,CONVEYOR,2025-01-08,41.7,0.736,700.9,18,0
M002,CONVEYOR,2025-01-09,36.89,0.643,719.8,19,0
M002,CONVEYOR,2025-01-10,40.94,0.894,728.1,20,0
M002,CONVEYOR,2025-01-11,42.16,0.831,743.0,21,0
M002,CONVEYOR,2025-01-12,37.97,1.303,762.4,22,0
M002,CONVEYOR,2025-01-13,42.21,1.235,775.9,23,0
M002,CONVEYOR,2025-01-14,45.15,1.212,782.8,24,0
M002,CONVEYOR,2025-01-15,40.4,1.171,791.7,25,0
M002,CONVEYOR,2025-01-16,39.93,1.091,805.6,26,0
M002,CONVEYOR,2025-01-17,42.08,1.0,819.0,27,0
M002,CONVEYOR,2025-01-18,42.49,0.785,827.2,0,0
M002,CONVEYOR,2025-01-19,38.86,1.156,843.7,1,0
M002,CONVEYOR,2025-01-20,41.67,0.935,855.5,2,0
M002,CONVEYOR,2025-01-21,39.49,1.405,869.2,3,0
M002,CONVEYOR,2025-01-22,41.44,0.974,875.5,4,0
M002,CONVEYOR,2025-01-23,41.93,1.235,889.2,5,0
M002,CONVEYOR,2025-01-24,39.52,1.125,905.4,6,0
M002,CONVEYOR,2025-01-25,39.28,1.432,920.7,7,0
M002,CONVEYOR,2025-01-26,41.19,1.138,926.9,8,0
M002,CONVEYOR,2025-01-27,41.38,1.293,934.6,9,0
M002,CONVEYOR,2025-01-28,36.66,1.553,953.1,10,0
M002,CONVEYOR,2025-01-29,37.0,1.428,970.7,11,0
M002,CONVEYOR,2025-01-30,36.89,1.321,985.4,12,0
M002,CONVEYOR,2025-01-31,38.75,1.45,1003.5,13,0
M002,CONVEYOR,2025-02-01,41.94,1.194,1020.7,14,0
M002,CONVEYOR,2025-02-02,44.56,0.643,1037.0,15,0
M002,CONVEYOR,2025-02-03,37.3,1.349,1045.0,16,0
M002,CONVEYOR,2025-02-04,37.91,1.156,1063.6,17,0
M002,CONVEYOR,2025-02-05,36.74,1.31,1077.4,18,0
M002,CONVEYOR,2025-02-06,39.06,1.305,1083.5,19,0
M002,CONVEYOR,2025-02-07,38.19,1.369,1098.4,20,0
M002,CONVEYOR,2025-02-08,42.37,1.251,1110.0,21,0
M002,CONVEYOR,2025-02-09,39.3,1.24,1124.5,22,0
M002,CONVEYOR,2025-02-10,38.15,0.93,1140.5,23,0
M002,CONVEYOR,2025-02-11,41.08,1.227,1152.1,24,0
M002,CONVEYOR,2025-02-12,36.49,1.175,1165.7,25,0
M002,CONVEYOR,2025-02-13,38.85,1.224,1178.6,26,0
M002,CONVEYOR,2025-02-14,40.75,0.99,1191.2,27,0
M002,CONVEYOR,2025-02-15,40.36,1.133,1204.2,28,0
M002,CONVEYOR,2025-02-16,38.11,1.661,1211.2,29,0
M002,CONVEYOR,2025-02-17,41.26,1.395,1221.1,0,0
M002,CONVEYOR,2025-02-18,39.38,1.068,1238.4,1,0
M002,CONVEYOR,2025-02-19,37.36,1.155,1251.9,2,0
M002,CONVEYOR,2025-02-20,41.63,1.324,1267.2,3,0
M002,CONVEYOR,2025-02-21,39.09,1.327,1280.0,4,0
M002,CONVEYOR,2025-02-22,39.43,1.224,1295.4,5,0
M002,CONVEYOR,2025-02-23,37.5,1.721,1305.8,6,0
M002,CONVEYOR,2025-02-24,37.84,1.411,1324.7,7,0
M002,CONVEYOR,2025-02-25,42.71,1.128,1341.1,8,0
M002,CONVEYOR,2025-02-26,39.07,1.377,1358.8,9,0
M002,CONVEYOR,2025-02-27,37.45,1.483,1372.6,10,0
M002,CONVEYOR,2025-02-28,40.44,1.104,1383.4,11,0
M002,CONVEYOR,2025-03-01,42.67,1.264,1396.9,12,0
M002,CONVEYOR,2025-03-02,41.74,1.257,1411.5,13,0
M002,CONVEYOR,2025-03-03,41.43,1.209,1428.7,14,0
M002,CONVEYOR,2025-03-04,45.2,1.07,1438.5,15,0
M002,CONVEYOR,2025-03-05,39.47,1.067,1451.8,16,0
M002,CONVEYOR,2025-03-06,39.16,1.144,1462.8,17,0
M002,CONVEYOR,2025-03-07,37.99,1.046,1469.4,18,0
M002,CONVEYOR,2025-03-08,39.51,1.023,1477.1,19,0
M002,CONVEYOR,2025-03-09,41.97,1.157,1496.3,20,0
M002,CONVEYOR,2025-03-10,39.81,1.211,1508.0,21,0
M002,CONVEYOR,2025-03-11,36.86,1.215,1516.4,22,0
M002,CONVEYOR,2025-03-12,41.11,1.075,1527.3,23,0
M002,CONVEYOR,2025-03-13,37.5,1.314,1540.6,24,0
M002,CONVEYOR,2025-03-14,42.84,1.086,1556.3,25,0
M002,CONVEYOR,2025-03-15,38.9,1.327,1565.5,26,0
M002,CONVEYOR,2025-03-16,39.73,1.425,1577.0,27,0
M002,CONVEYOR,2025-03-17,39.86,1.162,1596.0,28,0
M002,CONVEYOR,2025-03-18,39.65,1.04,1607.2,29,0
M002,CONVEYOR,2025-03-19,39.53,1.22,1620.7,0,0
M002,CONVEYOR,2025-03-20,41.39,0.988,1627.7,1,0
M002,CONVEYOR,2025-03-21,41.81,1.207,1641.7,2,0
M002,CONVEYOR,2025-03-22,41.36,1.569,1651.5,3,0
M002,CONVEYOR,2025-03-23,42.2,1.213,1660.9,4,0
M002,CONVEYOR,2025-03-24,41.64,1.301,1676.7,5,0
M002,CONVEYOR,2025-03-25,40.64,1.074,1685.3,6,0
M002,CONVEYOR,2025-03-26,39.26,1.033,1701.7,7,0
M002,CONVEYOR,2025-03-27,40.84,1.28,1714.8,8,0
M002,CONVEYOR,2025-03-28,41.31,0.821,1722.5,9,0
M002,CONVEYOR,2025-03-29,41.29,1.633,1739.4,10,0
M002,CONVEYOR,2025-03-30,42.37,1.153,1750.9,11,0
M002,CONVEYOR,2025-03-31,40.35,1.282,1757.8,12,0
M002,CONVEYOR,2025-04-01,41.5,1.395,1770.4,13,0
M002,CONVEYOR,2025-04-02,40.73,1.095,1776.8,14,0
M002,CONVEYOR,2025-04-03,39.1,1.425,1794.2,15,0
M002,CONVEYOR,2025-04-04,38.89,1.576,1804.1,16,0
M002,CONVEYOR,2025-04-05,37.1,0.76,1812.4,17,0
M002,CONVEYOR,2025-04-06,42.24,1.462,1822.2,18,0
M002,CONVEYOR,2025-04-07,40.86,1.249,1840.2,19,0
M002,CONVEYOR,2025-04-08,36.95,1.062,1860.0,20,0
M002,CONVEYOR,2025-04-09,42.33,1.014,1876.4,21,0
M002,CONVEYOR,2025-04-10,40.15,1.154,1887.6,22,0
M002,CONVEYOR,2025-04-11,45.03,0.869,1895.8,23,0
M002,CONVEYOR,2025-04-12,43.25,0.704,1902.1,24,0
M002,CONVEYOR,2025-04-13,42.5,1.298,1914.8,25,0
M002,CONVEYOR,2025-04-14,43.28,1.5,1924.3,26,0
M002,CONVEYOR,2025-04-15,39.92,0.914,1931.2,0,0
M002,CONVEYOR,2025-04-16,38.73,1.399,1943.5,1,0
M002,CONVEYOR,2025-04-17,43.93,1.123,1955.1,2,0
M002,CONVEYOR,2025-04-18,36.83,1.352,1970.8,3,0
M002,CONVEYOR,2025-04-19,41.88,1.369,1978.8,4,0
M002,CONVEYOR,2025-04-20,44.8,1.195,1994.7,5,0
M002,CONVEYOR,2025-04-21,40.13,1.044,2013.0,6,0
M002,CONVEYOR,2025-04-22,39.06,1.415,2023.5,7,0
M002,CONVEYOR,2025-04-23,43.6,1.328,2040.8,8,0
M002,CONVEYOR,2025-04-24,40.2,1.145,2060.1,9,0
M002,CONVEYOR,2025-04-25,40.42,1.376,2074.7,10,0
M002,CONVEYOR,2025-04-26,41.4,1.279,2090.7,11,0
M002,CONVEYOR,2025-04-27,42.1,1.093,2097.8,12,0
M002,CONVEYOR,2025-04-28,44.31,1.434,2114.8,13,0
M002,CONVEYOR,2025-04-29,43.37,1.108,2129.1,14,0
M002,CONVEYOR,2025-04-30,37.94,1.094,2146.2,15,0
M002,CONVEYOR,2025-05-01,37.38,1.44,2159.8,16,0
M002,CONVEYOR,2025-05-02,39.65,1.048,2168.8,17,0
M002,CONVEYOR,2025-05-03,39.49,0.866,2187.0,18,0
M002,CONVEYOR,2025-05-04,42.77,1.351,2203.7,19,0
M002,CONVEYOR,2025-05-05,40.45,1.409,2215.9,20,0
M002,CONVEYOR,2025-05-06,42.16,1.192,2234.5,21,0
M002,CONVEYOR,2025-05-07,38.22,0.927,2245.9,22,0
M002,CONVEYOR,2025-05-08,42.75,1.355,2253.7,23,0
M002,CONVEYOR,2025-05-09,43.31,0.892,2268.6,24,0
M002,CONVEYOR,2025-05-10,39.95,1.435,2278.0,25,0
M002,CONVEYOR,2025-05-11,43.08,1.561,2293.3,26,0
M002,CONVEYOR,2025-05-12,39.28,0.976,2312.9,0,0
M002,CONVEYOR,2025-05-13,43.43,1.508,2324.4,1,0
M002,CONVEYOR,2025-05-14,40.87,1.14,2336.6,2,0
M002,CONVEYOR,2025-05-15,35.81,1.251,2354.2,3,0
M002,CONVEYOR,2025-05-16,44.38,0.948,2373.5,4,0
M002,CONVEYOR,2025-05-17,42.81,0.879,2384.5,5,0
M002,CONVEYOR,2025-05-18,42.43,1.182,2401.8,6,0
M002,CONVEYOR,2025-05-19,39.39,1.276,2409.3,7,0
M002,CONVEYOR,2025-05-20,37.53,1.326,2417.9,8,0
M002,CONVEYOR,2025-05-21,40.38,1.021,2433.5,9,0
M002,CONVEYOR,2025-05-22,41.83,1.269,2445.9,10,0
M002,CONVEYOR,2025-05-23,35.76,1.259,2459.3,11,0
M002,CONVEYOR,2025-05-24,38.53,1.301,2468.0,12,0
M002,CONVEYOR,2025-05-25,39.08,1.081,2487.4,13,0
M002,CONVEYOR,2025-05-26,41.74,1.299,2506.7,14,0
M002,CONVEYOR,2025-05-27,40.37,1.233,2523.4,15,0
M002,CONVEYOR,2025-05-28,41.24,1.228,2541.0,16,0
M002,CONVEYOR,2025-05-29,38.46,1.259,2556.2,17,0
M002,CONVEYOR,2025-05-30,36.77,1.386,2574.3,18,0
M002,CONVEYOR,2025-05-31,39.33,1.241,2584.4,19,0
M002,CONVEYOR,2025-06-01,39.51,1.393,2595.0,20,0
M002,CONVEYOR,2025-06-02,41.8,1.172,2613.3,21,0
M002,CONVEYOR,2025-06-03,39.36,1.39,2623.4,22,0
M002,CONVEYOR,2025-06-04,37.44,0.871,2639.1,23,0
M002,CONVEYOR,2025-06-05,38.72,0.935,2648.3,24,0
M002,CONVEYOR,2025-06-06,43.28,1.402,2663.0,25,0
M002,CONVEYOR,2025-06-07,46.28,1.207,2682.3,26,0
M002,CONVEYOR,2025-06-08,39.09,1.196,2693.1,27,0
M002,CONVEYOR,2025-06-09,40.18,0.964,2702.5,28,0
M002,CONVEYOR,2025-06-10,42.77,1.313,2719.9,29,0
M002,CONVEYOR,2025-06-11,40.36,1.564,2737.4,30,0
M002,CONVEYOR,2025-06-12,39.49,1.278,2756.4,31,0
M002,CONVEYOR,2025-06-13,39.81,0.918,2765.1,32,0
M002,CONVEYOR,2025-06-14,36.61,1.18,2775.1,33,0
M002,CONVEYOR,2025-06-15,44.91,1.396,2782.4,34,0
M002,CONVEYOR,2025-06-16,40.63,1.187,2799.9,35,0
M002,CONVEYOR,2025-06-17,38.92,1.303,2810.0,36,0
M002,CONVEYOR,2025-06-18,36.81,1.288,2829.5,0,0
M002,CONVEYOR,2025-06-19,40.95,0.745,2837.1,1,0
M002,CONVEYOR,2025-06-20,42.41,1.277,2855.5,2,0
M002,CONVEYOR,2025-06-21,41.16,1.432,2863.9,3,0
M002,CONVEYOR,2025-06-22,39.45,1.35,2873.2,4,0
M002,CONVEYOR,2025-06-23,42.14,1.017,2891.2,5,0
M002,CONVEYOR,2025-06-24,38.65,1.256,2905.9,6,0
M002,CONVEYOR,2025-06-25,37.72,1.15,2915.2,7,0
M002,CONVEYOR,2025-06-26,39.29,1.291,2922.5,8,0
M002,CONVEYOR,2025-06-27,37.87,1.052,2931.4,9,0
M002,CONVEYOR,2025-06-28,38.89,0.926,2945.7,10,0
M002,CONVEYOR,2025-06-29,41.33,0.89,2961.2,11,0
M003,PRESS,2025-01-01,66.56,3.482,3739.9,17,0
M003,PRESS,2025-01-02,62.01,3.347,3754.9,18,0
M003,PRESS,2025-01-03,62.67,2.594,3764.1,19,0
M003,PRESS,2025-01-04,60.91,3.832,3781.8,20,0
M003,PRESS,2025-01-05,65.78,2.759,3791.6,21,0
M003,PRESS,2025-01-06,66.85,3.847,3802.1,22,0
M003,PRESS,2025-01-07,59.0,2.468,3822.0,23,0
M003,PRESS,2025-01-08,65.39,2.728,3841.4,24,0
M003,PRESS,2025-01-09,70.24,3.278,3849.8,25,0
M003,PRESS,2025-01-10,64.56,2.638,3866.4,26,0
M003,PRESS,2025-01-11,55.66,2.8,3874.1,27,0
M003,PRESS,2025-01-12,65.29,3.312,3891.9,28,0
M003,PRESS,2025-01-13,62.0,3.09,3908.5,0,0
M003,PRESS,2025-01-14,65.62,3.986,3916.7,1,0
M003,PRESS,2025-01-15,63.84,2.837,3927.5,2,0
M003,PRESS,2025-01-16,57.66,3.203,3939.0,3,0
M003,PRESS,2025-01-17,66.46,3.561,3953.0,4,0
M003,PRESS,2025-01-18,65.33,2.96,3964.3,5,0
M003,PRESS,2025-01-19,66.07,3.129,3981.4,6,0
M003,PRESS,2025-01-20,62.81,3.392,3987.7,7,0
M003,PRESS,2025-01-21,67.85,3.048,4001.7,8,0
M003,PRESS,2025-01-22,64.9,3.327,4016.2,9,0
M003,PRESS,2025-01-23,65.04,2.475,4027.8,10,0
M003,PRESS,2025-01-24,62.56,2.925,4034.2,11,0
M003,PRESS,2025-01-25,65.23,3.212,4053.7,12,0
M003,PRESS,2025-01-26,67.9,2.816,4059.7,13,0
M003,PRESS,2025-01-27,71.12,3.488,4067.8,14,0
M003,PRESS,2025-01-28,59.68,3.111,4076.8,15,0
M003,PRESS,2025-01-29,67.58,3.55,4086.9,16,0
M003,PRESS,2025-01-30,62.16,3.342,4095.4,17,0
M003,PRESS,2025-01-31,65.06,2.709,4115.4,18,0
M003,PRESS,2025-02-01,62.07,2.719,4123.8,19,0
M003,PRESS,2025-02-02,54.78,3.374,4131.6,20,0
M003,PRESS,2025-02-03,71.86,2.576,4142.6,21,0
M003,PRESS,2025-02-04,63.38,2.535,4162.1,22,0
M003,PRESS,2025-02-05,64.07,2.581,4179.2,23,0
M003,PRESS,2025-02-06,61.03,3.232,4193.8,24,0
M003,PRESS,2025-02-07,64.94,3.232,4201.4,25,0
M003,PRESS,2025-02-08,69.79,2.937,4208.7,26,0
M003,PRESS,2025-02-09,63.44,3.222,4223.9,27,0
M003,PRESS,2025-02-10,59.51,2.355,4236.3,28,0
M003,PRESS,2025-02-11,62.32,3.416,4251.9,29,0
M003,PRESS,2025-02-12,67.71,2.805,4258.5,30,0
M003,PRESS,2025-02-13,73.63,2.758,4273.7,31,0
M003,PRESS,2025-02-14,66.47,2.897,4286.0,32,0
M003,PRESS,2025-02-15,66.84,2.729,4299.2,0,0
M003,PRESS,2025-02-16,68.17,3.491,4316.4,1,0
M003,PRESS,2025-02-17,61.79,3.52,4326.6,2,0
M003,PRESS,2025-02-18,62.56,3.478,4338.3,3,0
M003,PRESS,2025-02-19,69.74,3.288,4348.0,4,0
M003,PRESS,2025-02-20,65.12,2.661,4366.6,5,0
M003,PRESS,2025-02-21,67.43,3.524,4378.0,6,0
M003,PRESS,2025-02-22,64.15,2.953,4397.4,7,0
M003,PRESS,2025-02-23,61.88,2.852,4410.0,8,0
M003,PRESS,2025-02-24,70.82,3.72,4426.5,9,0
M003,PRESS,2025-02-25,63.54,2.664,4445.5,10,0
M003,PRESS,2025-02-26,60.82,2.213,4457.7,11,0
M003,PRESS,2025-02-27,64.11,2.889,4476.1,12,0
M003,PRESS,2025-02-28,60.15,3.454,4494.4,13,0
M003,PRESS,2025-03-01,64.33,3.113,4511.0,14,0
M003,PRESS,2025-03-02,66.49,3.64,4519.5,15,0
M003,PRESS,2025-03-03,69.5,2.68,4529.3,16,0
M003,PRESS,2025-03-04,64.62,2.966,4545.4,17,0
M003,PRESS,2025-03-05,65.12,2.403,4563.2,18,0
M003,PRESS,2025-03-06,70.91,2.802,4579.6,19,0
M003,PRESS,2025-03-07,67.26,2.296,4595.2,20,0
M003,PRESS,2025-03-08,69.01,3.082,4607.3,21,0
M003,PRESS,2025-03-09,64.0,2.992,4616.8,22,0
M003,PRESS,2025-03-10,63.58,3.244,4625.5,23,0
M003,PRESS,2025-03-11,59.83,3.431,4641.9,24,0
M003,PRESS,2025-03-12,60.22,3.178,4652.9,25,0
M003,PRESS,2025-03-13,71.56,4.05,4670.7,26,0
M003,PRESS,2025-03-14,61.86,3.259,4690.1,27,0
M003,PRESS,2025-03-15,61.45,2.825,4700.4,28,0
M003,PRESS,2025-03-16,71.91,2.84,4718.8,0,0
M003,PRESS,2025-03-17,66.58,2.65,4724.9,1,0
M003,PRESS,2025-03-18,69.67,2.771,4732.2,2,0
M003,PRESS,2025-03-19,73.86,2.882,4739.1,3,0
M003,PRESS,2025-03-20,67.94,2.603,4745.8,4,0
M003,PRESS,2025-03-21,71.42,3.625,4752.1,5,0
M003,PRESS,2025-03-22,61.73,2.999,4758.9,6,0
M003,PRESS,2025-03-23,67.21,2.802,4772.2,7,0
M003,PRESS,2025-03-24,63.27,2.646,4784.3,8,0
M003,PRESS,2025-03-25,62.67,2.932,4801.5,9,0
M003,PRESS,2025-03-26,60.9,3.742,4816.4,10,0
M003,PRESS,2025-03-27,67.18,2.623,4836.3,11,0
M003,PRESS,2025-03-28,66.22,2.449,4856.0,12,0
M003,PRESS,2025-03-29,62.89,3.309,4869.3,13,0
M003,PRESS,2025-03-30,63.35,3.211,4880.5,14,0
M003,PRESS,2025-03-31,54.14,2.68,4899.7,15,0
M003,PRESS,2025-04-01,64.89,3.709,4911.8,16,0
M003,PRESS,2025-04-02,62.59,3.188,4926.3,17,0
M003,PRESS,2025-04-03,66.41,3.049,4933.3,18,0
M003,PRESS,2025-04-04,61.18,2.619,4950.3,19,0
M003,PRESS,2025-04-05,68.65,2.679,4962.6,20,0
M003,PRESS,2025-04-06,62.13,2.806,4980.6,21,0
M003,PRESS,2025-04-07,65.41,2.548,4992.3,22,0
M003,PRESS,2025-04-08,64.4,2.905,5008.6,23,0
M003,PRESS,2025-04-09,65.27,3.206,5027.7,24,0
M003,PRESS,2025-04-10,66.95,3.222,5042.4,25,0
M003,PRESS,2025-04-11,60.56,3.227,5056.3,26,0
M003,PRESS,2025-04-12,66.23,2.947,5075.9,27,0
M003,PRESS,2025-04-13,61.71,2.934,5091.5,0,0
M003,PRESS,2025-04-14,60.94,3.025,5109.5,1,0
M003,PRESS,2025-04-15,65.71,2.853,5123.1,2,0
M003,PRESS,2025-04-16,67.21,2.826,5135.1,3,0
M003,PRESS,2025-04-17,63.21,3.804,5146.9,4,0
M003,PRESS,2025-04-18,62.16,3.03,5160.0,5,0
M003,PRESS,2025-04-19,56.47,2.985,5178.3,6,0
M003,PRESS,2025-04-20,65.49,3.65,5187.1,7,0
M003,PRESS,2025-04-21,63.83,2.375,5206.9,8,0
M003,PRESS,2025-04-22,68.53,2.969,5220.5,9,0
M003,PRESS,2025-04-23,62.93,3.483,5232.8,10,0
M003,PRESS,2025-04-24,64.49,2.649,5241.5,11,0
M003,PRESS,2025-04-25,57.68,3.08,5258.6,12,0
M003,PRESS,2025-04-26,61.23,2.55,5273.6,13,0
M003,PRESS,2025-04-27,65.27,3.341,5281.8,14,0
M003,PRESS,2025-04-28,60.08,3.085,5296.4,15,0
M003,PRESS,2025-04-29,63.94,3.193,5316.2,16,0
M003,PRESS,2025-04-30,63.29,3.036,5327.3,17,0
M003,PRESS,2025-05-01,64.2,2.535,5341.9,18,0
M003,PRESS,2025-05-02,65.77,3.096,5355.0,19,0
M003,PRESS,2025-05-03,64.96,3.121,5362.7,20,0
M003,PRESS,2025-05-04,66.56,2.691,5370.0,21,0
M003,PRESS,2025-05-05,67.32,3.13,5377.1,22,0
M003,PRESS,2025-05-06,66.94,2.906,5384.6,23,0
M003,PRESS,2025-05-07,59.69,3.433,5394.2,24,0
M003,PRESS,2025-05-08,65.28,3.417,5403.6,25,0
M003,PRESS,2025-05-09,62.74,2.836,5414.5,26,0
M003,PRESS,2025-05-10,66.79,2.514,5426.6,27,0
M003,PRESS,2025-05-11,64.59,3.49,5446.3,0,0
M003,PRESS,2025-05-12,63.73,2.73,5452.4,1,0
M003,PRESS,2025-05-13,66.13,2.896,5461.5,2,0
M003,PRESS,2025-05-14,68.47,2.849,5470.5,3,0
M003,PRESS,2025-05-15,69.11,2.473,5489.7,4,0
M003,PRESS,2025-05-16,67.73,2.762,5496.5,5,0
M003,PRESS,2025-05-17,66.64,2.903,5511.9,6,0
M003,PRESS,2025-05-18,58.18,2.089,5530.0,7,0
M003,PRESS,2025-05-19,64.05,2.595,5547.2,8,0
M003,PRESS,2025-05-20,64.8,2.879,5553.6,9,0
M003,PRESS,2025-05-21,67.84,2.826,5563.7,10,0
M003,PRESS,2025-05-22,67.16,3.354,5581.5,11,0
M003,PRESS,2025-05-23,68.55,2.789,5591.4,12,0
M003,PRESS,2025-05-24,59.11,2.895,5599.1,13,0
M003,PRESS,2025-05-25,64.11,2.86,5605.3,14,0
M003,PRESS,2025-05-26,68.2,2.353,5615.4,15,0
M003,PRESS,2025-05-27,68.8,3.684,5633.9,16,0
M003,PRESS,2025-05-28,67.94,2.74,5640.4,17,0
M003,PRESS,2025-05-29,68.41,2.726,5654.4,18,0
M003,PRESS,2025-05-30,61.77,2.714,5667.3,19,0
M003,PRESS,2025-05-31,66.06,3.257,5684.9,20,0
M003,PRESS,2025-06-01,60.52,2.956,5695.6,21,0
M003,PRESS,2025-06-02,73.42,2.555,5710.5,22,0
M003,PRESS,2025-06-03,67.32,3.48,5726.0,23,0
M003,PRESS,2025-06-04,63.97,2.039,5741.1,24,0
M003,PRESS,2025-06-05,64.17,2.3,5760.9,25,0
M003,PRESS,2025-06-06,62.51,3.078,5770.4,26,0
M003,PRESS,2025-06-07,65.42,2.812,5789.1,27,0
M003,PRESS,2025-06-08,64.12,2.173,5797.9,0,0
M003,PRESS,2025-06-09,59.85,1.947,5812.1,1,0
M003,PRESS,2025-06-10,66.19,3.115,5822.1,2,0
M003,PRESS,2025-06-11,66.28,3.536,5835.3,3,0
M003,PRESS,2025-06-12,62.68,3.341,5852.8,4,0
M003,PRESS,2025-06-13,65.78,3.397,5859.2,5,0
M003,PRESS,2025-06-14,64.74,2.764,5878.2,6,0
M003,PRESS,2025-06-15,59.49,2.257,5889.9,7,0
M003,PRESS,2025-06-16,60.27,3.334,5905.4,8,0
M003,PRESS,2025-06-17,63.07,3.059,5915.0,9,0
M003,PRESS,2025-06-18,71.45,3.359,5922.6,10,0
M003,PRESS,2025-06-19,56.39,2.712,5930.3,11,0
M003,PRESS,2025-06-20,64.47,3.031,5937.4,12,0
M003,PRESS,2025-06-21,62.89,3.602,5952.5,13,0
M003,PRESS,2025-06-22,69.7,2.306,5958.6,14,0
M003,PRESS,2025-06-23,63.79,2.873,5973.5,15,0
M003,PRESS,2025-06-24,70.13,3.047,5993.4,16,0
M003,PRESS,2025-06-25,64.87,2.917,6003.5,17,0
M003,PRESS,2025-06-26,64.26,2.693,6022.3,18,0
M003,PRESS,2025-06-27,64.3,2.406,6039.7,19,0
M003,PRESS,2025-06-28,66.88,3.338,6051.7,20,0
M003,PRESS,2025-06-29,65.32,2.678,6069.8,21,0
M004,ROBOT_ARM,2025-01-01,47.6,1.703,4211.4,12,0
M004,ROBOT_ARM,2025-01-02,47.77,1.414,4224.7,13,0
M004,ROBOT_ARM,2025-01-03,47.24,1.196,4232.7,14,0
M004,ROBOT_ARM,2025-01-04,45.11,1.392,4239.1,15,0
M004,ROBOT_ARM,2025-01-05,43.76,1.803,4246.1,16,0
M004,ROBOT_ARM,2025-01-06,51.33,1.204,4260.6,17,0
M004,ROBOT_ARM,2025-01-07,48.82,1.79,4274.4,18,0
M004,ROBOT_ARM,2025-01-08,44.66,1.524,4281.8,19,0
M004,ROBOT_ARM,2025-01-09,47.73,1.407,4290.0,20,0
M004,ROBOT_ARM,2025-01-10,45.49,1.389,4302.9,21,0
M004,ROBOT_ARM,2025-01-11,47.72,1.557,4321.3,22,0
M004,ROBOT_ARM,2025-01-12,48.04,1.539,4328.5,23,0
M004,ROBOT_ARM,2025-01-13,47.95,1.599,4342.0,24,0
M004,ROBOT_ARM,2025-01-14,49.91,1.625,4354.2,25,0
M004,ROBOT_ARM,2025-01-15,49.63,1.712,4362.6,26,0
M004,ROBOT_ARM,2025-01-16,44.66,1.687,4380.3,27,0
M004,ROBOT_ARM,2025-01-17,50.88,1.044,4388.2,0,0
M004,ROBOT_ARM,2025-01-18,48.97,1.411,4397.1,1,0
M004,ROBOT_ARM,2025-01-19,45.29,1.765,4407.7,2,0
M004,ROBOT_ARM,2025-01-20,46.66,1.181,4414.2,3,0
M004,ROBOT_ARM,2025-01-21,49.57,1.568,4422.1,4,0
M004,ROBOT_ARM,2025-01-22,48.8,1.942,4440.3,5,0
M004,ROBOT_ARM,2025-01-23,45.96,1.519,4455.8,6,0
M004,ROBOT_ARM,2025-01-24,47.63,1.207,4475.5,7,0
M004,ROBOT_ARM,2025-01-25,47.84,1.91,4485.8,8,0
M004,ROBOT_ARM,2025-01-26,45.28,1.337,4502.4,9,0
M004,ROBOT_ARM,2025-01-27,50.23,1.547,4513.5,10,0
M004,ROBOT_ARM,2025-01-28,51.58,1.416,4530.2,11,0
M004,ROBOT_ARM,2025-01-29,47.68,1.848,4550.1,12,0
M004,ROBOT_ARM,2025-01-30,47.42,1.783,4568.0,13,0
M004,ROBOT_ARM,2025-01-31,49.78,0.765,4582.8,14,0
M004,ROBOT_ARM,2025-02-01,54.72,1.615,4597.8,15,0
M004,ROBOT_ARM,2025-02-02,46.12,1.716,4606.7,16,0
M004,ROBOT_ARM,2025-02-03,51.63,1.14,4613.7,17,0
M004,ROBOT_ARM,2025-02-04,50.4,1.689,4628.9,18,0
M004,ROBOT_ARM,2025-02-05,49.05,1.768,4636.2,19,0
M004,ROBOT_ARM,2025-02-06,45.12,1.744,4651.8,20,0
M004,ROBOT_ARM,2025-02-07,49.41,1.036,4666.6,21,0
M004,ROBOT_ARM,2025-02-08,48.09,1.652,4676.8,22,0
M004,ROBOT_ARM,2025-02-09,47.59,1.096,4684.9,23,0
M004,ROBOT_ARM,2025-02-10,44.7,1.659,4703.0,24,0
M004,ROBOT_ARM,2025-02-11,50.49,1.452,4713.5,25,0
M004,ROBOT_ARM,2025-02-12,49.91,1.19,4733.2,26,0
M004,ROBOT_ARM,2025-02-13,52.08,1.173,4740.9,27,0
M004,ROBOT_ARM,2025-02-14,50.03,1.602,4753.2,28,0
M004,ROBOT_ARM,2025-02-15,46.05,1.547,4768.8,29,0
M004,ROBOT_ARM,2025-02-16,43.31,1.446,4779.0,30,0
M004,ROBOT_ARM,2025-02-17,51.18,2.19,4787.0,31,0
M004,ROBOT_ARM,2025-02-18,47.92,1.058,4797.0,32,0
M004,ROBOT_ARM,2025-02-19,49.67,1.703,4806.8,33,0
M004,ROBOT_ARM,2025-02-20,46.12,1.504,4816.7,0,0
M004,ROBOT_ARM,2025-02-21,48.57,1.725,4829.2,1,0
M004,ROBOT_ARM,2025-02-22,50.48,1.283,4839.7,2,0
M004,ROBOT_ARM,2025-02-23,47.49,1.537,4853.6,3,0
M004,ROBOT_ARM,2025-02-24,51.08,1.334,4872.1,4,0
M004,ROBOT_ARM,2025-02-25,42.36,1.203,4891.2,5,0
M004,ROBOT_ARM,2025-02-26,48.8,1.354,4904.1,6,0
M004,ROBOT_ARM,2025-02-27,45.47,1.603,4913.6,7,0
M004,ROBOT_ARM,2025-02-28,48.57,1.517,4930.3,8,0
M004,ROBOT_ARM,2025-03-01,49.19,1.539,4940.1,9,0
M004,ROBOT_ARM,2025-03-02,49.85,1.801,4946.7,10,0
M004,ROBOT_ARM,2025-03-03,40.72,1.492,4964.8,11,0
M004,ROBOT_ARM,2025-03-04,43.68,1.448,4976.0,12,0
M004,ROBOT_ARM,2025-03-05,48.66,1.168,4987.8,13,0
M004,ROBOT_ARM,2025-03-06,49.87,1.215,5000.4,14,0
M004,ROBOT_ARM,2025-03-07,49.94,1.689,5006.9,15,0
M004,ROBOT_ARM,2025-03-08,49.13,1.274,5023.3,16,0
M004,ROBOT_ARM,2025-03-09,44.43,1.911,5039.3,17,0
M004,ROBOT_ARM,2025-03-10,47.01,1.651,5050.4,18,0
M004,ROBOT_ARM,2025-03-11,48.12,1.249,5060.2,19,0
M004,ROBOT_ARM,2025-03-12,47.31,1.251,5073.1,20,0
M004,ROBOT_ARM,2025-03-13,49.98,1.431,5082.8,21,0
M004,ROBOT_ARM,2025-03-14,52.24,1.362,5095.2,22,0
M004,ROBOT_ARM,2025-03-15,48.36,1.887,5114.8,23,0
M004,ROBOT_ARM,2025-03-16,50.02,1.648,5122.5,24,0
M004,ROBOT_ARM,2025-03-17,42.34,1.319,5133.3,25,0
M004,ROBOT_ARM,2025-03-18,44.28,1.133,5139.3,26,0
M004,ROBOT_ARM,2025-03-19,49.77,1.998,5157.6,27,0
M004,ROBOT_ARM,2025-03-20,50.01,1.669,5170.0,28,0
M004,ROBOT_ARM,2025-03-21,48.89,1.642,5189.2,0,0
M004,ROBOT_ARM,2025-03-22,53.01,1.473,5201.8,1,0
M004,ROBOT_ARM,2025-03-23,49.61,1.513,5208.9,2,0
M004,ROBOT_ARM,2025-03-24,49.99,1.283,5223.5,3,0
M004,ROBOT_ARM,2025-03-25,44.59,1.265,5243.3,4,0
M004,ROBOT_ARM,2025-03-26,44.11,1.895,5258.7,5,0
M004,ROBOT_ARM,2025-03-27,51.73,1.275,5272.3,6,0
M004,ROBOT_ARM,2025-03-28,51.34,1.778,5291.3,7,0
M004,ROBOT_ARM,2025-03-29,45.49,2.022,5299.2,8,0
M004,ROBOT_ARM,2025-03-30,51.11,1.304,5310.1,9,0
M004,ROBOT_ARM,2025-03-31,47.43,1.411,5327.4,10,0
M004,ROBOT_ARM,2025-04-01,44.08,1.548,5339.8,11,0
M004,ROBOT_ARM,2025-04-02,47.4,1.192,5348.8,12,0
M004,ROBOT_ARM,2025-04-03,45.48,1.601,5368.7,13,0
M004,ROBOT_ARM,2025-04-04,46.71,1.647,5388.2,14,0
M004,ROBOT_ARM,2025-04-05,47.91,2.07,5399.8,15,0
M004,ROBOT_ARM,2025-04-06,46.73,1.096,5414.2,16,0
M004,ROBOT_ARM,2025-04-07,48.49,1.51,5422.8,17,0
M004,ROBOT_ARM,2025-04-08,45.53,1.829,5438.6,18,0
M004,ROBOT_ARM,2025-04-09,49.28,1.505,5455.2,19,0
M004,ROBOT_ARM,2025-04-10,49.22,1.632,5465.5,20,0
M004,ROBOT_ARM,2025-04-11,52.46,1.445,5485.0,21,0
M004,ROBOT_ARM,2025-04-12,47.98,1.891,5491.1,22,0
M004,ROBOT_ARM,2025-04-13,46.35,1.817,5504.9,23,0
M004,ROBOT_ARM,2025-04-14,48.18,1.169,5522.2,24,0
M004,ROBOT_ARM,2025-04-15,46.33,1.136,5540.7,25,0
M004,ROBOT_ARM,2025-04-16,46.92,1.338,5552.3,26,0
M004,ROBOT_ARM,2025-04-17,46.05,1.83,5563.8,27,0
M004,ROBOT_ARM,2025-04-18,47.75,1.332,5573.6,28,0
M004,ROBOT_ARM,2025-04-19,45.95,1.698,5587.5,29,0
M004,ROBOT_ARM,2025-04-20,44.37,1.683,5596.2,30,0
M004,ROBOT_ARM,2025-04-21,49.46,1.664,5605.4,0,0
M004,ROBOT_ARM,2025-04-22,48.64,1.453,5615.4,1,0
M004,ROBOT_ARM,2025-04-23,43.38,1.996,5629.5,2,0
M004,ROBOT_ARM,2025-04-24,50.78,1.382,5637.5,3,0
M004,ROBOT_ARM,2025-04-25,47.43,1.73,5654.4,4,0
M004,ROBOT_ARM,2025-04-26,48.34,1.746,5663.3,5,0
M004,ROBOT_ARM,2025-04-27,46.35,1.243,5681.3,6,0
M004,ROBOT_ARM,2025-04-28,48.03,1.677,5693.0,7,0
M004,ROBOT_ARM,2025-04-29,46.04,1.803,5710.5,8,0
M004,ROBOT_ARM,2025-04-30,48.33,1.763,5720.5,9,0
M004,ROBOT_ARM,2025-05-01,50.07,0.86,5727.3,10,0
M004,ROBOT_ARM,2025-05-02,46.25,1.353,5733.4,11,0
M004,ROBOT_ARM,2025-05-03,50.04,1.213,5749.8,12,0
M004,ROBOT_ARM,2025-05-04,49.77,1.849,5768.3,13,0
M004,ROBOT_ARM,2025-05-05,50.59,1.645,5776.9,14,0
M004,ROBOT_ARM,2025-05-06,52.38,1.07,5792.1,15,0
M004,ROBOT_ARM,2025-05-07,45.51,1.631,5809.1,16,0
M004,ROBOT_ARM,2025-05-08,50.33,1.151,5821.8,17,0
M004,ROBOT_ARM,2025-05-09,43.23,1.698,5837.8,18,0
M004,ROBOT_ARM,2025-05-10,48.1,1.261,5850.9,19,0
M004,ROBOT_ARM,2025-05-11,47.85,1.612,5859.2,20,0
M004,ROBOT_ARM,2025-05-12,47.04,1.949,5878.1,21,0
M004,ROBOT_ARM,2025-05-13,46.75,1.736,5884.5,22,0
M004,ROBOT_ARM,2025-05-14,46.33,1.225,5895.2,23,0
M004,ROBOT_ARM,2025-05-15,50.21,1.785,5907.3,24,0
M004,ROBOT_ARM,2025-05-16,47.45,1.009,5920.4,25,0
M004,ROBOT_ARM,2025-05-17,47.12,1.482,5938.1,26,0
M004,ROBOT_ARM,2025-05-18,49.46,1.812,5955.9,27,0
M004,ROBOT_ARM,2025-05-19,48.16,2.231,5971.8,0,0
M004,ROBOT_ARM,2025-05-20,53.46,1.51,5989.9,1,0
M004,ROBOT_ARM,2025-05-21,48.56,1.557,6005.4,2,0
M004,ROBOT_ARM,2025-05-22,50.08,1.402,6020.8,3,0
M004,ROBOT_ARM,2025-05-23,47.38,1.382,6039.9,4,0
M004,ROBOT_ARM,2025-05-24,48.21,1.34,6049.9,5,0
M004,ROBOT_ARM,2025-05-25,46.9,1.18,6069.0,6,0
M004,ROBOT_ARM,2025-05-26,46.11,1.883,6076.0,7,0
M004,ROBOT_ARM,2025-05-27,46.39,1.073,6091.6,8,0
M004,ROBOT_ARM,2025-05-28,48.49,1.49,6108.5,9,0
M004,ROBOT_ARM,2025-05-29,44.44,1.63,6120.4,10,0
M004,ROBOT_ARM,2025-05-30,45.11,1.261,6132.4,11,0
M004,ROBOT_ARM,2025-05-31,48.1,1.31,6141.0,12,0
M004,ROBOT_ARM,2025-06-01,49.16,1.51,6154.7,13,0
M004,ROBOT_ARM,2025-06-02,46.07,1.925,6165.6,14,0
M004,ROBOT_ARM,2025-06-03,48.52,1.325,6178.8,15,0
M004,ROBOT_ARM,2025-06-04,45.23,1.249,6194.0,16,0
M004,ROBOT_ARM,2025-06-05,44.44,1.586,6213.0,17,0
M004,ROBOT_ARM,2025-06-06,46.36,1.432,6227.4,18,0
M004,ROBOT_ARM,2025-06-07,48.34,1.281,6242.3,19,0
M004,ROBOT_ARM,2025-06-08,51.02,0.998,6254.7,20,0
M004,ROBOT_ARM,2025-06-09,50.33,2.131,6264.1,21,0
M004,ROBOT_ARM,2025-06-10,47.36,1.569,6278.4,22,0
M004,ROBOT_ARM,2025-06-11,46.49,1.465,6293.2,23,0
M004,ROBOT_ARM,2025-06-12,43.41,1.629,6305.5,24,0
M004,ROBOT_ARM,2025-06-13,50.17,1.276,6320.1,25,0
M004,ROBOT_ARM,2025-06-14,47.93,1.456,6327.4,26,0
M004,ROBOT_ARM,2025-06-15,46.69,1.098,6343.5,27,0
M004,ROBOT_ARM,2025-06-16,53.25,1.845,6358.5,28,0
M004,ROBOT_ARM,2025-06-17,45.13,1.662,6373.6,29,0
M004,ROBOT_ARM,2025-06-18,45.65,1.327,6383.4,30,0
M004,ROBOT_ARM,2025-06-19,47.26,1.674,6395.3,0,0
M004,ROBOT_ARM,2025-06-20,46.26,1.56,6414.7,1,0
M004,ROBOT_ARM,2025-06-21,47.19,1.723,6427.6,2,0
M004,ROBOT_ARM,2025-06-22,46.58,1.831,6440.8,3,0
M004,ROBOT_ARM,2025-06-23,50.93,1.312,6452.8,4,0
M004,ROBOT_ARM,2025-06-24,46.21,1.769,6470.9,5,0
M004,ROBOT_ARM,2025-06-25,48.91,1.68,6487.9,6,0
M004,ROBOT_ARM,2025-06-26,43.98,1.673,6503.8,7,0
M004,ROBOT_ARM,2025-06-27,53.98,1.308,6522.9,8,0
M004,ROBOT_ARM,2025-06-28,46.35,1.715,6535.1,9,0
M004,ROBOT_ARM,2025-06-29,48.08,1.02,6541.9,10,0
M005,PUMP,2025-01-01,59.91,2.446,3958.9,14,0
M005,PUMP,2025-01-02,64.46,2.53,3978.1,15,0
M005,PUMP,2025-01-03,60.41,2.558,3993.7,16,0
M005,PUMP,2025-01-04,59.69,2.773,4007.5,17,0
M005,PUMP,2025-01-05,60.33,2.544,4016.5,18,0
M005,PUMP,2025-01-06,56.56,2.023,4029.6,19,0
M005,PUMP,2025-01-07,57.78,2.118,4048.2,20,0
M005,PUMP,2025-01-08,60.53,3.545,4056.9,21,0
M005,PUMP,2025-01-09,62.77,2.669,4074.9,22,0
M005,PUMP,2025-01-10,59.36,2.487,4085.1,23,0
M005,PUMP,2025-01-11,57.04,2.687,4100.8,24,0
M005,PUMP,2025-01-12,51.72,2.354,4117.2,25,0
M005,PUMP,2025-01-13,64.39,2.556,4127.3,0,0
M005,PUMP,2025-01-14,57.04,1.876,4143.6,1,0
M005,PUMP,2025-01-15,57.87,2.06,4151.1,2,0
M005,PUMP,2025-01-16,59.24,2.382,4161.4,3,0
M005,PUMP,2025-01-17,59.56,2.292,4170.7,4,0
M005,PUMP,2025-01-18,61.35,3.045,4190.5,5,0
M005,PUMP,2025-01-19,55.24,1.842,4204.1,6,0
M005,PUMP,2025-01-20,64.47,2.319,4212.9,7,0
M005,PUMP,2025-01-21,63.05,2.416,4227.8,8,0
M005,PUMP,2025-01-22,60.4,2.605,4240.7,9,0
M005,PUMP,2025-01-23,61.3,2.218,4249.6,10,0
M005,PUMP,2025-01-24,62.25,2.888,4266.4,11,0
M005,PUMP,2025-01-25,59.1,2.482,4283.5,12,0
M005,PUMP,2025-01-26,66.09,2.835,4299.1,13,0
M005,PUMP,2025-01-27,63.73,2.546,4316.6,14,0
M005,PUMP,2025-01-28,58.96,2.404,4326.6,15,0
M005,PUMP,2025-01-29,56.04,2.429,4344.6,16,0
M005,PUMP,2025-01-30,59.02,2.496,4356.4,17,0
M005,PUMP,2025-01-31,55.99,2.469,4372.8,18,0
M005,PUMP,2025-02-01,60.57,2.304,4379.8,19,0
M005,PUMP,2025-02-02,60.88,2.503,4389.0,20,0
M005,PUMP,2025-02-03,56.77,2.259,4399.9,21,0
M005,PUMP,2025-02-04,59.44,2.284,4412.4,22,0
M005,PUMP,2025-02-05,59.61,2.362,4431.4,23,0
M005,PUMP,2025-02-06,60.95,2.607,4442.7,24,0
M005,PUMP,2025-02-07,60.81,3.03,4449.6,25,0
M005,PUMP,2025-02-08,64.31,1.727,4462.9,26,0
M005,PUMP,2025-02-09,63.38,2.771,4469.1,27,0
M005,PUMP,2025-02-10,64.21,2.744,4477.5,28,0
M005,PUMP,2025-02-11,56.55,1.937,4485.7,29,0
M005,PUMP,2025-02-12,61.62,3.005,4500.9,0,0
M005,PUMP,2025-02-13,60.41,2.907,4517.5,1,0
M005,PUMP,2025-02-14,65.43,2.424,4527.3,2,0
M005,PUMP,2025-02-15,56.23,2.624,4541.7,3,0
M005,PUMP,2025-02-16,62.55,2.445,4554.8,4,0
M005,PUMP,2025-02-17,66.23,2.997,4562.6,5,0
M005,PUMP,2025-02-18,61.53,2.861,4579.8,6,0
M005,PUMP,2025-02-19,66.56,2.686,4596.3,7,0
M005,PUMP,2025-02-20,63.89,2.54,4608.7,8,0
M005,PUMP,2025-02-21,61.39,2.022,4618.5,9,0
M005,PUMP,2025-02-22,61.84,2.685,4630.9,10,0
M005,PUMP,2025-02-23,62.0,2.744,4647.4,11,0
M005,PUMP,2025-02-24,58.62,2.477,4657.0,12,0
M005,PUMP,2025-02-25,62.81,2.429,4674.6,13,0
M005,PUMP,2025-02-26,56.29,2.908,4693.1,14,0
M005,PUMP,2025-02-27,58.68,3.071,4708.5,15,0
M005,PUMP,2025-02-28,58.59,2.726,4722.5,16,0
M005,PUMP,2025-03-01,63.48,2.216,4739.8,17,0
M005,PUMP,2025-03-02,59.96,2.433,4753.8,18,0
M005,PUMP,2025-03-03,56.95,2.415,4760.1,19,0
M005,PUMP,2025-03-04,59.43,2.487,4767.3,20,0
M005,PUMP,2025-03-05,60.72,2.669,4777.6,21,0
M005,PUMP,2025-03-06,59.39,2.502,4796.7,22,0
M005,PUMP,2025-03-07,60.75,2.866,4810.9,23,0
M005,PUMP,2025-03-08,65.31,2.328,4822.3,24,0
M005,PUMP,2025-03-09,63.16,2.57,4833.6,25,0
M005,PUMP,2025-03-10,61.1,1.765,4842.6,26,0
M005,PUMP,2025-03-11,59.1,1.475,4860.6,27,0
M005,PUMP,2025-03-12,62.08,3.059,4867.4,28,0
M005,PUMP,2025-03-13,58.69,2.871,4885.5,29,0
M005,PUMP,2025-03-14,60.0,2.053,4901.1,30,0
M005,PUMP,2025-03-15,60.29,2.238,4917.6,31,0
M005,PUMP,2025-03-16,56.38,2.631,4933.5,32,0
M005,PUMP,2025-03-17,62.86,2.666,4941.9,33,0
M005,PUMP,2025-03-18,59.46,2.056,4954.2,34,0
M005,PUMP,2025-03-19,60.13,2.695,4967.1,35,0
M005,PUMP,2025-03-20,60.72,2.097,4976.9,0,0
M005,PUMP,2025-03-21,60.51,2.395,4984.3,1,0
M005,PUMP,2025-03-22,57.58,2.448,4998.8,2,0
M005,PUMP,2025-03-23,62.43,2.123,5013.1,3,0
M005,PUMP,2025-03-24,61.89,2.218,5023.1,4,0
M005,PUMP,2025-03-25,60.76,2.787,5042.8,5,0
M005,PUMP,2025-03-26,58.94,2.198,5054.9,6,0
M005,PUMP,2025-03-27,61.03,2.608,5074.0,7,0
M005,PUMP,2025-03-28,64.3,2.59,5085.8,8,0
M005,PUMP,2025-03-29,57.96,2.487,5105.0,9,0
M005,PUMP,2025-03-30,63.7,1.612,5124.8,10,0
M005,PUMP,2025-03-31,58.77,2.331,5139.6,11,0
M005,PUMP,2025-04-01,57.69,2.046,5155.1,12,0
M005,PUMP,2025-04-02,61.79,2.305,5163.1,13,0
M005,PUMP,2025-04-03,59.91,2.203,5173.4,14,0
M005,PUMP,2025-04-04,58.92,2.605,5187.5,15,0
M005,PUMP,2025-04-05,56.76,2.106,5193.5,16,0
M005,PUMP,2025-04-06,60.94,2.487,5205.1,17,0
M005,PUMP,2025-04-07,57.41,2.016,5213.7,18,0
M005,PUMP,2025-04-08,60.65,2.507,5229.0,19,0
M005,PUMP,2025-04-09,61.18,1.825,5246.8,20,0
M005,PUMP,2025-04-10,60.05,2.377,5259.4,21,0
M005,PUMP,2025-04-11,50.03,1.986,5277.1,22,0
M005,PUMP,2025-04-12,60.62,2.408,5284.9,23,0
M005,PUMP,2025-04-13,64.69,2.404,5292.6,24,0
M005,PUMP,2025-04-14,65.19,2.526,5305.8,25,0
M005,PUMP,2025-04-15,56.3,2.731,5319.5,26,0
M005,PUMP,2025-04-16,57.32,2.641,5333.5,27,0
M005,PUMP,2025-04-17,58.18,2.311,5351.1,28,0
M005,PUMP,2025-04-18,60.2,2.656,5359.1,29,0
M005,PUMP,2025-04-19,59.09,2.759,5375.3,0,0
M005,PUMP,2025-04-20,61.56,2.158,5384.4,1,0
M005,PUMP,2025-04-21,57.48,2.19,5390.4,2,0
M005,PUMP,2025-04-22,61.6,2.93,5406.9,3,0
M005,PUMP,2025-04-23,53.74,2.295,5414.2,4,0
M005,PUMP,2025-04-24,57.19,2.266,5423.6,5,0
M005,PUMP,2025-04-25,53.29,1.758,5440.2,6,0
M005,PUMP,2025-04-26,64.12,2.713,5453.4,7,0
M005,PUMP,2025-04-27,59.48,2.713,5469.3,8,0
M005,PUMP,2025-04-28,58.2,2.111,5482.4,9,0
M005,PUMP,2025-04-29,58.87,3.209,5499.3,10,0
M005,PUMP,2025-04-30,62.17,2.341,5518.3,11,0
M005,PUMP,2025-05-01,55.34,2.394,5525.0,12,0
M005,PUMP,2025-05-02,60.39,2.53,5533.6,13,0
M005,PUMP,2025-05-03,63.66,2.329,5545.1,14,0
M005,PUMP,2025-05-04,65.74,2.802,5554.1,15,0
M005,PUMP,2025-05-05,59.47,2.734,5561.0,16,0
M005,PUMP,2025-05-06,58.7,3.048,5568.2,17,0
M005,PUMP,2025-05-07,57.89,2.078,5574.6,18,0
M005,PUMP,2025-05-08,63.63,3.096,5589.8,19,0
M005,PUMP,2025-05-09,62.62,1.978,5604.2,20,0
M005,PUMP,2025-05-10,57.33,2.834,5614.1,21,0
M005,PUMP,2025-05-11,62.63,3.015,5634.0,22,0
M005,PUMP,2025-05-12,58.71,2.213,5651.9,23,0
M005,PUMP,2025-05-13,62.99,2.337,5671.0,24,0
M005,PUMP,2025-05-14,59.77,2.745,5679.7,25,0
M005,PUMP,2025-05-15,62.39,2.155,5689.6,26,0
M005,PUMP,2025-05-16,62.55,2.463,5698.2,27,0
M005,PUMP,2025-05-17,60.79,2.754,5708.0,28,0
M005,PUMP,2025-05-18,57.15,3.112,5719.7,29,0
M005,PUMP,2025-05-19,63.41,2.113,5729.5,0,0
M005,PUMP,2025-05-20,59.06,2.193,5741.5,1,0
M005,PUMP,2025-05-21,60.07,2.803,5754.3,2,0
M005,PUMP,2025-05-22,61.89,2.013,5764.5,3,0
M005,PUMP,2025-05-23,65.44,3.344,5778.7,4,0
M005,PUMP,2025-05-24,62.06,2.822,5787.7,5,0
M005,PUMP,2025-05-25,60.92,3.029,5805.9,6,0
M005,PUMP,2025-05-26,67.61,3.15,5817.5,7,0
M005,PUMP,2025-05-27,65.13,3.141,5831.6,8,0
M005,PUMP,2025-05-28,72.21,3.449,5838.1,9,0
M005,PUMP,2025-05-29,63.19,3.286,5846.5,10,0
M005,PUMP,2025-05-30,69.07,3.251,5863.9,11,0
M005,PUMP,2025-05-31,65.99,3.194,5871.6,12,0
M005,PUMP,2025-06-01,62.63,3.538,5891.4,13,0
M005,PUMP,2025-06-02,71.94,2.756,5902.4,14,0
M005,PUMP,2025-06-03,70.08,4.321,5913.4,15,0
M005,PUMP,2025-06-04,65.75,3.806,5931.0,16,0
M005,PUMP,2025-06-05,77.7,3.74,5940.1,17,0
M005,PUMP,2025-06-06,73.7,3.245,5956.8,18,0
M005,PUMP,2025-06-07,64.14,3.703,5975.9,19,0
M005,PUMP,2025-06-08,71.33,4.132,5987.7,20,0
M005,PUMP,2025-06-09,74.56,3.769,5999.5,21,0
M005,PUMP,2025-06-10,81.58,5.082,6010.1,22,0
M005,PUMP,2025-06-11,73.77,4.565,6019.5,23,1
M005,PUMP,2025-06-12,80.1,4.399,6034.7,24,1
M005,PUMP,2025-06-13,70.77,4.809,6050.3,25,1
M005,PUMP,2025-06-14,77.55,4.259,6062.4,26,1
M005,PUMP,2025-06-15,76.25,4.333,6073.4,27,1
M005,PUMP,2025-06-16,93.13,5.923,6083.3,28,1
M005,PUMP,2025-06-17,73.21,4.403,6091.4,29,1
M005,PUMP,2025-06-18,59.72,2.315,6099.8,30,0
M006,CNC_MILL,2025-01-01,60.26,2.006,950.2,8,0
M006,CNC_MILL,2025-01-02,48.23,1.801,960.6,9,0
M006,CNC_MILL,2025-01-03,59.39,1.832,974.1,10,0
M006,CNC_MILL,2025-01-04,53.53,2.405,986.3,11,0
M006,CNC_MILL,2025-01-05,55.76,1.888,999.3,12,0
M006,CNC_MILL,2025-01-06,54.83,2.366,1012.5,13,0
M006,CNC_MILL,2025-01-07,54.57,2.061,1030.9,14,0
M006,CNC_MILL,2025-01-08,56.61,2.249,1046.6,15,0
M006,CNC_MILL,2025-01-09,52.83,1.801,1064.6,16,0
M006,CNC_MILL,2025-01-10,51.78,1.948,1076.0,17,0
M006,CNC_MILL,2025-01-11,59.46,1.927,1095.9,18,0
M006,CNC_MILL,2025-01-12,58.85,2.326,1103.6,19,0
M006,CNC_MILL,2025-01-13,54.41,2.285,1116.6,20,0
M006,CNC_MILL,2025-01-14,54.1,1.637,1133.2,21,0
M006,CNC_MILL,2025-01-15,57.83,2.333,1143.9,22,0
M006,CNC_MILL,2025-01-16,53.26,1.933,1153.2,23,0
M006,CNC_MILL,2025-01-17,51.76,1.732,1163.2,24,0
M006,CNC_MILL,2025-01-18,54.58,2.222,1169.9,25,0
M006,CNC_MILL,2025-01-19,54.53,1.992,1187.9,26,0
M006,CNC_MILL,2025-01-20,54.73,1.989,1202.1,27,0
M006,CNC_MILL,2025-01-21,54.64,2.005,1209.0,28,0
M006,CNC_MILL,2025-01-22,56.42,1.92,1220.2,29,0
M006,CNC_MILL,2025-01-23,51.51,1.907,1229.3,30,0
M006,CNC_MILL,2025-01-24,56.91,1.835,1248.4,31,0
M006,CNC_MILL,2025-01-25,50.67,2.257,1258.3,32,0
M006,CNC_MILL,2025-01-26,46.28,1.888,1269.0,0,0
M006,CNC_MILL,2025-01-27,56.51,2.553,1278.0,1,0
M006,CNC_MILL,2025-01-28,53.18,2.137,1286.1,2,0
M006,CNC_MILL,2025-01-29,51.87,1.479,1293.8,3,0
M006,CNC_MILL,2025-01-30,59.7,1.742,1302.5,4,0
M006,CNC_MILL,2025-01-31,51.99,1.774,1314.3,5,0
M006,CNC_MILL,2025-02-01,55.84,2.109,1322.3,6,0
M006,CNC_MILL,2025-02-02,56.4,2.624,1329.4,7,0
M006,CNC_MILL,2025-02-03,53.87,1.938,1349.3,8,0
M006,CNC_MILL,2025-02-04,51.9,2.004,1357.7,9,0
M006,CNC_MILL,2025-02-05,58.16,2.067,1367.7,10,0
M006,CNC_MILL,2025-02-06,49.95,1.381,1382.4,11,0
M006,CNC_MILL,2025-02-07,61.68,2.003,1388.7,12,0
M006,CNC_MILL,2025-02-08,53.03,1.882,1396.1,13,0
M006,CNC_MILL,2025-02-09,56.99,1.783,1405.7,14,0
M006,CNC_MILL,2025-02-10,53.64,2.268,1421.1,15,0
M006,CNC_MILL,2025-02-11,51.98,1.897,1427.4,16,0
M006,CNC_MILL,2025-02-12,51.85,2.227,1442.1,17,0
M006,CNC_MILL,2025-02-13,51.24,2.23,1457.3,18,0
M006,CNC_MILL,2025-02-14,58.22,2.098,1463.9,19,0
M006,CNC_MILL,2025-02-15,50.22,2.508,1471.7,20,0
M006,CNC_MILL,2025-02-16,58.59,2.143,1489.4,21,0
M006,CNC_MILL,2025-02-17,51.79,2.573,1503.1,22,0
M006,CNC_MILL,2025-02-18,55.66,2.023,1509.8,23,0
M006,CNC_MILL,2025-02-19,51.5,2.096,1516.2,24,0
M006,CNC_MILL,2025-02-20,58.65,2.05,1524.0,25,0
M006,CNC_MILL,2025-02-21,54.48,2.232,1532.0,26,0
M006,CNC_MILL,2025-02-22,50.22,2.262,1549.7,27,0
M006,CNC_MILL,2025-02-23,54.65,2.076,1555.7,28,0
M006,CNC_MILL,2025-02-24,56.96,1.659,1570.6,29,0
M006,CNC_MILL,2025-02-25,53.31,1.979,1586.2,30,0
M006,CNC_MILL,2025-02-26,57.0,2.582,1597.0,31,0
M006,CNC_MILL,2025-02-27,55.69,2.194,1604.4,32,0
M006,CNC_MILL,2025-02-28,50.96,2.277,1614.6,33,0
M006,CNC_MILL,2025-03-01,51.11,1.773,1620.8,0,0
M006,CNC_MILL,2025-03-02,55.37,2.277,1638.1,1,0
M006,CNC_MILL,2025-03-03,50.32,2.451,1647.5,2,0
M006,CNC_MILL,2025-03-04,53.12,1.914,1656.0,3,0
M006,CNC_MILL,2025-03-05,54.8,2.098,1663.2,4,0
M006,CNC_MILL,2025-03-06,53.31,2.304,1673.5,5,0
M006,CNC_MILL,2025-03-07,58.44,1.99,1687.8,6,0
M006,CNC_MILL,2025-03-08,56.02,1.719,1695.6,7,0
M006,CNC_MILL,2025-03-09,58.3,2.318,1712.1,8,0
M006,CNC_MILL,2025-03-10,55.35,1.949,1727.6,9,0
M006,CNC_MILL,2025-03-11,59.33,1.988,1736.8,10,0
M006,CNC_MILL,2025-03-12,54.84,1.705,1751.0,11,0
M006,CNC_MILL,2025-03-13,55.59,1.729,1764.6,12,0
M006,CNC_MILL,2025-03-14,54.78,1.951,1783.7,13,0
M006,CNC_MILL,2025-03-15,60.91,1.994,1793.2,14,0
M006,CNC_MILL,2025-03-16,52.1,2.128,1812.9,15,0
M006,CNC_MILL,2025-03-17,59.77,2.172,1824.0,16,0
M006,CNC_MILL,2025-03-18,58.03,2.225,1834.7,17,0
M006,CNC_MILL,2025-03-19,53.88,1.953,1851.5,18,0
M006,CNC_MILL,2025-03-20,52.11,2.489,1868.0,19,0
M006,CNC_MILL,2025-03-21,52.06,1.565,1881.7,20,0
M006,CNC_MILL,2025-03-22,55.65,1.706,1901.3,21,0
M006,CNC_MILL,2025-03-23,55.0,1.783,1908.8,22,0
M006,CNC_MILL,2025-03-24,51.54,1.494,1916.4,23,0
M006,CNC_MILL,2025-03-25,52.57,2.666,1928.0,24,0
M006,CNC_MILL,2025-03-26,53.05,2.123,1936.7,25,0
M006,CNC_MILL,2025-03-27,62.33,1.837,1950.9,26,0
M006,CNC_MILL,2025-03-28,53.79,2.219,1959.2,0,0
M006,CNC_MILL,2025-03-29,55.33,1.875,1974.9,1,0
M006,CNC_MILL,2025-03-30,61.5,2.357,1993.1,2,0
M006,CNC_MILL,2025-03-31,54.01,1.846,2003.3,3,0
M006,CNC_MILL,2025-04-01,55.37,1.762,2022.0,4,0
M006,CNC_MILL,2025-04-02,58.19,2.05,2033.2,5,0
M006,CNC_MILL,2025-04-03,56.52,2.447,2050.8,6,0
M006,CNC_MILL,2025-04-04,50.82,1.697,2059.5,7,0
M006,CNC_MILL,2025-04-05,52.05,1.514,2074.0,8,0
M006,CNC_MILL,2025-04-06,62.9,2.16,2093.1,9,0
M006,CNC_MILL,2025-04-07,59.14,1.975,2112.4,10,0
M006,CNC_MILL,2025-04-08,53.23,2.253,2120.2,11,0
M006,CNC_MILL,2025-04-09,54.11,2.021,2127.9,12,0
M006,CNC_MILL,2025-04-10,57.52,2.062,2139.2,13,0
M006,CNC_MILL,2025-04-11,54.21,1.591,2148.0,14,0
M006,CNC_MILL,2025-04-12,58.42,1.832,2161.8,15,0
M006,CNC_MILL,2025-04-13,54.83,2.22,2174.0,16,0
M006,CNC_MILL,2025-04-14,54.67,2.036,2185.8,17,0
M006,CNC_MILL,2025-04-15,58.31,2.581,2194.4,18,0
M006,CNC_MILL,2025-04-16,59.2,2.166,2207.8,19,0
M006,CNC_MILL,2025-04-17,48.47,2.222,2222.5,20,0
M006,CNC_MILL,2025-04-18,56.29,1.809,2231.9,21,0
M006,CNC_MILL,2025-04-19,54.62,1.832,2245.1,22,0
M006,CNC_MILL,2025-04-20,53.97,2.173,2253.8,23,0
M006,CNC_MILL,2025-04-21,52.82,2.003,2260.8,24,0
M006,CNC_MILL,2025-04-22,58.04,2.053,2274.6,25,0
M006,CNC_MILL,2025-04-23,56.83,2.157,2293.3,26,0
M006,CNC_MILL,2025-04-24,53.76,2.04,2312.5,27,0
M006,CNC_MILL,2025-04-25,48.81,1.415,2331.6,28,0
M006,CNC_MILL,2025-04-26,56.94,2.223,2347.1,0,0
M006,CNC_MILL,2025-04-27,55.96,2.039,2355.1,1,0
M006,CNC_MILL,2025-04-28,54.21,1.85,2370.5,2,0
M006,CNC_MILL,2025-04-29,58.44,1.781,2382.3,3,0
M006,CNC_MILL,2025-04-30,53.95,2.018,2402.2,4,0
M006,CNC_MILL,2025-05-01,55.33,2.152,2418.4,5,0
M006,CNC_MILL,2025-05-02,54.92,1.694,2426.8,6,0
M006,CNC_MILL,2025-05-03,56.49,1.839,2442.2,7,0
M006,CNC_MILL,2025-05-04,57.45,1.986,2449.3,8,0
M006,CNC_MILL,2025-05-05,59.4,2.381,2467.1,9,0
M006,CNC_MILL,2025-05-06,56.51,1.896,2484.7,10,0
M006,CNC_MILL,2025-05-07,61.92,1.946,2501.1,11,0
M006,CNC_MILL,2025-05-08,58.66,1.737,2512.9,12,0
M006,CNC_MILL,2025-05-09,56.3,2.143,2531.1,13,0
M006,CNC_MILL,2025-05-10,53.35,2.623,2546.5,14,0
M006,CNC_MILL,2025-05-11,58.85,2.19,2566.4,15,0
M006,CNC_MILL,2025-05-12,59.1,1.649,2579.2,16,0
M006,CNC_MILL,2025-05-13,59.49,2.557,2587.5,17,0
M006,CNC_MILL,2025-05-14,61.29,2.478,2596.4,18,0
M006,CNC_MILL,2025-05-15,53.39,2.215,2609.0,19,0
M006,CNC_MILL,2025-05-16,50.14,2.13,2624.8,20,0
M006,CNC_MILL,2025-05-17,51.1,1.888,2638.0,21,0
M006,CNC_MILL,2025-05-18,51.67,1.989,2647.6,22,0
M006,CNC_MILL,2025-05-19,52.21,2.17,2658.1,23,0
M006,CNC_MILL,2025-05-20,49.48,1.99,2674.4,24,0
M006,CNC_MILL,2025-05-21,52.96,1.907,2682.2,25,0
M006,CNC_MILL,2025-05-22,52.33,2.413,2689.9,26,0
M006,CNC_MILL,2025-05-23,54.89,2.015,2696.2,27,0
M006,CNC_MILL,2025-05-24,49.88,2.245,2711.0,28,0
M006,CNC_MILL,2025-05-25,50.4,2.252,2720.6,29,0
M006,CNC_MILL,2025-05-26,53.28,1.763,2729.4,30,0
M006,CNC_MILL,2025-05-27,56.57,1.45,2743.6,0,0
M006,CNC_MILL,2025-05-28,52.82,2.06,2750.8,1,0
M006,CNC_MILL,2025-05-29,57.24,2.285,2764.9,2,0
M006,CNC_MILL,2025-05-30,58.7,1.508,2776.4,3,0
M006,CNC_MILL,2025-05-31,58.21,2.181,2795.4,4,0
M006,CNC_MILL,2025-06-01,56.99,1.421,2811.3,5,0
M006,CNC_MILL,2025-06-02,60.71,2.226,2826.8,6,0
M006,CNC_MILL,2025-06-03,53.81,1.905,2841.8,7,0
M006,CNC_MILL,2025-06-04,49.56,1.682,2860.5,8,0
M006,CNC_MILL,2025-06-05,52.66,2.325,2872.3,9,0
M006,CNC_MILL,2025-06-06,55.1,2.033,2891.4,10,0
M006,CNC_MILL,2025-06-07,57.6,1.915,2899.5,11,0
M006,CNC_MILL,2025-06-08,53.8,1.954,2908.0,12,0
M006,CNC_MILL,2025-06-09,60.78,1.686,2924.2,13,0
M006,CNC_MILL,2025-06-10,52.94,1.466,2939.2,14,0
M006,CNC_MILL,2025-06-11,53.5,1.575,2949.0,15,0
M006,CNC_MILL,2025-06-12,56.45,2.16,2959.5,16,0
M006,CNC_MILL,2025-06-13,53.98,2.111,2978.9,17,0
M006,CNC_MILL,2025-06-14,54.2,2.139,2996.3,18,0
M006,CNC_MILL,2025-06-15,57.97,1.824,3014.6,19,0
M006,CNC_MILL,2025-06-16,53.31,2.127,3030.2,20,0
M006,CNC_MILL,2025-06-17,51.6,2.369,3043.2,21,0
M006,CNC_MILL,2025-06-18,51.86,2.009,3053.6,22,0
M006,CNC_MILL,2025-06-19,52.5,1.967,3069.2,23,0
M006,CNC_MILL,2025-06-20,57.19,2.177,3088.4,24,0
M006,CNC_MILL,2025-06-21,56.21,1.783,3104.8,25,0
M006,CNC_MILL,2025-06-22,59.42,2.399,3115.1,26,0
M006,CNC_MILL,2025-06-23,54.39,2.542,3133.0,27,0
M006,CNC_MILL,2025-06-24,56.51,1.856,3148.4,0,0
M006,CNC_MILL,2025-06-25,56.81,1.745,3161.6,1,0
M006,CNC_MILL,2025-06-26,58.83,1.954,3179.2,2,0
M006,CNC_MILL,2025-06-27,54.55,2.2,3191.8,3,0
M006,CNC_MILL,2025-06-28,52.07,2.422,3210.1,4,0
M006,CNC_MILL,2025-06-29,54.34,1.722,3228.5,5,0
M007,CONVEYOR,2025-01-01,41.52,0.992,3571.0,4,0
M007,CONVEYOR,2025-01-02,41.99,1.054,3582.6,5,0
M007,CONVEYOR,2025-01-03,40.85,1.208,3593.7,6,0
M007,CONVEYOR,2025-01-04,37.43,1.222,3602.1,7,0
M007,CONVEYOR,2025-01-05,40.03,1.41,3615.2,8,0
M007,CONVEYOR,2025-01-06,39.7,1.072,3627.8,9,0
M007,CONVEYOR,2025-01-07,41.99,1.541,3639.6,10,0
M007,CONVEYOR,2025-01-08,38.32,1.281,3649.5,11,0
M007,CONVEYOR,2025-01-09,40.4,1.308,3665.9,12,0
M007,CONVEYOR,2025-01-10,39.99,1.204,3684.8,13,0
M007,CONVEYOR,2025-01-11,42.23,0.811,3697.5,14,0
M007,CONVEYOR,2025-01-12,38.57,1.304,3705.2,15,0
M007,CONVEYOR,2025-01-13,40.75,1.326,3714.5,16,0
M007,CONVEYOR,2025-01-14,40.07,0.992,3725.4,17,0
M007,CONVEYOR,2025-01-15,41.73,1.4,3734.6,18,0
M007,CONVEYOR,2025-01-16,41.53,1.037,3744.5,19,0
M007,CONVEYOR,2025-01-17,42.51,1.11,3755.3,20,0
M007,CONVEYOR,2025-01-18,41.92,1.314,3773.5,21,0
M007,CONVEYOR,2025-01-19,39.58,1.501,3793.4,22,0
M007,CONVEYOR,2025-01-20,40.5,0.875,3813.3,23,0
M007,CONVEYOR,2025-01-21,39.17,1.329,3826.8,24,0
M007,CONVEYOR,2025-01-22,41.33,1.089,3837.5,25,0
M007,CONVEYOR,2025-01-23,40.23,0.977,3846.1,26,0
M007,CONVEYOR,2025-01-24,38.2,0.799,3865.8,27,0
M007,CONVEYOR,2025-01-25,38.56,1.138,3885.1,28,0
M007,CONVEYOR,2025-01-26,42.25,0.96,3902.9,0,0
M007,CONVEYOR,2025-01-27,38.22,1.264,3909.9,1,0
M007,CONVEYOR,2025-01-28,39.82,0.942,3926.2,2,0
M007,CONVEYOR,2025-01-29,40.51,1.152,3932.4,3,0
M007,CONVEYOR,2025-01-30,39.32,1.2,3949.7,4,0
M007,CONVEYOR,2025-01-31,38.72,1.022,3959.7,5,0
M007,CONVEYOR,2025-02-01,44.27,0.947,3975.5,6,0
M007,CONVEYOR,2025-02-02,40.07,0.806,3992.7,7,0
M007,CONVEYOR,2025-02-03,38.01,1.284,4006.3,8,0
M007,CONVEYOR,2025-02-04,38.73,1.333,4014.9,9,0
M007,CONVEYOR,2025-02-05,39.23,1.175,4023.4,10,0
M007,CONVEYOR,2025-02-06,40.81,1.09,4031.0,11,0
M007,CONVEYOR,2025-02-07,43.18,1.119,4041.8,12,0
M007,CONVEYOR,2025-02-08,43.99,1.567,4054.1,13,0
M007,CONVEYOR,2025-02-09,44.0,1.414,4061.0,14,0
M007,CONVEYOR,2025-02-10,46.15,1.499,4080.0,15,0
M007,CONVEYOR,2025-02-11,43.03,1.127,4097.4,16,0
M007,CONVEYOR,2025-02-12,43.91,1.399,4112.6,17,0
M007,CONVEYOR,2025-02-13,46.19,1.865,4128.4,18,0
M007,CONVEYOR,2025-02-14,45.76,1.736,4137.1,19,0
M007,CONVEYOR,2025-02-15,38.22,1.389,4150.3,20,0
M007,CONVEYOR,2025-02-16,48.12,1.265,4156.7,21,0
M007,CONVEYOR,2025-02-17,46.37,1.789,4167.7,22,0
M007,CONVEYOR,2025-02-18,46.2,1.238,4176.6,23,0
M007,CONVEYOR,2025-02-19,46.05,1.606,4184.3,24,0
M007,CONVEYOR,2025-02-20,44.25,1.612,4198.3,25,0
M007,CONVEYOR,2025-02-21,44.1,1.98,4210.5,26,0
M007,CONVEYOR,2025-02-22,43.2,1.824,4218.9,27,0
M007,CONVEYOR,2025-02-23,43.89,1.947,4237.3,28,0
M007,CONVEYOR,2025-02-24,51.44,1.926,4244.0,29,0
M007,CONVEYOR,2025-02-25,43.94,1.883,4262.2,30,0
M007,CONVEYOR,2025-02-26,55.84,1.877,4271.9,31,0
M007,CONVEYOR,2025-02-27,47.84,0.97,4282.8,32,0
M007,CONVEYOR,2025-02-28,43.99,2.159,4294.8,0,0
M007,CONVEYOR,2025-03-01,54.8,1.951,4305.9,1,1
M007,CONVEYOR,2025-03-02,52.85,2.537,4316.7,2,1
M007,CONVEYOR,2025-03-03,53.24,2.239,4328.2,3,1
M007,CONVEYOR,2025-03-04,57.15,1.459,4340.7,4,1
M007,CONVEYOR,2025-03-05,48.29,2.357,4357.2,5,1
M007,CONVEYOR,2025-03-06,53.95,1.852,4370.0,6,1
M007,CONVEYOR,2025-03-07,50.21,2.143,4383.4,7,1
M007,CONVEYOR,2025-03-08,42.45,1.291,4393.6,8,0
M008,PRESS,2025-01-01,65.55,3.836,3294.3,2,0
M008,PRESS,2025-01-02,68.01,2.525,3312.1,3,0
M008,PRESS,2025-01-03,66.9,2.712,3326.5,4,0
M008,PRESS,2025-01-04,68.13,3.177,3338.3,5,0
M008,PRESS,2025-01-05,70.0,2.467,3345.3,6,0
M008,PRESS,2025-01-06,63.6,2.691,3362.7,7,0
M008,PRESS,2025-01-07,65.97,2.462,3376.9,8,0
M008,PRESS,2025-01-08,67.15,3.171,3385.4,9,0
M008,PRESS,2025-01-09,67.06,2.666,3398.9,10,0
M008,PRESS,2025-01-10,63.27,2.709,3412.2,11,0
M008,PRESS,2025-01-11,67.52,2.249,3430.2,12,0
M008,PRESS,2025-01-12,60.65,2.642,3445.9,13,0
M008,PRESS,2025-01-13,58.24,3.077,3452.7,14,0
M008,PRESS,2025-01-14,63.53,2.718,3466.1,15,0
M008,PRESS,2025-01-15,69.13,3.405,3484.7,16,0
M008,PRESS,2025-01-16,66.42,3.077,3501.4,17,0
M008,PRESS,2025-01-17,62.81,2.597,3514.2,18,0
M008,PRESS,2025-01-18,77.61,2.551,3524.9,19,0
M008,PRESS,2025-01-19,67.21,2.781,3533.5,20,0
M008,PRESS,2025-01-20,72.69,2.69,3545.6,21,0
M008,PRESS,2025-01-21,67.2,2.922,3564.5,22,0
M008,PRESS,2025-01-22,69.04,2.619,3582.2,23,0
M008,PRESS,2025-01-23,68.4,2.822,3588.8,24,0
M008,PRESS,2025-01-24,71.57,3.144,3601.6,25,0
M008,PRESS,2025-01-25,60.26,3.503,3610.1,26,0
M008,PRESS,2025-01-26,54.18,2.748,3617.2,27,0
M008,PRESS,2025-01-27,63.05,3.253,3625.9,28,0
M008,PRESS,2025-01-28,63.33,3.448,3645.6,29,0
M008,PRESS,2025-01-29,63.23,3.528,3657.6,30,0
M008,PRESS,2025-01-30,69.71,2.915,3667.2,0,0
M008,PRESS,2025-01-31,71.33,2.421,3685.3,1,0
M008,PRESS,2025-02-01,60.06,2.551,3692.8,2,0
M008,PRESS,2025-02-02,62.99,2.435,3712.7,3,0
M008,PRESS,2025-02-03,71.39,3.321,3722.7,4,0
M008,PRESS,2025-02-04,60.43,3.403,3731.5,5,0
M008,PRESS,2025-02-05,67.07,2.911,3738.3,6,0
M008,PRESS,2025-02-06,65.73,2.492,3746.6,7,0
M008,PRESS,2025-02-07,60.75,2.722,3759.8,8,0
M008,PRESS,2025-02-08,65.96,3.16,3773.3,9,0
M008,PRESS,2025-02-09,62.05,3.073,3788.8,10,0
M008,PRESS,2025-02-10,65.88,2.596,3805.6,11,0
M008,PRESS,2025-02-11,66.32,3.336,3824.1,12,0
M008,PRESS,2025-02-12,61.34,2.545,3842.0,13,0
M008,PRESS,2025-02-13,68.05,3.451,3852.2,14,0
M008,PRESS,2025-02-14,63.47,2.584,3861.1,15,0
M008,PRESS,2025-02-15,63.22,3.045,3871.7,16,0
M008,PRESS,2025-02-16,63.52,2.358,3889.5,17,0
M008,PRESS,2025-02-17,63.84,2.855,3906.3,18,0
M008,PRESS,2025-02-18,66.59,3.175,3916.8,19,0
M008,PRESS,2025-02-19,70.24,2.91,3935.2,20,0
M008,PRESS,2025-02-20,68.44,3.032,3946.6,21,0
M008,PRESS,2025-02-21,60.61,3.568,3965.7,22,0
M008,PRESS,2025-02-22,60.0,3.226,3980.5,23,0
M008,PRESS,2025-02-23,67.6,3.324,3987.4,24,0
M008,PRESS,2025-02-24,62.04,2.742,4006.8,25,0
M008,PRESS,2025-02-25,64.47,2.851,4018.4,26,0
M008,PRESS,2025-02-26,63.82,3.543,4036.6,27,0
M008,PRESS,2025-02-27,66.18,3.666,4051.8,0,0
M008,PRESS,2025-02-28,62.65,3.567,4066.3,1,0
M008,PRESS,2025-03-01,61.77,2.601,4085.2,2,0
M008,PRESS,2025-03-02,64.03,2.244,4093.6,3,0
M008,PRESS,2025-03-03,62.57,2.945,4107.7,4,0
M008,PRESS,2025-03-04,69.42,2.759,4114.8,5,0
M008,PRESS,2025-03-05,58.86,3.215,4133.9,6,0
M008,PRESS,2025-03-06,63.87,3.039,4145.1,7,0
M008,PRESS,2025-03-07,65.6,2.215,4163.0,8,0
M008,PRESS,2025-03-08,67.48,3.655,4180.2,9,0
M008,PRESS,2025-03-09,67.77,2.964,4190.3,10,0
M008,PRESS,2025-03-10,68.18,3.432,4208.4,11,0
M008,PRESS,2025-03-11,61.94,2.986,4222.1,12,0
M008,PRESS,2025-03-12,64.0,3.128,4239.7,13,0
M008,PRESS,2025-03-13,57.55,3.045,4252.3,14,0
M008,PRESS,2025-03-14,69.78,3.626,4260.7,15,0
M008,PRESS,2025-03-15,68.95,2.715,4273.3,16,0
M008,PRESS,2025-03-16,69.57,2.823,4279.4,17,0
M008,PRESS,2025-03-17,63.45,2.941,4291.7,18,0
M008,PRESS,2025-03-18,61.11,3.393,4300.3,19,0
M008,PRESS,2025-03-19,64.61,2.557,4314.8,20,0
M008,PRESS,2025-03-20,57.78,2.852,4328.7,21,0
M008,PRESS,2025-03-21,66.58,3.105,4340.7,22,0
M008,PRESS,2025-03-22,68.59,3.008,4357.7,23,0
M008,PRESS,2025-03-23,65.04,3.224,4370.1,24,0
M008,PRESS,2025-03-24,65.97,2.564,4380.0,25,0
M008,PRESS,2025-03-25,65.44,2.749,4387.2,26,0
M008,PRESS,2025-03-26,61.7,3.533,4394.1,27,0
M008,PRESS,2025-03-27,62.68,2.897,4404.3,28,0
M008,PRESS,2025-03-28,64.36,3.172,4418.3,29,0
M008,PRESS,2025-03-29,63.72,3.01,4427.9,0,0
M008,PRESS,2025-03-30,61.83,3.275,4446.1,1,0
M008,PRESS,2025-03-31,55.43,3.338,4454.4,2,0
M008,PRESS,2025-04-01,62.93,2.881,4464.6,3,0
M008,PRESS,2025-04-02,70.15,2.756,4472.9,4,0
M008,PRESS,2025-04-03,65.71,2.16,4490.1,5,0
M008,PRESS,2025-04-04,62.64,3.279,4499.2,6,0
M008,PRESS,2025-04-05,62.78,2.835,4507.8,7,0
M008,PRESS,2025-04-06,53.38,3.237,4527.4,8,0
M008,PRESS,2025-04-07,68.43,3.142,4536.8,9,0
M008,PRESS,2025-04-08,71.53,3.249,4548.0,10,0
M008,PRESS,2025-04-09,63.43,2.756,4562.1,11,0
M008,PRESS,2025-04-10,68.04,2.883,4581.7,12,0
M008,PRESS,2025-04-11,63.65,2.86,4591.4,13,0
M008,PRESS,2025-04-12,64.47,2.791,4602.4,14,0
M008,PRESS,2025-04-13,65.32,3.067,4608.4,15,0
M008,PRESS,2025-04-14,71.09,3.031,4621.8,16,0
M008,PRESS,2025-04-15,69.64,3.389,4636.3,17,0
M008,PRESS,2025-04-16,63.17,3.074,4650.6,18,0
M008,PRESS,2025-04-17,67.03,2.828,4657.0,19,0
M008,PRESS,2025-04-18,58.12,2.701,4676.2,20,0
M008,PRESS,2025-04-19,58.93,2.964,4685.7,21,0
M008,PRESS,2025-04-20,63.47,2.728,4695.1,22,0
M008,PRESS,2025-04-21,68.2,3.374,4701.2,23,0
M008,PRESS,2025-04-22,59.77,2.361,4720.8,24,0
M008,PRESS,2025-04-23,62.48,3.293,4727.8,25,0
M008,PRESS,2025-04-24,65.18,2.302,4744.7,26,0
M008,PRESS,2025-04-25,60.63,3.199,4753.9,27,0
M008,PRESS,2025-04-26,58.12,2.634,4769.6,28,0
M008,PRESS,2025-04-27,69.56,4.0,4782.0,29,0
M008,PRESS,2025-04-28,72.26,2.28,4788.1,0,0
M008,PRESS,2025-04-29,72.17,3.059,4796.5,1,0
M008,PRESS,2025-04-30,66.3,3.911,4803.2,2,0
M008,PRESS,2025-05-01,57.77,2.82,4822.2,3,0
M008,PRESS,2025-05-02,60.39,2.662,4834.7,4,0
M008,PRESS,2025-05-03,63.37,2.267,4843.0,5,0
M008,PRESS,2025-05-04,67.6,3.233,4859.8,6,0
M008,PRESS,2025-05-05,69.14,3.178,4873.9,7,0
M008,PRESS,2025-05-06,68.23,2.753,4883.4,8,0
M008,PRESS,2025-05-07,62.31,3.089,4895.5,9,0
M008,PRESS,2025-05-08,63.12,2.35,4915.5,10,0
M008,PRESS,2025-05-09,65.77,2.643,4928.3,11,0
M008,PRESS,2025-05-10,55.51,3.817,4935.8,12,0
M008,PRESS,2025-05-11,66.7,3.443,4942.9,13,0
M008,PRESS,2025-05-12,63.38,2.753,4954.2,14,0
M008,PRESS,2025-05-13,64.81,3.192,4967.3,15,0
M008,PRESS,2025-05-14,61.39,3.379,4982.3,16,0
M008,PRESS,2025-05-15,59.51,2.035,4999.3,17,0
M008,PRESS,2025-05-16,58.04,2.579,5005.6,18,0
M008,PRESS,2025-05-17,66.95,3.429,5020.7,19,0
M008,PRESS,2025-05-18,58.39,3.106,5037.5,20,0
M008,PRESS,2025-05-19,62.83,2.971,5048.5,21,0
M008,PRESS,2025-05-20,65.57,2.734,5066.1,22,0
M008,PRESS,2025-05-21,60.77,2.001,5085.1,23,0
M008,PRESS,2025-05-22,62.22,2.388,5104.1,24,0
M008,PRESS,2025-05-23,64.73,3.092,5116.8,25,0
M008,PRESS,2025-05-24,67.29,3.291,5132.6,26,0
M008,PRESS,2025-05-25,64.33,2.812,5147.9,27,0
M008,PRESS,2025-05-26,65.41,2.807,5166.1,28,0
M008,PRESS,2025-05-27,57.88,2.108,5173.2,29,0
M008,PRESS,2025-05-28,76.11,3.016,5181.1,30,0
M008,PRESS,2025-05-29,62.06,2.192,5196.5,0,0
M008,PRESS,2025-05-30,67.21,3.272,5203.2,1,0
M008,PRESS,2025-05-31,57.25,2.695,5216.8,2,0
M008,PRESS,2025-06-01,69.43,3.322,5233.0,3,0
M008,PRESS,2025-06-02,63.03,2.806,5239.8,4,0
M008,PRESS,2025-06-03,65.38,2.763,5257.3,5,0
M008,PRESS,2025-06-04,57.88,3.136,5277.2,6,0
M008,PRESS,2025-06-05,69.75,3.74,5293.6,7,0
M008,PRESS,2025-06-06,66.28,3.266,5303.6,8,0
M008,PRESS,2025-06-07,69.22,2.684,5318.3,9,0
M008,PRESS,2025-06-08,56.42,3.07,5328.9,10,0
M008,PRESS,2025-06-09,72.47,3.497,5345.8,11,0
M008,PRESS,2025-06-10,67.55,3.18,5355.8,12,0
M008,PRESS,2025-06-11,64.81,2.865,5362.3,13,0
M008,PRESS,2025-06-12,60.22,3.114,5378.2,14,0
M008,PRESS,2025-06-13,67.2,2.487,5384.9,15,0
M008,PRESS,2025-06-14,63.16,2.851,5401.5,16,0
M008,PRESS,2025-06-15,60.05,3.27,5409.7,17,0
M008,PRESS,2025-06-16,70.87,3.216,5420.1,18,0
M008,PRESS,2025-06-17,64.37,3.501,5429.7,19,0
M008,PRESS,2025-06-18,67.76,3.106,5438.1,20,0
M008,PRESS,2025-06-19,72.65,3.19,5446.7,21,0
M008,PRESS,2025-06-20,61.29,2.764,5457.0,22,0
M008,PRESS,2025-06-21,70.43,2.858,5465.0,23,0
M008,PRESS,2025-06-22,67.89,3.199,5478.6,24,0
M008,PRESS,2025-06-23,70.39,2.496,5492.1,25,0
M008,PRESS,2025-06-24,69.14,3.587,5501.8,26,0
M008,PRESS,2025-06-25,65.67,3.378,5519.5,27,0
M008,PRESS,2025-06-26,60.79,2.79,5525.6,28,0
M008,PRESS,2025-06-27,60.64,3.318,5542.8,29,0
M008,PRESS,2025-06-28,67.02,2.844,5560.2,0,0
M008,PRESS,2025-06-29,60.84,3.778,5572.3,1,0
M009,ROBOT_ARM,2025-01-01,49.91,1.165,955.2,10,0
M009,ROBOT_ARM,2025-01-02,49.23,1.442,970.1,11,0
M009,ROBOT_ARM,2025-01-03,43.99,1.227,987.1,12,0
M009,ROBOT_ARM,2025-01-04,52.35,1.143,995.2,13,0
M009,ROBOT_ARM,2025-01-05,50.46,1.539,1003.7,14,0
M009,ROBOT_ARM,2025-01-06,50.56,1.193,1023.2,15,0
M009,ROBOT_ARM,2025-01-07,48.29,1.462,1038.0,16,0
M009,ROBOT_ARM,2025-01-08,46.48,1.288,1045.4,17,0
M009,ROBOT_ARM,2025-01-09,46.05,1.655,1055.1,18,0
M009,ROBOT_ARM,2025-01-10,44.47,1.955,1063.4,19,0
M009,ROBOT_ARM,2025-01-11,51.79,1.719,1080.4,20,0
M009,ROBOT_ARM,2025-01-12,47.5,1.016,1087.3,21,0
M009,ROBOT_ARM,2025-01-13,45.69,1.637,1098.3,22,0
M009,ROBOT_ARM,2025-01-14,44.74,1.5,1112.5,23,0
M009,ROBOT_ARM,2025-01-15,47.98,1.54,1129.9,24,0
M009,ROBOT_ARM,2025-01-16,49.27,1.828,1148.3,25,0
M009,ROBOT_ARM,2025-01-17,45.07,1.709,1167.1,26,0
M009,ROBOT_ARM,2025-01-18,45.8,1.333,1183.4,27,0
M009,ROBOT_ARM,2025-01-19,49.84,1.283,1198.7,28,0
M009,ROBOT_ARM,2025-01-20,46.31,1.604,1204.8,29,0
M009,ROBOT_ARM,2025-01-21,45.08,1.997,1218.1,30,0
M009,ROBOT_ARM,2025-01-22,47.95,1.474,1234.2,31,0
M009,ROBOT_ARM,2025-01-23,46.91,1.649,1253.9,0,0
M009,ROBOT_ARM,2025-01-24,43.93,1.604,1263.3,1,0
M009,ROBOT_ARM,2025-01-25,53.51,1.868,1279.6,2,0
M009,ROBOT_ARM,2025-01-26,46.04,1.515,1295.4,3,0
M009,ROBOT_ARM,2025-01-27,48.21,1.975,1307.6,4,0
M009,ROBOT_ARM,2025-01-28,50.44,1.532,1324.8,5,0
M009,ROBOT_ARM,2025-01-29,50.38,1.867,1332.0,6,0
M009,ROBOT_ARM,2025-01-30,47.58,1.816,1344.8,7,0
M009,ROBOT_ARM,2025-01-31,50.11,2.039,1352.6,8,0
M009,ROBOT_ARM,2025-02-01,44.04,1.457,1362.8,9,0
M009,ROBOT_ARM,2025-02-02,47.03,1.21,1381.8,10,0
M009,ROBOT_ARM,2025-02-03,47.03,1.48,1399.8,11,0
M009,ROBOT_ARM,2025-02-04,52.24,1.716,1411.8,12,0
M009,ROBOT_ARM,2025-02-05,49.44,1.236,1421.2,13,0
M009,ROBOT_ARM,2025-02-06,50.08,1.776,1435.8,14,0
M009,ROBOT_ARM,2025-02-07,48.07,1.263,1442.2,15,0
M009,ROBOT_ARM,2025-02-08,50.69,1.783,1451.1,16,0
M009,ROBOT_ARM,2025-02-09,46.78,1.53,1460.0,17,0
M009,ROBOT_ARM,2025-02-10,47.75,1.561,1470.8,18,0
M009,ROBOT_ARM,2025-02-11,50.85,1.632,1478.8,19,0
M009,ROBOT_ARM,2025-02-12,51.83,1.698,1485.3,20,0
M009,ROBOT_ARM,2025-02-13,50.37,1.566,1500.0,21,0
M009,ROBOT_ARM,2025-02-14,49.73,1.468,1511.7,22,0
M009,ROBOT_ARM,2025-02-15,50.87,1.49,1530.4,23,0
M009,ROBOT_ARM,2025-02-16,44.57,1.341,1547.8,24,0
M009,ROBOT_ARM,2025-02-17,49.7,1.361,1565.7,25,0
M009,ROBOT_ARM,2025-02-18,42.07,1.771,1585.2,26,0
M009,ROBOT_ARM,2025-02-19,50.17,1.528,1600.5,27,0
M009,ROBOT_ARM,2025-02-20,50.57,1.644,1615.9,0,0
M009,ROBOT_ARM,2025-02-21,45.83,1.666,1626.4,1,0
M009,ROBOT_ARM,2025-02-22,44.86,1.618,1644.6,2,0
M009,ROBOT_ARM,2025-02-23,45.74,1.549,1659.6,3,0
M009,ROBOT_ARM,2025-02-24,43.29,1.643,1666.0,4,0
M009,ROBOT_ARM,2025-02-25,49.85,1.543,1674.9,5,0
M009,ROBOT_ARM,2025-02-26,46.34,1.596,1688.6,6,0
M009,ROBOT_ARM,2025-02-27,47.5,1.293,1706.5,7,0
M009,ROBOT_ARM,2025-02-28,47.62,1.52,1718.8,8,0
M009,ROBOT_ARM,2025-03-01,46.4,1.574,1733.5,9,0
M009,ROBOT_ARM,2025-03-02,46.23,1.572,1743.4,10,0
M009,ROBOT_ARM,2025-03-03,50.02,1.596,1751.1,11,0
M009,ROBOT_ARM,2025-03-04,46.36,1.475,1761.2,12,0
M009,ROBOT_ARM,2025-03-05,49.49,1.29,1777.8,13,0
M009,ROBOT_ARM,2025-03-06,45.69,1.537,1786.5,14,0
M009,ROBOT_ARM,2025-03-07,48.15,1.659,1798.0,15,0
M009,ROBOT_ARM,2025-03-08,46.22,1.777,1815.3,16,0
M009,ROBOT_ARM,2025-03-09,48.24,1.335,1829.5,17,0
M009,ROBOT_ARM,2025-03-10,49.9,2.098,1843.3,18,0
M009,ROBOT_ARM,2025-03-11,45.35,1.37,1855.8,19,0
M009,ROBOT_ARM,2025-03-12,47.84,1.466,1869.4,20,0
M009,ROBOT_ARM,2025-03-13,47.29,1.377,1884.8,21,0
M009,ROBOT_ARM,2025-03-14,43.81,1.323,1894.2,22,0
M009,ROBOT_ARM,2025-03-15,47.0,1.545,1909.5,23,0
M009,ROBOT_ARM,2025-03-16,52.28,1.395,1920.3,24,0
M009,ROBOT_ARM,2025-03-17,44.8,2.095,1937.7,25,0
M009,ROBOT_ARM,2025-03-18,51.96,1.281,1948.2,26,0
M009,ROBOT_ARM,2025-03-19,48.43,1.065,1957.5,27,0
M009,ROBOT_ARM,2025-03-20,48.66,1.251,1973.8,28,0
M009,ROBOT_ARM,2025-03-21,42.88,1.583,1989.6,0,0
M009,ROBOT_ARM,2025-03-22,46.86,1.536,1997.2,1,0
M009,ROBOT_ARM,2025-03-23,51.29,1.405,2015.3,2,0
M009,ROBOT_ARM,2025-03-24,42.27,1.523,2023.4,3,0
M009,ROBOT_ARM,2025-03-25,52.05,1.337,2037.0,4,0
M009,ROBOT_ARM,2025-03-26,50.06,1.465,2051.9,5,0
M009,ROBOT_ARM,2025-03-27,41.47,1.368,2059.4,6,0
M009,ROBOT_ARM,2025-03-28,46.31,1.62,2072.6,7,0
M009,ROBOT_ARM,2025-03-29,49.59,1.537,2086.7,8,0
M009,ROBOT_ARM,2025-03-30,49.64,1.302,2099.8,9,0
M009,ROBOT_ARM,2025-03-31,45.97,1.604,2117.5,10,0
M009,ROBOT_ARM,2025-04-01,44.86,1.293,2128.7,11,0
M009,ROBOT_ARM,2025-04-02,47.76,1.324,2137.6,12,0
M009,ROBOT_ARM,2025-04-03,48.44,1.369,2144.3,13,0
M009,ROBOT_ARM,2025-04-04,42.46,1.696,2160.4,14,0
M009,ROBOT_ARM,2025-04-05,45.01,1.499,2171.9,15,0
M009,ROBOT_ARM,2025-04-06,47.33,1.406,2179.2,16,0
M009,ROBOT_ARM,2025-04-07,45.44,1.619,2188.6,17,0
M009,ROBOT_ARM,2025-04-08,48.16,1.743,2198.3,18,0
M009,ROBOT_ARM,2025-04-09,44.96,1.078,2205.0,19,0
M009,ROBOT_ARM,2025-04-10,49.0,1.669,2214.4,20,0
M009,ROBOT_ARM,2025-04-11,50.01,1.651,2222.5,21,0
M009,ROBOT_ARM,2025-04-12,47.12,1.51,2239.5,22,0
M009,ROBOT_ARM,2025-04-13,45.3,1.651,2250.6,23,0
M009,ROBOT_ARM,2025-04-14,47.4,1.352,2263.7,24,0
M009,ROBOT_ARM,2025-04-15,48.34,1.714,2272.1,25,0
M009,ROBOT_ARM,2025-04-16,44.96,1.041,2283.6,26,0
M009,ROBOT_ARM,2025-04-17,48.29,1.275,2299.9,27,0
M009,ROBOT_ARM,2025-04-18,44.41,1.423,2308.6,28,0
M009,ROBOT_ARM,2025-04-19,48.36,1.283,2327.0,29,0
M009,ROBOT_ARM,2025-04-20,51.29,0.952,2341.7,30,0
M009,ROBOT_ARM,2025-04-21,53.81,0.835,2350.4,31,0
M009,ROBOT_ARM,2025-04-22,48.01,1.807,2370.1,32,0
M009,ROBOT_ARM,2025-04-23,50.16,1.428,2389.3,0,0
M009,ROBOT_ARM,2025-04-24,54.62,1.8,2404.4,1,0
M009,ROBOT_ARM,2025-04-25,52.2,1.899,2422.3,2,0
M009,ROBOT_ARM,2025-04-26,48.12,1.853,2429.2,3,0
M009,ROBOT_ARM,2025-04-27,48.98,1.153,2447.4,4,0
M009,ROBOT_ARM,2025-04-28,47.85,1.626,2455.4,5,0
M009,ROBOT_ARM,2025-04-29,51.03,1.197,2471.2,6,0
M009,ROBOT_ARM,2025-04-30,51.1,1.328,2483.4,7,0
M009,ROBOT_ARM,2025-05-01,44.81,1.604,2497.3,8,0
M009,ROBOT_ARM,2025-05-02,43.58,1.157,2510.7,9,0
M009,ROBOT_ARM,2025-05-03,53.29,1.469,2521.1,10,0
M009,ROBOT_ARM,2025-05-04,48.43,1.57,2535.2,11,0
M009,ROBOT_ARM,2025-05-05,48.25,1.416,2548.3,12,0
M009,ROBOT_ARM,2025-05-06,47.6,1.308,2560.5,13,0
M009,ROBOT_ARM,2025-05-07,47.66,1.642,2573.0,14,0
M009,ROBOT_ARM,2025-05-08,50.13,2.278,2582.4,15,0
M009,ROBOT_ARM,2025-05-09,47.31,1.25,2599.1,16,0
M009,ROBOT_ARM,2025-05-10,50.2,1.181,2614.2,17,0
M009,ROBOT_ARM,2025-05-11,49.47,1.615,2632.4,18,0
M009,ROBOT_ARM,2025-05-12,44.79,1.728,2652.4,19,0
M009,ROBOT_ARM,2025-05-13,46.33,1.505,2666.3,20,0
M009,ROBOT_ARM,2025-05-14,42.19,1.009,2685.7,21,0
M009,ROBOT_ARM,2025-05-15,48.47,1.6,2692.6,22,0
M009,ROBOT_ARM,2025-05-16,47.44,1.1,2705.0,23,0
M009,ROBOT_ARM,2025-05-17,48.04,1.184,2722.6,24,0
M009,ROBOT_ARM,2025-05-18,44.36,1.614,2737.1,25,0
M009,ROBOT_ARM,2025-05-19,50.19,1.635,2756.7,26,0
M009,ROBOT_ARM,2025-05-20,51.13,1.841,2775.1,27,0
M009,ROBOT_ARM,2025-05-21,50.75,2.014,2791.5,28,0
M009,ROBOT_ARM,2025-05-22,47.2,1.802,2806.6,29,0
M009,ROBOT_ARM,2025-05-23,50.48,1.768,2826.5,30,0
M009,ROBOT_ARM,2025-05-24,51.47,1.551,2838.7,31,0
M009,ROBOT_ARM,2025-05-25,53.2,0.971,2855.8,32,0
M009,ROBOT_ARM,2025-05-26,47.02,1.685,2866.3,33,0
M009,ROBOT_ARM,2025-05-27,45.64,1.667,2875.1,34,0
M009,ROBOT_ARM,2025-05-28,46.87,1.313,2893.5,0,0
M009,ROBOT_ARM,2025-05-29,48.09,1.902,2913.4,1,0
M009,ROBOT_ARM,2025-05-30,46.82,1.282,2927.6,2,0
M009,ROBOT_ARM,2025-05-31,49.83,1.111,2943.7,3,0
M009,ROBOT_ARM,2025-06-01,47.81,1.082,2950.7,4,0
M009,ROBOT_ARM,2025-06-02,53.23,2.014,2958.3,5,0
M009,ROBOT_ARM,2025-06-03,51.09,1.751,2967.9,6,0
M009,ROBOT_ARM,2025-06-04,48.26,1.394,2981.4,7,0
M009,ROBOT_ARM,2025-06-05,44.68,1.991,2991.5,8,0
M009,ROBOT_ARM,2025-06-06,42.54,1.324,3010.2,9,0
M009,ROBOT_ARM,2025-06-07,48.38,1.437,3019.4,10,0
M009,ROBOT_ARM,2025-06-08,44.17,1.292,3035.0,11,0
M009,ROBOT_ARM,2025-06-09,47.94,1.665,3050.8,12,0
M009,ROBOT_ARM,2025-06-10,45.7,1.517,3069.9,13,0
M009,ROBOT_ARM,2025-06-11,45.33,1.68,3082.2,14,0
M009,ROBOT_ARM,2025-06-12,48.1,1.701,3089.8,15,0
M009,ROBOT_ARM,2025-06-13,48.74,1.251,3102.6,16,0
M009,ROBOT_ARM,2025-06-14,49.2,1.48,3110.1,17,0
M009,ROBOT_ARM,2025-06-15,47.6,1.63,3122.1,18,0
M009,ROBOT_ARM,2025-06-16,47.17,1.465,3138.0,19,0
M009,ROBOT_ARM,2025-06-17,44.81,0.974,3156.5,20,0
M009,ROBOT_ARM,2025-06-18,50.07,1.329,3165.3,21,0
M009,ROBOT_ARM,2025-06-19,48.27,1.434,3175.3,22,0
M009,ROBOT_ARM,2025-06-20,49.31,1.711,3182.0,23,0
M009,ROBOT_ARM,2025-06-21,52.05,1.678,3190.9,24,0
M009,ROBOT_ARM,2025-06-22,50.23,1.847,3203.6,25,0
M009,ROBOT_ARM,2025-06-23,49.9,1.568,3219.8,26,0
M009,ROBOT_ARM,2025-06-24,47.34,1.335,3237.8,27,0
M009,ROBOT_ARM,2025-06-25,50.39,1.206,3256.2,28,0
M009,ROBOT_ARM,2025-06-26,50.51,1.863,3275.8,29,0
M009,ROBOT_ARM,2025-06-27,48.73,0.977,3295.5,0,0
M009,ROBOT_ARM,2025-06-28,48.41,2.23,3303.5,1,0
M009,ROBOT_ARM,2025-06-29,48.82,0.981,3317.7,2,0
M010,PUMP,2025-01-01,57.7,2.105,2156.9,14,0
M010,PUMP,2025-01-02,61.47,2.333,2164.5,15,0
M010,PUMP,2025-01-03,63.68,2.225,2178.2,16,0
M010,PUMP,2025-01-04,60.66,2.344,2197.1,17,0
M010,PUMP,2025-01-05,62.0,2.432,2210.1,18,0
M010,PUMP,2025-01-06,60.76,2.282,2221.9,19,0
M010,PUMP,2025-01-07,59.32,3.004,2232.1,20,0
M010,PUMP,2025-01-08,58.95,3.333,2243.5,21,0
M010,PUMP,2025-01-09,59.64,2.818,2257.3,22,0
M010,PUMP,2025-01-10,60.31,1.982,2269.9,23,0
M010,PUMP,2025-01-11,60.32,2.123,2289.0,24,0
M010,PUMP,2025-01-12,58.21,2.55,2304.4,25,0
M010,PUMP,2025-01-13,57.47,2.725,2315.6,26,0
M010,PUMP,2025-01-14,58.28,2.617,2327.3,27,0
M010,PUMP,2025-01-15,63.96,2.559,2335.7,28,0
M010,PUMP,2025-01-16,59.38,2.3,2352.1,29,0
M010,PUMP,2025-01-17,56.83,2.41,2367.5,30,0
M010,PUMP,2025-01-18,66.7,2.189,2377.0,31,0
M010,PUMP,2025-01-19,64.74,2.392,2394.2,0,0
M010,PUMP,2025-01-20,59.1,2.679,2405.9,1,0
M010,PUMP,2025-01-21,57.49,2.712,2424.4,2,0
M010,PUMP,2025-01-22,57.1,2.311,2433.7,3,0
M010,PUMP,2025-01-23,56.44,2.525,2440.7,4,0
M010,PUMP,2025-01-24,61.84,1.896,2452.8,5,0
M010,PUMP,2025-01-25,63.8,2.332,2463.1,6,0
M010,PUMP,2025-01-26,63.57,2.213,2471.3,7,0
M010,PUMP,2025-01-27,62.62,2.62,2477.8,8,0
M010,PUMP,2025-01-28,61.56,3.342,2496.1,9,0
M010,PUMP,2025-01-29,66.34,2.631,2505.3,10,0
M010,PUMP,2025-01-30,60.04,2.369,2518.8,11,0
M010,PUMP,2025-01-31,63.12,2.094,2527.7,12,0
M010,PUMP,2025-02-01,58.08,2.731,2543.1,13,0
M010,PUMP,2025-02-02,62.47,2.929,2554.1,14,0
M010,PUMP,2025-02-03,61.79,1.896,2570.6,15,0
M010,PUMP,2025-02-04,58.56,2.009,2588.5,16,0
M010,PUMP,2025-02-05,60.24,2.766,2603.7,17,0
M010,PUMP,2025-02-06,59.93,1.754,2615.9,18,0
M010,PUMP,2025-02-07,60.85,2.59,2627.7,19,0
M010,PUMP,2025-02-08,56.96,2.784,2640.3,20,0
M010,PUMP,2025-02-09,59.18,2.932,2654.6,21,0
M010,PUMP,2025-02-10,59.46,2.98,2663.7,22,0
M010,PUMP,2025-02-11,57.65,2.412,2677.6,23,0
M010,PUMP,2025-02-12,61.96,2.29,2695.7,24,0
M010,PUMP,2025-02-13,56.79,2.457,2709.5,25,0
M010,PUMP,2025-02-14,58.68,2.929,2729.0,26,0
M010,PUMP,2025-02-15,60.97,2.851,2743.3,27,0
M010,PUMP,2025-02-16,72.21,3.638,2756.6,28,0
M010,PUMP,2025-02-17,61.56,2.593,2769.8,0,0
M010,PUMP,2025-02-18,61.6,3.29,2781.8,1,0
M010,PUMP,2025-02-19,69.42,2.402,2789.7,2,0
M010,PUMP,2025-02-20,69.48,1.578,2800.2,3,0
M010,PUMP,2025-02-21,69.37,3.495,2813.9,4,0
M010,PUMP,2025-02-22,64.92,2.614,2824.3,5,0
M010,PUMP,2025-02-23,65.33,3.045,2844.3,6,0
M010,PUMP,2025-02-24,70.07,3.074,2851.1,7,0
M010,PUMP,2025-02-25,64.0,4.344,2864.6,8,0
M010,PUMP,2025-02-26,68.95,4.553,2875.2,9,0
M010,PUMP,2025-02-27,66.75,3.738,2884.5,10,0
M010,PUMP,2025-02-28,71.85,4.888,2897.8,11,0
M010,PUMP,2025-03-01,76.99,4.395,2907.1,12,0
M010,PUMP,2025-03-02,68.67,4.029,2926.6,13,0
M010,PUMP,2025-03-03,79.0,4.089,2945.2,14,0
M010,PUMP,2025-03-04,70.91,4.004,2960.6,15,0
M010,PUMP,2025-03-05,74.22,3.421,2972.9,16,1
M010,PUMP,2025-03-06,82.7,3.37,2982.8,17,1
M010,PUMP,2025-03-07,69.69,5.283,2991.9,18,1
M010,PUMP,2025-03-08,75.02,4.889,3000.7,19,1
M010,PUMP,2025-03-09,72.13,4.261,3014.8,20,1
M010,PUMP,2025-03-10,74.66,4.604,3029.5,21,1
M010,PUMP,2025-03-11,79.09,5.445,3038.2,22,1
M010,PUMP,2025-03-12,63.48,2.541,3044.3,23,0
M011,CNC_MILL,2025-01-01,45.79,2.233,4307.5,3,0
M011,CNC_MILL,2025-01-02,56.51,2.197,4320.3,4,0
M011,CNC_MILL,2025-01-03,50.63,1.874,4329.1,5,0
M011,CNC_MILL,2025-01-04,51.06,2.238,4335.8,6,0
M011,CNC_MILL,2025-01-05,57.56,1.808,4347.1,7,0
M011,CNC_MILL,2025-01-06,52.91,1.714,4355.5,8,0
M011,CNC_MILL,2025-01-07,56.09,2.605,4362.9,9,0
M011,CNC_MILL,2025-01-08,54.47,2.059,4380.8,10,0
M011,CNC_MILL,2025-01-09,61.04,2.191,4392.2,11,0
M011,CNC_MILL,2025-01-10,57.93,2.42,4402.7,12,0
M011,CNC_MILL,2025-01-11,51.29,2.013,4409.4,13,0
M011,CNC_MILL,2025-01-12,49.06,1.919,4426.1,14,0
M011,CNC_MILL,2025-01-13,52.6,2.317,4440.4,15,0
M011,CNC_MILL,2025-01-14,54.02,2.037,4454.4,16,0
M011,CNC_MILL,2025-01-15,53.0,2.226,4473.1,17,0
M011,CNC_MILL,2025-01-16,56.86,1.361,4488.6,18,0
M011,CNC_MILL,2025-01-17,48.96,2.03,4508.1,19,0
M011,CNC_MILL,2025-01-18,50.88,2.29,4515.9,20,0
M011,CNC_MILL,2025-01-19,52.19,1.938,4523.0,21,0
M011,CNC_MILL,2025-01-20,57.94,2.12,4533.1,22,0
M011,CNC_MILL,2025-01-21,55.5,1.585,4552.1,23,0
M011,CNC_MILL,2025-01-22,54.05,1.395,4570.4,24,0
M011,CNC_MILL,2025-01-23,54.32,1.957,4589.4,25,0
M011,CNC_MILL,2025-01-24,51.84,1.321,4605.3,26,0
M011,CNC_MILL,2025-01-25,53.74,2.033,4613.9,27,0
M011,CNC_MILL,2025-01-26,59.34,1.7,4625.3,28,0
M011,CNC_MILL,2025-01-27,52.76,1.802,4634.9,29,0
M011,CNC_MILL,2025-01-28,52.43,1.817,4647.9,30,0
M011,CNC_MILL,2025-01-29,54.46,1.967,4658.9,31,0
M011,CNC_MILL,2025-01-30,57.25,1.745,4669.2,32,0
M011,CNC_MILL,2025-01-31,56.38,2.39,4682.1,33,0
M011,CNC_MILL,2025-02-01,57.18,2.433,4688.2,34,0
M011,CNC_MILL,2025-02-02,51.3,2.286,4702.4,0,0
M011,CNC_MILL,2025-02-03,58.32,1.958,4721.2,1,0
M011,CNC_MILL,2025-02-04,56.8,1.536,4734.3,2,0
M011,CNC_MILL,2025-02-05,59.35,1.778,4740.6,3,0
M011,CNC_MILL,2025-02-06,54.53,1.672,4758.2,4,0
M011,CNC_MILL,2025-02-07,54.91,2.233,4771.1,5,0
M011,CNC_MILL,2025-02-08,54.66,2.296,4784.8,6,0
M011,CNC_MILL,2025-02-09,60.98,1.717,4797.1,7,0
M011,CNC_MILL,2025-02-10,54.99,1.84,4805.3,8,0
M011,CNC_MILL,2025-02-11,54.03,2.004,4811.6,9,0
M011,CNC_MILL,2025-02-12,55.02,1.759,4820.1,10,0
M011,CNC_MILL,2025-02-13,59.93,2.117,4830.8,11,0
M011,CNC_MILL,2025-02-14,53.07,1.178,4845.9,12,0
M011,CNC_MILL,2025-02-15,58.56,2.462,4856.3,13,0
M011,CNC_MILL,2025-02-16,54.98,2.061,4872.8,14,0
M011,CNC_MILL,2025-02-17,53.98,1.735,4887.1,15,0
M011,CNC_MILL,2025-02-18,51.15,2.265,4906.7,16,0
M011,CNC_MILL,2025-02-19,50.67,2.206,4913.6,17,0
M011,CNC_MILL,2025-02-20,56.46,1.902,4925.4,18,0
M011,CNC_MILL,2025-02-21,54.49,2.231,4934.1,19,0
M011,CNC_MILL,2025-02-22,52.99,2.306,4944.7,20,0
M011,CNC_MILL,2025-02-23,56.98,2.53,4963.4,21,0
M011,CNC_MILL,2025-02-24,58.12,2.028,4975.1,22,0
M011,CNC_MILL,2025-02-25,55.12,1.959,4985.7,23,0
M011,CNC_MILL,2025-02-26,57.3,2.183,4999.4,24,0
M011,CNC_MILL,2025-02-27,59.14,2.569,5012.0,25,0
M011,CNC_MILL,2025-02-28,58.01,2.077,5026.8,26,0
M011,CNC_MILL,2025-03-01,55.34,2.304,5037.1,27,0
M011,CNC_MILL,2025-03-02,57.7,2.555,5054.6,28,0
M011,CNC_MILL,2025-03-03,63.73,2.086,5064.6,29,0
M011,CNC_MILL,2025-03-04,57.82,3.076,5079.5,30,0
M011,CNC_MILL,2025-03-05,60.09,2.572,5097.5,0,0
M011,CNC_MILL,2025-03-06,58.15,2.973,5116.2,1,0
M011,CNC_MILL,2025-03-07,60.93,3.018,5132.7,2,0
M011,CNC_MILL,2025-03-08,60.21,3.585,5144.2,3,0
M011,CNC_MILL,2025-03-09,62.67,1.927,5156.9,4,0
M011,CNC_MILL,2025-03-10,56.37,3.427,5169.9,5,0
M011,CNC_MILL,2025-03-11,61.74,4.171,5183.0,6,0
M011,CNC_MILL,2025-03-12,66.09,3.579,5190.8,7,0
M011,CNC_MILL,2025-03-13,57.88,2.902,5207.1,8,0
M011,CNC_MILL,2025-03-14,66.82,2.542,5214.7,9,0
M011,CNC_MILL,2025-03-15,66.78,2.22,5226.8,10,0
M011,CNC_MILL,2025-03-16,74.11,2.951,5239.2,11,0
M011,CNC_MILL,2025-03-17,67.09,3.358,5246.7,12,0
M011,CNC_MILL,2025-03-18,67.04,2.933,5265.3,13,0
M011,CNC_MILL,2025-03-19,81.55,4.167,5276.1,14,1
M011,CNC_MILL,2025-03-20,70.26,3.323,5282.7,15,1
M011,CNC_MILL,2025-03-21,69.46,3.965,5290.7,16,1
M011,CNC_MILL,2025-03-22,67.35,4.623,5308.2,17,1
M011,CNC_MILL,2025-03-23,72.82,3.029,5318.2,18,1
M011,CNC_MILL,2025-03-24,72.79,3.282,5331.7,19,1
M011,CNC_MILL,2025-03-25,75.74,3.929,5350.5,20,1
M011,CNC_MILL,2025-03-26,55.57,2.19,5362.0,21,0
M012,CONVEYOR,2025-01-01,38.68,1.416,4941.0,13,0
M012,CONVEYOR,2025-01-02,39.36,0.719,4952.0,14,0
M012,CONVEYOR,2025-01-03,40.42,1.088,4964.0,15,0
M012,CONVEYOR,2025-01-04,41.16,1.482,4978.0,16,0
M012,CONVEYOR,2025-01-05,40.68,1.001,4986.9,17,0
M012,CONVEYOR,2025-01-06,36.05,1.336,5006.4,18,0
M012,CONVEYOR,2025-01-07,39.96,1.005,5014.7,19,0
M012,CONVEYOR,2025-01-08,40.58,1.351,5025.5,20,0
M012,CONVEYOR,2025-01-09,38.19,1.268,5037.6,21,0
M012,CONVEYOR,2025-01-10,42.97,0.979,5044.6,22,0
M012,CONVEYOR,2025-01-11,38.96,1.371,5061.6,23,0
M012,CONVEYOR,2025-01-12,39.61,0.968,5078.4,24,0
M012,CONVEYOR,2025-01-13,38.83,1.163,5098.3,25,0
M012,CONVEYOR,2025-01-14,38.54,1.595,5117.5,26,0
M012,CONVEYOR,2025-01-15,36.88,1.767,5133.4,27,0
M012,CONVEYOR,2025-01-16,38.85,1.077,5149.7,28,0
M012,CONVEYOR,2025-01-17,37.18,1.273,5167.8,29,0
M012,CONVEYOR,2025-01-18,42.58,1.207,5178.7,30,0
M012,CONVEYOR,2025-01-19,36.51,1.219,5191.0,31,0
M012,CONVEYOR,2025-01-20,40.6,1.496,5206.1,0,0
M012,CONVEYOR,2025-01-21,46.2,1.148,5214.4,1,0
M012,CONVEYOR,2025-01-22,38.08,1.306,5230.5,2,0
M012,CONVEYOR,2025-01-23,37.72,1.521,5239.2,3,0
M012,CONVEYOR,2025-01-24,39.75,0.732,5253.3,4,0
M012,CONVEYOR,2025-01-25,40.58,1.335,5268.2,5,0
M012,CONVEYOR,2025-01-26,36.58,1.069,5277.9,6,0
M012,CONVEYOR,2025-01-27,37.37,1.055,5293.4,7,0
M012,CONVEYOR,2025-01-28,37.5,1.147,5313.2,8,0
M012,CONVEYOR,2025-01-29,37.77,1.439,5320.6,9,0
M012,CONVEYOR,2025-01-30,39.95,1.186,5336.7,10,0
M012,CONVEYOR,2025-01-31,40.32,1.472,5346.6,11,0
M012,CONVEYOR,2025-02-01,39.47,1.244,5352.8,12,0
M012,CONVEYOR,2025-02-02,41.35,1.554,5364.5,13,0
M012,CONVEYOR,2025-02-03,40.81,1.724,5377.4,14,0
M012,CONVEYOR,2025-02-04,39.73,1.03,5388.4,15,0
M012,CONVEYOR,2025-02-05,39.88,1.462,5402.0,16,0
M012,CONVEYOR,2025-02-06,38.14,1.078,5409.7,17,0
M012,CONVEYOR,2025-02-07,37.34,1.152,5424.8,18,0
M012,CONVEYOR,2025-02-08,35.55,1.096,5432.2,19,0
M012,CONVEYOR,2025-02-09,38.05,1.34,5440.8,20,0
M012,CONVEYOR,2025-02-10,40.15,1.445,5458.8,21,0
M012,CONVEYOR,2025-02-11,39.46,1.5,5475.4,22,0
M012,CONVEYOR,2025-02-12,42.54,1.004,5489.2,23,0
M012,CONVEYOR,2025-02-13,38.37,1.264,5502.7,24,0
M012,CONVEYOR,2025-02-14,43.92,1.108,5515.6,25,0
M012,CONVEYOR,2025-02-15,39.85,1.239,5535.6,26,0
M012,CONVEYOR,2025-02-16,39.09,1.222,5554.2,0,0
M012,CONVEYOR,2025-02-17,42.2,1.124,5569.3,1,0
M012,CONVEYOR,2025-02-18,37.84,1.405,5580.0,2,0
M012,CONVEYOR,2025-02-19,40.11,1.136,5595.8,3,0
M012,CONVEYOR,2025-02-20,39.7,1.412,5606.6,4,0
M012,CONVEYOR,2025-02-21,39.21,1.242,5622.6,5,0
M012,CONVEYOR,2025-02-22,38.43,1.555,5642.1,6,0
M012,CONVEYOR,2025-02-23,40.86,1.359,5650.5,7,0
M012,CONVEYOR,2025-02-24,40.95,0.936,5663.5,8,0
M012,CONVEYOR,2025-02-25,41.29,0.98,5677.1,9,0
M012,CONVEYOR,2025-02-26,38.71,1.337,5692.7,10,0
M012,CONVEYOR,2025-02-27,41.99,0.877,5711.7,11,0
M012,CONVEYOR,2025-02-28,39.93,0.891,5731.2,12,0
M012,CONVEYOR,2025-03-01,38.87,1.369,5740.5,13,0
M012,CONVEYOR,2025-03-02,38.66,1.416,5756.6,14,0
M012,CONVEYOR,2025-03-03,43.35,1.288,5767.6,15,0
M012,CONVEYOR,2025-03-04,38.08,1.389,5785.4,16,0
M012,CONVEYOR,2025-03-05,39.3,1.159,5793.1,17,0
M012,CONVEYOR,2025-03-06,39.71,0.967,5806.0,18,0
M012,CONVEYOR,2025-03-07,40.99,1.108,5823.6,19,0
M012,CONVEYOR,2025-03-08,40.27,1.07,5843.5,20,0
M012,CONVEYOR,2025-03-09,39.9,1.31,5852.8,21,0
M012,CONVEYOR,2025-03-10,41.06,1.372,5872.0,22,0
M012,CONVEYOR,2025-03-11,40.2,1.431,5881.6,23,0
M012,CONVEYOR,2025-03-12,36.9,1.249,5895.7,24,0
M012,CONVEYOR,2025-03-13,38.46,1.265,5911.7,25,0
M012,CONVEYOR,2025-03-14,42.0,1.105,5921.6,26,0
M012,CONVEYOR,2025-03-15,41.37,0.769,5929.7,27,0
M012,CONVEYOR,2025-03-16,38.55,0.868,5938.8,28,0
M012,CONVEYOR,2025-03-17,40.48,1.297,5954.2,29,0
M012,CONVEYOR,2025-03-18,42.38,1.404,5967.0,30,0
M012,CONVEYOR,2025-03-19,43.18,1.086,5980.4,0,0
M012,CONVEYOR,2025-03-20,41.32,1.183,5987.0,1,0
M012,CONVEYOR,2025-03-21,41.88,0.955,5995.5,2,0
M012,CONVEYOR,2025-03-22,40.87,1.312,6013.8,3,0
M012,CONVEYOR,2025-03-23,38.67,0.995,6022.3,4,0
M012,CONVEYOR,2025-03-24,38.87,1.193,6037.3,5,0
M012,CONVEYOR,2025-03-25,42.2,1.162,6051.2,6,0
M012,CONVEYOR,2025-03-26,38.29,1.457,6066.7,7,0
M012,CONVEYOR,2025-03-27,39.43,0.985,6074.3,8,0
M012,CONVEYOR,2025-03-28,40.07,1.084,6092.7,9,0
M012,CONVEYOR,2025-03-29,39.36,1.223,6103.3,10,0
M012,CONVEYOR,2025-03-30,40.32,0.989,6121.8,11,0
M012,CONVEYOR,2025-03-31,38.59,0.819,6131.5,12,0
M012,CONVEYOR,2025-04-01,37.15,1.214,6142.0,13,0
M012,CONVEYOR,2025-04-02,40.34,1.39,6159.3,14,0
M012,CONVEYOR,2025-04-03,41.66,1.394,6174.7,15,0
M012,CONVEYOR,2025-04-04,39.29,1.222,6189.4,16,0
M012,CONVEYOR,2025-04-05,37.9,0.97,6204.8,17,0
M012,CONVEYOR,2025-04-06,42.75,1.404,6223.0,18,0
M012,CONVEYOR,2025-04-07,38.7,1.306,6233.5,19,0
M012,CONVEYOR,2025-04-08,43.53,1.757,6247.6,20,0
M012,CONVEYOR,2025-04-09,44.64,1.321,6260.3,21,0
M012,CONVEYOR,2025-04-10,38.46,1.094,6275.0,22,0
M012,CONVEYOR,2025-04-11,39.32,1.307,6289.3,23,0
M012,CONVEYOR,2025-04-12,39.78,0.987,6307.2,24,0
M012,CONVEYOR,2025-04-13,37.44,1.021,6327.1,25,0
M012,CONVEYOR,2025-04-14,40.13,1.102,6342.8,26,0
M012,CONVEYOR,2025-04-15,40.11,1.105,6359.5,27,0
M012,CONVEYOR,2025-04-16,38.64,0.824,6369.4,28,0
M012,CONVEYOR,2025-04-17,40.53,1.192,6383.2,29,0
M012,CONVEYOR,2025-04-18,41.49,1.223,6389.9,30,0
M012,CONVEYOR,2025-04-19,39.34,1.566,6407.2,0,0
M012,CONVEYOR,2025-04-20,39.77,1.29,6418.0,1,0
M012,CONVEYOR,2025-04-21,41.42,1.751,6434.2,2,0
M012,CONVEYOR,2025-04-22,40.36,1.054,6442.5,3,0
M012,CONVEYOR,2025-04-23,44.68,1.028,6450.9,4,0
M012,CONVEYOR,2025-04-24,39.69,0.988,6468.3,5,0
M012,CONVEYOR,2025-04-25,41.64,1.033,6478.0,6,0
M012,CONVEYOR,2025-04-26,39.77,1.23,6492.6,7,0
M012,CONVEYOR,2025-04-27,41.37,1.224,6510.7,8,0
M012,CONVEYOR,2025-04-28,37.12,1.365,6522.0,9,0
M012,CONVEYOR,2025-04-29,40.06,1.563,6537.9,10,0
M012,CONVEYOR,2025-04-30,40.91,1.157,6547.1,11,0
M012,CONVEYOR,2025-05-01,42.18,1.086,6565.7,12,0
M012,CONVEYOR,2025-05-02,40.85,1.361,6575.7,13,0
M012,CONVEYOR,2025-05-03,36.37,1.241,6594.7,14,0
M012,CONVEYOR,2025-05-04,38.16,1.16,6614.0,15,0
M012,CONVEYOR,2025-05-05,44.79,1.54,6620.0,16,0
M012,CONVEYOR,2025-05-06,43.34,1.577,6628.7,17,0
M012,CONVEYOR,2025-05-07,44.54,1.524,6638.3,18,0
M012,CONVEYOR,2025-05-08,42.08,1.088,6652.9,19,0
M012,CONVEYOR,2025-05-09,39.98,1.393,6666.1,20,0
M012,CONVEYOR,2025-05-10,39.16,1.755,6677.4,21,0
M012,CONVEYOR,2025-05-11,45.89,2.024,6695.4,22,0
M012,CONVEYOR,2025-05-12,44.69,1.716,6709.2,23,0
M012,CONVEYOR,2025-05-13,44.53,1.262,6718.1,24,0
M012,CONVEYOR,2025-05-14,52.02,1.772,6727.0,25,0
M012,CONVEYOR,2025-05-15,39.31,1.469,6736.3,26,0
M012,CONVEYOR,2025-05-16,46.82,1.515,6753.8,27,0
M012,CONVEYOR,2025-05-17,43.55,2.005,6771.5,28,0
M012,CONVEYOR,2025-05-18,39.43,1.765,6783.3,29,0
M012,CONVEYOR,2025-05-19,50.95,1.956,6795.0,30,0
M012,CONVEYOR,2025-05-20,49.0,1.798,6806.7,31,0
M012,CONVEYOR,2025-05-21,47.49,1.554,6817.7,0,0
M012,CONVEYOR,2025-05-22,54.46,2.124,6834.2,1,0
M012,CONVEYOR,2025-05-23,50.57,2.33,6847.8,2,0
M012,CONVEYOR,2025-05-24,45.54,1.907,6859.2,3,1
M012,CONVEYOR,2025-05-25,50.97,1.826,6872.9,4,1
M012,CONVEYOR,2025-05-26,49.92,1.622,6883.3,5,1
M012,CONVEYOR,2025-05-27,56.78,2.238,6893.2,6,1
M012,CONVEYOR,2025-05-28,50.84,1.076,6911.1,7,1
M012,CONVEYOR,2025-05-29,46.49,2.182,6929.5,8,1
M012,CONVEYOR,2025-05-30,57.81,1.978,6946.1,9,1
M012,CONVEYOR,2025-05-31,39.82,1.158,6956.2,10,0
M013,PRESS,2025-01-01,62.47,3.021,3517.4,11,0
M013,PRESS,2025-01-02,61.98,3.144,3525.0,12,0
M013,PRESS,2025-01-03,64.38,2.621,3544.6,13,0
M013,PRESS,2025-01-04,60.42,2.547,3559.4,14,0
M013,PRESS,2025-01-05,66.49,3.198,3567.8,15,0
M013,PRESS,2025-01-06,61.37,3.47,3587.5,16,0
M013,PRESS,2025-01-07,62.72,2.857,3600.6,17,0
M013,PRESS,2025-01-08,72.83,3.335,3609.5,18,0
M013,PRESS,2025-01-09,60.99,2.867,3624.3,19,0
M013,PRESS,2025-01-10,67.51,3.445,3635.1,20,0
M013,PRESS,2025-01-11,65.6,2.744,3641.9,21,0
M013,PRESS,2025-01-12,68.19,2.69,3656.1,22,0
M013,PRESS,2025-01-13,68.55,3.643,3675.2,23,0
M013,PRESS,2025-01-14,60.16,3.023,3694.2,24,0
M013,PRESS,2025-01-15,68.68,3.408,3703.0,25,0
M013,PRESS,2025-01-16,60.84,3.28,3715.1,26,0
M013,PRESS,2025-01-17,68.67,2.808,3725.3,27,0
M013,PRESS,2025-01-18,66.81,3.395,3734.5,28,0
M013,PRESS,2025-01-19,69.56,3.827,3753.9,0,0
M013,PRESS,2025-01-20,64.11,2.424,3772.6,1,0
M013,PRESS,2025-01-21,61.42,3.429,3783.5,2,0
M013,PRESS,2025-01-22,65.5,3.311,3794.6,3,0
M013,PRESS,2025-01-23,63.36,3.064,3810.0,4,0
M013,PRESS,2025-01-24,60.04,3.243,3825.5,5,0
M013,PRESS,2025-01-25,74.3,2.788,3837.9,6,0
M013,PRESS,2025-01-26,69.93,2.997,3855.1,7,0
M013,PRESS,2025-01-27,63.03,2.435,3872.6,8,0
M013,PRESS,2025-01-28,58.77,3.568,3889.8,9,0
M013,PRESS,2025-01-29,62.08,3.351,3907.1,10,0
M013,PRESS,2025-01-30,64.75,2.74,3926.3,11,0
M013,PRESS,2025-01-31,66.1,2.821,3943.6,12,0
M013,PRESS,2025-02-01,72.33,2.901,3955.7,13,0
M013,PRESS,2025-02-02,68.89,3.25,3967.3,14,0
M013,PRESS,2025-02-03,66.98,2.56,3977.9,15,0
M013,PRESS,2025-02-04,59.58,3.294,3997.2,16,0
M013,PRESS,2025-02-05,67.7,2.78,4006.1,17,0
M013,PRESS,2025-02-06,66.58,2.728,4013.1,18,0
M013,PRESS,2025-02-07,67.5,2.43,4027.3,19,0
M013,PRESS,2025-02-08,69.94,2.753,4043.6,20,0
M013,PRESS,2025-02-09,69.48,3.51,4062.9,21,0
M013,PRESS,2025-02-10,64.31,3.439,4077.1,22,0
M013,PRESS,2025-02-11,63.4,2.675,4095.9,23,0
M013,PRESS,2025-02-12,63.97,2.465,4110.1,24,0
M013,PRESS,2025-02-13,67.39,3.28,4121.5,25,0
M013,PRESS,2025-02-14,66.76,3.507,4130.3,26,0
M013,PRESS,2025-02-15,68.37,3.302,4143.3,27,0
M013,PRESS,2025-02-16,56.73,2.915,4159.6,28,0
M013,PRESS,2025-02-17,62.33,2.79,4173.1,29,0
M013,PRESS,2025-02-18,62.0,2.876,4182.7,0,0
M013,PRESS,2025-02-19,67.95,2.718,4197.2,1,0
M013,PRESS,2025-02-20,70.85,2.95,4205.1,2,0
M013,PRESS,2025-02-21,71.14,3.372,4216.8,3,0
M013,PRESS,2025-02-22,66.46,2.728,4231.8,4,0
M013,PRESS,2025-02-23,72.14,3.175,4239.4,5,0
M013,PRESS,2025-02-24,65.91,2.34,4256.9,6,0
M013,PRESS,2025-02-25,64.98,3.752,4275.1,7,0
M013,PRESS,2025-02-26,70.41,2.813,4294.6,8,0
M013,PRESS,2025-02-27,72.2,2.972,4313.7,9,0
M013,PRESS,2025-02-28,71.13,3.485,4322.5,10,0
M013,PRESS,2025-03-01,68.83,2.442,4332.5,11,0
M013,PRESS,2025-03-02,63.59,2.883,4339.3,12,0
M013,PRESS,2025-03-03,61.94,2.815,4348.7,13,0
M013,PRESS,2025-03-04,62.17,3.145,4357.9,14,0
M013,PRESS,2025-03-05,66.91,3.597,4373.6,15,0
M013,PRESS,2025-03-06,67.63,2.944,4384.9,16,0
M013,PRESS,2025-03-07,63.58,3.595,4404.1,17,0
M013,PRESS,2025-03-08,65.83,3.1,4423.9,18,0
M013,PRESS,2025-03-09,65.15,2.874,4435.2,19,0
M013,PRESS,2025-03-10,66.27,2.735,4454.9,20,0
M013,PRESS,2025-03-11,63.01,2.732,4465.7,21,0
M013,PRESS,2025-03-12,66.49,3.026,4482.3,22,0
M013,PRESS,2025-03-13,56.96,3.122,4489.9,23,0
M013,PRESS,2025-03-14,69.99,3.347,4502.2,24,0
M013,PRESS,2025-03-15,60.58,3.264,4516.5,25,0
M013,PRESS,2025-03-16,59.93,3.715,4534.5,26,0
M013,PRESS,2025-03-17,64.09,2.921,4545.1,27,0
M013,PRESS,2025-03-18,70.22,2.368,4560.9,28,0
M013,PRESS,2025-03-19,60.54,2.994,4579.3,0,0
M013,PRESS,2025-03-20,65.27,3.68,4591.2,1,0
M013,PRESS,2025-03-21,60.27,3.16,4600.3,2,0
M013,PRESS,2025-03-22,63.53,3.323,4614.6,3,0
M013,PRESS,2025-03-23,67.78,3.12,4626.8,4,0
M013,PRESS,2025-03-24,63.2,3.081,4635.5,5,0
M013,PRESS,2025-03-25,61.1,3.265,4641.8,6,0
M013,PRESS,2025-03-26,68.51,2.594,4650.8,7,0
M013,PRESS,2025-03-27,70.83,3.19,4670.7,8,0
M013,PRESS,2025-03-28,66.12,1.93,4683.3,9,0
M013,PRESS,2025-03-29,68.78,3.147,4702.6,10,0
M013,PRESS,2025-03-30,66.56,3.233,4720.6,11,0
M013,PRESS,2025-03-31,66.59,2.701,4729.5,12,0
M013,PRESS,2025-04-01,61.27,3.273,4744.9,13,0
M013,PRESS,2025-04-02,68.57,3.052,4752.4,14,0
M013,PRESS,2025-04-03,60.88,2.921,4766.4,15,0
M013,PRESS,2025-04-04,64.91,3.283,4778.9,16,0
M013,PRESS,2025-04-05,67.47,3.154,4786.2,17,0
M013,PRESS,2025-04-06,71.41,2.975,4803.9,18,0
M013,PRESS,2025-04-07,66.01,2.283,4810.6,19,0
M013,PRESS,2025-04-08,63.92,2.383,4823.9,20,0
M013,PRESS,2025-04-09,65.99,3.032,4841.9,21,0
M013,PRESS,2025-04-10,56.86,2.503,4858.3,22,0
M013,PRESS,2025-04-11,57.6,2.888,4868.2,23,0
M013,PRESS,2025-04-12,63.18,2.611,4878.8,24,0
M013,PRESS,2025-04-13,72.56,3.276,4894.6,25,0
M013,PRESS,2025-04-14,61.76,3.075,4909.1,26,0
M013,PRESS,2025-04-15,57.55,3.407,4918.9,27,0
M013,PRESS,2025-04-16,64.99,3.24,4938.0,28,0
M013,PRESS,2025-04-17,63.36,3.397,4955.6,29,0
M013,PRESS,2025-04-18,55.49,3.077,4967.9,30,0
M013,PRESS,2025-04-19,63.66,3.285,4976.2,31,0
M013,PRESS,2025-04-20,65.93,2.546,4985.8,32,0
M013,PRESS,2025-04-21,70.59,2.84,4995.6,0,0
M013,PRESS,2025-04-22,54.18,2.962,5004.2,1,0
M013,PRESS,2025-04-23,65.14,2.953,5016.0,2,0
M013,PRESS,2025-04-24,61.09,3.719,5024.6,3,0
M013,PRESS,2025-04-25,60.71,2.683,5034.4,4,0
M013,PRESS,2025-04-26,66.39,2.726,5046.6,5,0
M013,PRESS,2025-04-27,65.89,3.153,5055.4,6,0
M013,PRESS,2025-04-28,67.62,2.681,5071.0,7,0
M013,PRESS,2025-04-29,68.33,2.748,5090.9,8,0
M013,PRESS,2025-04-30,68.64,2.376,5110.4,9,0
M013,PRESS,2025-05-01,68.77,3.471,5123.8,10,0
M013,PRESS,2025-05-02,65.58,2.966,5142.8,11,0
M013,PRESS,2025-05-03,65.36,3.027,5162.0,12,0
M013,PRESS,2025-05-04,60.0,3.084,5172.4,13,0
M013,PRESS,2025-05-05,73.52,3.424,5191.4,14,0
M013,PRESS,2025-05-06,64.05,3.187,5200.0,15,0
M013,PRESS,2025-05-07,69.54,2.939,5206.7,16,0
M013,PRESS,2025-05-08,64.68,3.32,5224.5,17,0
M013,PRESS,2025-05-09,70.82,2.978,5239.8,18,0
M013,PRESS,2025-05-10,63.35,3.013,5252.0,19,0
M013,PRESS,2025-05-11,71.33,2.438,5271.5,20,0
M013,PRESS,2025-05-12,65.16,2.863,5288.6,21,0
M013,PRESS,2025-05-13,61.68,2.839,5307.0,22,0
M013,PRESS,2025-05-14,68.41,3.494,5324.4,23,0
M013,PRESS,2025-05-15,67.27,3.435,5336.0,24,0
M013,PRESS,2025-05-16,67.02,3.211,5353.8,25,0
M013,PRESS,2025-05-17,62.72,2.925,5362.2,26,0
M013,PRESS,2025-05-18,63.12,3.078,5376.5,27,0
M013,PRESS,2025-05-19,68.25,3.133,5389.3,28,0
M013,PRESS,2025-05-20,64.9,2.668,5399.7,29,0
M013,PRESS,2025-05-21,64.7,3.241,5408.1,0,0
M013,PRESS,2025-05-22,61.48,2.522,5423.4,1,0
M013,PRESS,2025-05-23,64.63,2.93,5440.1,2,0
M013,PRESS,2025-05-24,63.56,3.121,5457.0,3,0
M013,PRESS,2025-05-25,73.26,3.063,5474.8,4,0
M013,PRESS,2025-05-26,67.56,3.599,5490.0,5,0
M013,PRESS,2025-05-27,71.85,3.989,5500.9,6,0
M013,PRESS,2025-05-28,61.19,3.725,5516.9,7,0
M013,PRESS,2025-05-29,64.86,3.42,5531.7,8,0
M013,PRESS,2025-05-30,60.14,2.983,5542.9,9,0
M013,PRESS,2025-05-31,68.53,3.063,5554.4,10,0
M013,PRESS,2025-06-01,69.81,3.004,5560.7,11,0
M013,PRESS,2025-06-02,62.7,3.446,5570.3,12,0
M013,PRESS,2025-06-03,69.47,3.479,5579.4,13,0
M013,PRESS,2025-06-04,66.6,3.014,5596.8,14,0
M013,PRESS,2025-06-05,65.03,3.268,5615.2,15,0
M013,PRESS,2025-06-06,70.11,2.102,5628.9,16,0
M013,PRESS,2025-06-07,56.7,2.296,5636.2,17,0
M013,PRESS,2025-06-08,69.86,3.274,5655.7,18,0
M013,PRESS,2025-06-09,57.72,3.475,5668.0,19,0
M013,PRESS,2025-06-10,63.12,2.838,5686.3,20,0
M013,PRESS,2025-06-11,66.92,2.589,5692.6,21,0
M013,PRESS,2025-06-12,59.02,2.995,5699.5,22,0
M013,PRESS,2025-06-13,75.34,2.997,5707.6,23,0
M013,PRESS,2025-06-14,63.06,3.185,5722.0,24,0
M013,PRESS,2025-06-15,58.11,3.319,5729.3,25,0
M013,PRESS,2025-06-16,67.16,3.964,5735.6,0,0
M013,PRESS,2025-06-17,74.76,3.175,5755.1,1,0
M013,PRESS,2025-06-18,64.34,3.323,5767.5,2,0
M013,PRESS,2025-06-19,62.95,3.381,5776.8,3,0
M013,PRESS,2025-06-20,71.77,3.012,5789.9,4,0
M013,PRESS,2025-06-21,68.4,3.249,5799.9,5,0
M013,PRESS,2025-06-22,68.8,2.928,5817.8,6,0
M013,PRESS,2025-06-23,69.62,3.421,5833.9,7,0
M013,PRESS,2025-06-24,66.63,3.44,5849.3,8,0
M013,PRESS,2025-06-25,67.2,2.707,5858.8,9,0
M013,PRESS,2025-06-26,65.75,2.982,5870.3,10,0
M013,PRESS,2025-06-27,65.72,2.674,5884.7,11,0
M013,PRESS,2025-06-28,62.47,2.961,5897.9,12,0
M013,PRESS,2025-06-29,64.52,3.643,5916.9,13,0
M014,ROBOT_ARM,2025-01-01,46.77,1.635,1394.8,17,0
M014,ROBOT_ARM,2025-01-02,46.39,1.582,1412.0,18,0
M014,ROBOT_ARM,2025-01-03,49.27,1.383,1429.1,19,0
M014,ROBOT_ARM,2025-01-04,48.8,1.079,1447.8,20,0
M014,ROBOT_ARM,2025-01-05,46.34,1.497,1461.3,21,0
M014,ROBOT_ARM,2025-01-06,50.2,1.319,1472.1,22,0
M014,ROBOT_ARM,2025-01-07,46.28,1.748,1480.4,23,0
M014,ROBOT_ARM,2025-01-08,47.0,1.492,1488.0,24,0
M014,ROBOT_ARM,2025-01-09,50.14,1.576,1494.8,25,0
M014,ROBOT_ARM,2025-01-10,43.61,1.825,1505.3,26,0
M014,ROBOT_ARM,2025-01-11,36.91,1.519,1513.6,27,0
M014,ROBOT_ARM,2025-01-12,41.62,1.476,1521.6,28,0
M014,ROBOT_ARM,2025-01-13,45.51,1.741,1530.7,29,0
M014,ROBOT_ARM,2025-01-14,46.71,1.175,1548.5,30,0
M014,ROBOT_ARM,2025-01-15,43.54,1.717,1555.7,31,0
M014,ROBOT_ARM,2025-01-16,51.02,1.033,1566.5,0,0
M014,ROBOT_ARM,2025-01-17,46.9,1.676,1581.6,1,0
M014,ROBOT_ARM,2025-01-18,51.66,1.531,1595.8,2,0
M014,ROBOT_ARM,2025-01-19,52.79,1.338,1608.9,3,0
M014,ROBOT_ARM,2025-01-20,48.01,1.352,1623.1,4,0
M014,ROBOT_ARM,2025-01-21,43.97,1.253,1637.0,5,0
M014,ROBOT_ARM,2025-01-22,48.59,1.634,1649.1,6,0
M014,ROBOT_ARM,2025-01-23,47.82,1.707,1655.5,7,0
M014,ROBOT_ARM,2025-01-24,47.66,1.7,1675.4,8,0
M014,ROBOT_ARM,2025-01-25,48.35,1.327,1690.1,9,0
M014,ROBOT_ARM,2025-01-26,49.91,1.376,1707.1,10,0
M014,ROBOT_ARM,2025-01-27,50.34,1.631,1715.9,11,0
M014,ROBOT_ARM,2025-01-28,47.17,1.332,1727.2,12,0
M014,ROBOT_ARM,2025-01-29,41.75,1.668,1733.3,13,0
M014,ROBOT_ARM,2025-01-30,44.79,1.781,1740.7,14,0
M014,ROBOT_ARM,2025-01-31,44.48,1.406,1758.5,15,0
M014,ROBOT_ARM,2025-02-01,50.36,1.056,1765.6,16,0
M014,ROBOT_ARM,2025-02-02,50.14,1.442,1782.5,17,0
M014,ROBOT_ARM,2025-02-03,49.52,0.95,1800.7,18,0
M014,ROBOT_ARM,2025-02-04,44.0,1.421,1807.1,19,0
M014,ROBOT_ARM,2025-02-05,54.73,0.819,1824.7,20,0
M014,ROBOT_ARM,2025-02-06,46.42,1.579,1842.8,21,0
M014,ROBOT_ARM,2025-02-07,48.1,2.044,1858.9,22,0
M014,ROBOT_ARM,2025-02-08,47.83,1.563,1868.1,23,0
M014,ROBOT_ARM,2025-02-09,47.5,1.445,1876.1,24,0
M014,ROBOT_ARM,2025-02-10,43.29,1.267,1888.6,25,0
M014,ROBOT_ARM,2025-02-11,50.93,1.354,1898.3,26,0
M014,ROBOT_ARM,2025-02-12,49.38,1.119,1908.2,0,0
M014,ROBOT_ARM,2025-02-13,42.27,1.692,1918.7,1,0
M014,ROBOT_ARM,2025-02-14,43.71,1.578,1929.5,2,0
M014,ROBOT_ARM,2025-02-15,39.64,1.775,1935.6,3,0
M014,ROBOT_ARM,2025-02-16,52.61,1.649,1949.6,4,0
M014,ROBOT_ARM,2025-02-17,53.76,1.633,1964.2,5,0
M014,ROBOT_ARM,2025-02-18,49.55,1.278,1979.2,6,0
M014,ROBOT_ARM,2025-02-19,43.88,1.795,1995.8,7,0
M014,ROBOT_ARM,2025-02-20,54.66,1.28,2007.0,8,0
M014,ROBOT_ARM,2025-02-21,49.5,1.723,2020.2,9,0
M014,ROBOT_ARM,2025-02-22,45.66,1.337,2030.9,10,0
M014,ROBOT_ARM,2025-02-23,46.39,1.81,2044.8,11,0
M014,ROBOT_ARM,2025-02-24,50.5,1.612,2058.6,12,0
M014,ROBOT_ARM,2025-02-25,50.03,1.071,2071.6,13,0
M014,ROBOT_ARM,2025-02-26,45.37,1.148,2078.8,14,0
M014,ROBOT_ARM,2025-02-27,49.73,1.834,2093.2,15,0
M014,ROBOT_ARM,2025-02-28,44.23,1.72,2111.4,16,0
M014,ROBOT_ARM,2025-03-01,48.53,1.017,2122.7,17,0
M014,ROBOT_ARM,2025-03-02,46.51,1.791,2130.5,18,0
M014,ROBOT_ARM,2025-03-03,51.94,1.263,2141.6,19,0
M014,ROBOT_ARM,2025-03-04,48.05,1.396,2153.0,20,0
M014,ROBOT_ARM,2025-03-05,50.82,1.854,2172.8,21,0
M014,ROBOT_ARM,2025-03-06,42.49,1.071,2184.7,22,0
M014,ROBOT_ARM,2025-03-07,47.75,1.404,2198.7,23,0
M014,ROBOT_ARM,2025-03-08,45.97,1.416,2216.4,24,0
M014,ROBOT_ARM,2025-03-09,49.78,1.525,2234.4,25,0
M014,ROBOT_ARM,2025-03-10,44.96,1.762,2248.6,26,0
M014,ROBOT_ARM,2025-03-11,49.23,1.632,2260.1,27,0
M014,ROBOT_ARM,2025-03-12,49.27,1.395,2269.9,28,0
M014,ROBOT_ARM,2025-03-13,48.93,1.619,2281.9,29,0
M014,ROBOT_ARM,2025-03-14,52.1,1.316,2298.8,30,0
M014,ROBOT_ARM,2025-03-15,45.37,1.665,2309.6,31,0
M014,ROBOT_ARM,2025-03-16,51.5,1.306,2320.2,0,0
M014,ROBOT_ARM,2025-03-17,51.03,1.589,2337.4,1,0
M014,ROBOT_ARM,2025-03-18,44.43,1.997,2344.4,2,0
M014,ROBOT_ARM,2025-03-19,48.37,1.974,2362.6,3,0
M014,ROBOT_ARM,2025-03-20,48.39,1.888,2370.8,4,0
M014,ROBOT_ARM,2025-03-21,45.9,1.604,2380.9,5,0
M014,ROBOT_ARM,2025-03-22,47.08,1.841,2393.8,6,0
M014,ROBOT_ARM,2025-03-23,55.52,1.935,2406.3,7,0
M014,ROBOT_ARM,2025-03-24,51.06,2.005,2417.9,8,0
M014,ROBOT_ARM,2025-03-25,43.17,1.582,2429.5,9,0
M014,ROBOT_ARM,2025-03-26,48.95,1.642,2443.7,10,0
M014,ROBOT_ARM,2025-03-27,48.69,1.091,2459.3,11,0
M014,ROBOT_ARM,2025-03-28,50.63,1.317,2473.0,12,0
M014,ROBOT_ARM,2025-03-29,46.3,1.796,2492.2,13,0
M014,ROBOT_ARM,2025-03-30,53.22,1.521,2503.9,14,0
M014,ROBOT_ARM,2025-03-31,46.2,1.636,2518.8,15,0
M014,ROBOT_ARM,2025-04-01,44.15,1.496,2526.6,16,0
M014,ROBOT_ARM,2025-04-02,46.03,1.239,2536.0,17,0
M014,ROBOT_ARM,2025-04-03,48.74,1.682,2552.7,18,0
M014,ROBOT_ARM,2025-04-04,47.94,1.121,2562.6,19,0
M014,ROBOT_ARM,2025-04-05,45.35,1.409,2572.3,20,0
M014,ROBOT_ARM,2025-04-06,47.44,1.412,2581.1,21,0
M014,ROBOT_ARM,2025-04-07,48.88,1.844,2587.2,22,0
M014,ROBOT_ARM,2025-04-08,46.63,1.394,2595.7,23,0
M014,ROBOT_ARM,2025-04-09,48.69,1.495,2604.9,24,0
M014,ROBOT_ARM,2025-04-10,50.16,1.955,2624.2,25,0
M014,ROBOT_ARM,2025-04-11,40.36,1.581,2632.4,26,0
M014,ROBOT_ARM,2025-04-12,51.06,1.663,2646.6,27,0
M014,ROBOT_ARM,2025-04-13,52.2,1.565,2652.6,28,0
M014,ROBOT_ARM,2025-04-14,50.62,1.52,2670.5,29,0
M014,ROBOT_ARM,2025-04-15,49.61,2.051,2682.0,30,0
M014,ROBOT_ARM,2025-04-16,49.44,1.43,2701.0,31,0
M014,ROBOT_ARM,2025-04-17,39.76,1.777,2710.6,32,0
M014,ROBOT_ARM,2025-04-18,48.7,1.409,2719.7,0,0
M014,ROBOT_ARM,2025-04-19,45.68,1.842,2725.9,1,0
M014,ROBOT_ARM,2025-04-20,45.5,1.41,2737.7,2,0
M014,ROBOT_ARM,2025-04-21,51.27,1.768,2753.6,3,0
M014,ROBOT_ARM,2025-04-22,47.93,1.716,2765.9,4,0
M014,ROBOT_ARM,2025-04-23,47.53,1.484,2780.8,5,0
M014,ROBOT_ARM,2025-04-24,51.09,1.314,2791.4,6,0
M014,ROBOT_ARM,2025-04-25,45.34,1.285,2808.2,7,0
M014,ROBOT_ARM,2025-04-26,45.0,1.368,2824.9,8,0
M014,ROBOT_ARM,2025-04-27,44.85,1.257,2832.9,9,0
M014,ROBOT_ARM,2025-04-28,50.05,1.229,2849.5,10,0
M014,ROBOT_ARM,2025-04-29,52.4,1.301,2860.3,11,0
M014,ROBOT_ARM,2025-04-30,44.0,1.717,2880.2,12,0
M014,ROBOT_ARM,2025-05-01,49.91,1.471,2896.3,13,0
M014,ROBOT_ARM,2025-05-02,49.42,1.677,2910.9,14,0
M014,ROBOT_ARM,2025-05-03,54.73,1.355,2928.0,15,0
M014,ROBOT_ARM,2025-05-04,53.35,2.068,2941.9,16,0
M014,ROBOT_ARM,2025-05-05,51.39,1.866,2948.2,17,0
M014,ROBOT_ARM,2025-05-06,47.89,1.066,2966.0,18,0
M014,ROBOT_ARM,2025-05-07,47.88,1.897,2984.3,19,0
M014,ROBOT_ARM,2025-05-08,44.12,1.295,2995.2,20,0
M014,ROBOT_ARM,2025-05-09,50.68,1.53,3009.7,21,0
M014,ROBOT_ARM,2025-05-10,46.49,1.795,3024.7,22,0
M014,ROBOT_ARM,2025-05-11,48.92,1.442,3039.4,23,0
M014,ROBOT_ARM,2025-05-12,45.63,1.483,3059.1,24,0
M014,ROBOT_ARM,2025-05-13,46.15,1.222,3076.4,25,0
M014,ROBOT_ARM,2025-05-14,50.32,1.441,3089.8,26,0
M014,ROBOT_ARM,2025-05-15,49.69,1.194,3109.5,0,0
M014,ROBOT_ARM,2025-05-16,44.88,1.825,3125.2,1,0
M014,ROBOT_ARM,2025-05-17,49.12,1.725,3143.2,2,0
M014,ROBOT_ARM,2025-05-18,43.52,1.584,3160.7,3,0
M014,ROBOT_ARM,2025-05-19,47.05,1.579,3178.6,4,0
M014,ROBOT_ARM,2025-05-20,47.6,1.473,3192.3,5,0
M014,ROBOT_ARM,2025-05-21,49.63,1.633,3201.7,6,0
M014,ROBOT_ARM,2025-05-22,52.22,1.602,3210.4,7,0
M014,ROBOT_ARM,2025-05-23,56.54,1.423,3225.6,8,0
M014,ROBOT_ARM,2025-05-24,50.39,1.874,3232.2,9,0
M014,ROBOT_ARM,2025-05-25,47.32,1.6,3244.7,10,0
M014,ROBOT_ARM,2025-05-26,48.4,1.319,3260.8,11,0
M014,ROBOT_ARM,2025-05-27,45.31,0.742,3267.1,12,0
M014,ROBOT_ARM,2025-05-28,49.13,1.412,3273.3,13,0
M014,ROBOT_ARM,2025-05-29,47.21,1.47,3287.6,14,0
M014,ROBOT_ARM,2025-05-30,49.38,1.269,3304.2,15,0
M014,ROBOT_ARM,2025-05-31,49.9,1.422,3319.1,16,0
M014,ROBOT_ARM,2025-06-01,48.6,1.071,3332.4,17,0
M014,ROBOT_ARM,2025-06-02,49.56,1.179,3343.6,18,0
M014,ROBOT_ARM,2025-06-03,50.33,1.379,3355.7,19,0
M014,ROBOT_ARM,2025-06-04,49.03,1.454,3366.6,20,0
M014,ROBOT_ARM,2025-06-05,53.2,1.668,3375.0,21,0
M014,ROBOT_ARM,2025-06-06,41.35,1.288,3391.0,22,0
M014,ROBOT_ARM,2025-06-07,46.6,0.919,3397.6,23,0
M014,ROBOT_ARM,2025-06-08,44.76,1.546,3405.7,24,0
M014,ROBOT_ARM,2025-06-09,46.99,1.65,3417.8,25,0
M014,ROBOT_ARM,2025-06-10,50.84,1.424,3433.1,26,0
M014,ROBOT_ARM,2025-06-11,47.71,1.933,3450.5,27,0
M014,ROBOT_ARM,2025-06-12,50.98,1.742,3460.4,28,0
M014,ROBOT_ARM,2025-06-13,46.38,0.959,3476.1,0,0
M014,ROBOT_ARM,2025-06-14,46.92,1.656,3483.6,1,0
M014,ROBOT_ARM,2025-06-15,45.2,1.618,3489.7,2,0
M014,ROBOT_ARM,2025-06-16,48.75,1.702,3495.8,3,0
M014,ROBOT_ARM,2025-06-17,48.41,0.793,3510.7,4,0
M014,ROBOT_ARM,2025-06-18,47.63,1.407,3519.2,5,0
M014,ROBOT_ARM,2025-06-19,43.91,1.599,3526.2,6,0
M014,ROBOT_ARM,2025-06-20,53.18,1.53,3540.0,7,0
M014,ROBOT_ARM,2025-06-21,49.89,1.516,3548.6,8,0
M014,ROBOT_ARM,2025-06-22,43.41,1.697,3556.8,9,0
M014,ROBOT_ARM,2025-06-23,45.59,1.515,3572.6,10,0
M014,ROBOT_ARM,2025-06-24,45.89,1.308,3587.6,11,0
M014,ROBOT_ARM,2025-06-25,40.86,1.668,3598.1,12,0
M014,ROBOT_ARM,2025-06-26,45.36,1.154,3610.6,13,0
M014,ROBOT_ARM,2025-06-27,47.44,1.647,3628.4,14,0
M014,ROBOT_ARM,2025-06-28,48.18,1.431,3643.8,15,0
M014,ROBOT_ARM,2025-06-29,48.26,1.39,3652.4,16,0
M015,PUMP,2025-01-01,56.99,2.943,1165.7,10,0
M015,PUMP,2025-01-02,62.19,2.049,1175.5,11,0
M015,PUMP,2025-01-03,62.22,3.088,1193.2,12,0
M015,PUMP,2025-01-04,55.45,2.674,1208.4,13,0
M015,PUMP,2025-01-05,59.91,2.418,1226.2,14,0
M015,PUMP,2025-01-06,58.92,2.918,1233.7,15,0
M015,PUMP,2025-01-07,61.94,2.145,1244.6,16,0
M015,PUMP,2025-01-08,62.92,2.805,1251.3,17,0
M015,PUMP,2025-01-09,56.57,2.554,1259.2,18,0
M015,PUMP,2025-01-10,57.86,2.454,1272.3,19,0
M015,PUMP,2025-01-11,63.53,2.296,1285.5,20,0
M015,PUMP,2025-01-12,62.22,2.186,1301.4,21,0
M015,PUMP,2025-01-13,60.13,2.812,1318.4,22,0
M015,PUMP,2025-01-14,53.29,2.446,1336.0,23,0
M015,PUMP,2025-01-15,55.64,2.489,1352.3,24,0
M015,PUMP,2025-01-16,52.82,2.216,1364.6,25,0
M015,PUMP,2025-01-17,61.39,2.774,1374.7,26,0
M015,PUMP,2025-01-18,55.07,2.3,1387.3,27,0
M015,PUMP,2025-01-19,63.39,1.788,1404.5,28,0
M015,PUMP,2025-01-20,56.75,2.373,1420.3,29,0
M015,PUMP,2025-01-21,61.52,2.412,1430.1,0,0
M015,PUMP,2025-01-22,58.87,2.483,1442.9,1,0
M015,PUMP,2025-01-23,58.01,2.596,1456.0,2,0
M015,PUMP,2025-01-24,63.29,2.734,1469.4,3,0
M015,PUMP,2025-01-25,61.03,1.812,1482.6,4,0
M015,PUMP,2025-01-26,57.59,2.244,1495.9,5,0
M015,PUMP,2025-01-27,63.31,2.672,1509.7,6,0
M015,PUMP,2025-01-28,58.97,2.816,1524.1,7,0
M015,PUMP,2025-01-29,62.14,2.161,1541.1,8,0
M015,PUMP,2025-01-30,65.94,2.556,1556.2,9,0
M015,PUMP,2025-01-31,61.81,2.538,1563.1,10,0
M015,PUMP,2025-02-01,53.92,2.404,1579.2,11,0
M015,PUMP,2025-02-02,62.84,2.307,1593.0,12,0
M015,PUMP,2025-02-03,55.42,2.308,1599.1,13,0
M015,PUMP,2025-02-04,60.94,2.233,1609.6,14,0
M015,PUMP,2025-02-05,64.56,1.752,1618.8,15,0
M015,PUMP,2025-02-06,59.29,2.176,1627.7,16,0
M015,PUMP,2025-02-07,62.1,2.177,1644.9,17,0
M015,PUMP,2025-02-08,53.85,2.261,1658.7,18,0
M015,PUMP,2025-02-09,61.87,2.083,1670.6,19,0
M015,PUMP,2025-02-10,58.89,2.494,1686.9,20,0
M015,PUMP,2025-02-11,61.6,2.218,1703.7,21,0
M015,PUMP,2025-02-12,62.98,2.816,1711.6,22,0
M015,PUMP,2025-02-13,58.32,2.315,1719.3,23,0
M015,PUMP,2025-02-14,62.17,2.328,1729.7,24,0
M015,PUMP,2025-02-15,61.86,3.009,1745.3,25,0
M015,PUMP,2025-02-16,55.84,3.066,1762.1,26,0
M015,PUMP,2025-02-17,56.61,2.811,1777.7,27,0
M015,PUMP,2025-02-18,59.41,2.691,1785.2,0,0
M015,PUMP,2025-02-19,61.15,3.0,1805.0,1,0
M015,PUMP,2025-02-20,61.0,2.033,1824.0,2,0
M015,PUMP,2025-02-21,59.26,2.617,1838.9,3,0
M015,PUMP,2025-02-22,57.54,2.814,1851.5,4,0
M015,PUMP,2025-02-23,56.95,2.323,1863.4,5,0
M015,PUMP,2025-02-24,63.85,3.541,1873.0,6,0
M015,PUMP,2025-02-25,56.14,1.934,1888.8,7,0
M015,PUMP,2025-02-26,63.73,2.97,1895.2,8,0
M015,PUMP,2025-02-27,58.97,2.504,1904.9,9,0
M015,PUMP,2025-02-28,62.26,2.545,1920.0,10,0
M015,PUMP,2025-03-01,58.96,2.401,1935.4,11,0
M015,PUMP,2025-03-02,54.71,2.276,1945.0,12,0
M015,PUMP,2025-03-03,60.07,2.611,1952.6,13,0
M015,PUMP,2025-03-04,62.03,2.37,1969.3,14,0
M015,PUMP,2025-03-05,54.64,2.505,1984.4,15,0
M015,PUMP,2025-03-06,59.77,2.894,2004.3,16,0
M015,PUMP,2025-03-07,60.58,2.843,2015.9,17,0
M015,PUMP,2025-03-08,57.07,3.108,2034.4,18,0
M015,PUMP,2025-03-09,62.28,2.566,2041.1,19,0
M015,PUMP,2025-03-10,59.13,2.655,2057.3,20,0
M015,PUMP,2025-03-11,63.12,2.143,2064.9,21,0
M015,PUMP,2025-03-12,65.14,2.57,2082.7,22,0
M015,PUMP,2025-03-13,57.53,2.487,2096.5,23,0
M015,PUMP,2025-03-14,59.05,2.114,2107.7,24,0
M015,PUMP,2025-03-15,62.51,2.965,2118.4,25,0
M015,PUMP,2025-03-16,60.43,1.858,2128.0,26,0
M015,PUMP,2025-03-17,59.92,1.898,2139.9,27,0
M015,PUMP,2025-03-18,61.28,3.103,2151.8,0,0
M015,PUMP,2025-03-19,61.51,2.524,2160.9,1,0
M015,PUMP,2025-03-20,62.16,2.612,2178.1,2,0
M015,PUMP,2025-03-21,63.15,2.155,2185.3,3,0
M015,PUMP,2025-03-22,61.89,2.768,2202.4,4,0
M015,PUMP,2025-03-23,62.89,2.908,2220.0,5,0
M015,PUMP,2025-03-24,58.37,3.038,2232.7,6,0
M015,PUMP,2025-03-25,62.46,2.54,2244.2,7,0
M015,PUMP,2025-03-26,61.93,2.405,2251.5,8,0
M015,PUMP,2025-03-27,56.45,2.466,2261.2,9,0
M015,PUMP,2025-03-28,54.96,2.325,2279.4,10,0
M015,PUMP,2025-03-29,66.71,2.625,2288.7,11,0
M015,PUMP,2025-03-30,58.05,2.386,2301.3,12,0
M015,PUMP,2025-03-31,56.9,2.713,2308.4,13,0
M015,PUMP,2025-04-01,56.8,2.426,2327.2,14,0
M015,PUMP,2025-04-02,61.77,1.506,2342.6,15,0
M015,PUMP,2025-04-03,63.45,2.301,2354.8,16,0
M015,PUMP,2025-04-04,62.58,2.784,2370.1,17,0
M015,PUMP,2025-04-05,61.59,2.64,2376.2,18,0
M015,PUMP,2025-04-06,56.41,2.63,2386.4,19,0
M015,PUMP,2025-04-07,56.04,2.416,2399.2,20,0
M015,PUMP,2025-04-08,63.51,1.921,2409.6,21,0
M015,PUMP,2025-04-09,60.37,2.681,2418.6,22,0
M015,PUMP,2025-04-10,59.38,2.962,2429.2,23,0
M015,PUMP,2025-04-11,62.73,2.488,2446.9,24,0
M015,PUMP,2025-04-12,55.98,2.33,2458.1,25,0
M015,PUMP,2025-04-13,61.23,2.44,2469.3,26,0
M015,PUMP,2025-04-14,61.34,2.605,2485.5,27,0
M015,PUMP,2025-04-15,58.46,2.496,2500.2,28,0
M015,PUMP,2025-04-16,61.44,2.475,2514.7,29,0
M015,PUMP,2025-04-17,60.42,2.732,2520.9,30,0
M015,PUMP,2025-04-18,63.93,2.91,2526.9,31,0
M015,PUMP,2025-04-19,60.21,2.599,2546.0,32,0
M015,PUMP,2025-04-20,59.05,2.71,2559.9,0,0
M015,PUMP,2025-04-21,60.68,2.503,2566.1,1,0
M015,PUMP,2025-04-22,64.59,2.618,2580.7,2,0
M015,PUMP,2025-04-23,59.3,2.477,2595.7,3,0
M015,PUMP,2025-04-24,61.04,2.735,2608.3,4,0
M015,PUMP,2025-04-25,53.34,3.347,2620.5,5,0
M015,PUMP,2025-04-26,65.21,2.599,2628.2,6,0
M015,PUMP,2025-04-27,58.35,2.352,2643.4,7,0
M015,PUMP,2025-04-28,60.07,3.079,2661.9,8,0
M015,PUMP,2025-04-29,59.24,2.276,2669.7,9,0
M015,PUMP,2025-04-30,59.19,2.014,2676.5,10,0
M015,PUMP,2025-05-01,63.91,2.183,2693.2,11,0
M015,PUMP,2025-05-02,60.1,2.45,2700.1,12,0
M015,PUMP,2025-05-03,55.99,2.875,2711.0,13,0
M015,PUMP,2025-05-04,60.89,2.609,2722.4,14,0
M015,PUMP,2025-05-05,57.3,2.125,2732.1,15,0
M015,PUMP,2025-05-06,60.24,2.612,2751.9,16,0
M015,PUMP,2025-05-07,57.81,2.204,2765.0,17,0
M015,PUMP,2025-05-08,58.16,3.263,2778.8,18,0
M015,PUMP,2025-05-09,57.26,2.494,2787.2,19,0
M015,PUMP,2025-05-10,60.94,2.565,2806.6,20,0
M015,PUMP,2025-05-11,61.38,2.397,2822.7,21,0
M015,PUMP,2025-05-12,59.91,2.966,2840.5,22,0
M015,PUMP,2025-05-13,57.39,3.182,2849.4,23,0
M015,PUMP,2025-05-14,56.92,2.443,2862.2,24,0
M015,PUMP,2025-05-15,58.62,2.566,2872.5,25,0
M015,PUMP,2025-05-16,62.4,2.48,2884.0,26,0
M015,PUMP,2025-05-17,62.03,2.734,2897.3,27,0
M015,PUMP,2025-05-18,62.67,2.413,2906.7,28,0
M015,PUMP,2025-05-19,49.72,1.857,2920.2,29,0
M015,PUMP,2025-05-20,57.8,2.241,2938.8,0,0
M015,PUMP,2025-05-21,66.36,2.842,2951.5,1,0
M015,PUMP,2025-05-22,58.43,2.507,2966.9,2,0
M015,PUMP,2025-05-23,59.92,1.743,2979.3,3,0
M015,PUMP,2025-05-24,52.7,2.274,2997.4,4,0
M015,PUMP,2025-05-25,60.07,3.211,3012.1,5,0
M015,PUMP,2025-05-26,55.02,2.227,3025.7,6,0
M015,PUMP,2025-05-27,67.85,2.278,3038.6,7,0
M015,PUMP,2025-05-28,58.99,2.745,3044.9,8,0
M015,PUMP,2025-05-29,67.63,3.281,3053.7,9,0
M015,PUMP,2025-05-30,67.53,3.703,3062.7,10,0
M015,PUMP,2025-05-31,62.15,2.889,3071.6,11,0
M015,PUMP,2025-06-01,71.47,3.557,3084.3,12,0
M015,PUMP,2025-06-02,67.73,2.787,3103.0,13,0
M015,PUMP,2025-06-03,62.49,3.329,3118.8,14,0
M015,PUMP,2025-06-04,73.29,3.854,3138.3,15,0
M015,PUMP,2025-06-05,70.53,3.945,3151.0,16,0
M015,PUMP,2025-06-06,67.17,3.841,3160.6,17,0
M015,PUMP,2025-06-07,76.52,2.701,3175.7,18,0
M015,PUMP,2025-06-08,72.85,4.416,3192.5,19,0
M015,PUMP,2025-06-09,70.57,3.749,3203.6,20,0
M015,PUMP,2025-06-10,71.99,3.019,3214.1,21,0
M015,PUMP,2025-06-11,67.93,3.942,3230.6,22,0
M015,PUMP,2025-06-12,76.61,3.873,3247.7,23,0
M015,PUMP,2025-06-13,74.91,5.644,3265.9,24,0
M015,PUMP,2025-06-14,70.59,3.494,3279.1,25,0
M015,PUMP,2025-06-15,75.9,3.864,3290.7,26,1
M015,PUMP,2025-06-16,65.1,3.726,3302.7,27,1
M015,PUMP,2025-06-17,77.35,5.541,3309.3,28,1
M015,PUMP,2025-06-18,78.89,4.098,3326.5,29,1
M015,PUMP,2025-06-19,68.89,3.681,3345.5,30,1
M015,PUMP,2025-06-20,74.92,4.947,3364.9,31,1
M015,PUMP,2025-06-21,80.73,3.878,3371.0,32,1
M015,PUMP,2025-06-22,54.41,2.844,3388.4,0,0
M016,CNC_MILL,2025-01-01,54.39,2.052,1214.6,6,0
M016,CNC_MILL,2025-01-02,51.9,2.546,1224.8,7,0
M016,CNC_MILL,2025-01-03,55.84,2.55,1237.5,8,0
M016,CNC_MILL,2025-01-04,59.01,1.897,1247.0,9,0
M016,CNC_MILL,2025-01-05,53.52,1.555,1256.3,10,0
M016,CNC_MILL,2025-01-06,49.66,2.129,1270.9,11,0
M016,CNC_MILL,2025-01-07,55.79,1.832,1279.2,12,0
M016,CNC_MILL,2025-01-08,52.85,2.283,1290.8,13,0
M016,CNC_MILL,2025-01-09,56.31,1.771,1309.5,14,0
M016,CNC_MILL,2025-01-10,54.01,2.135,1315.6,15,0
M016,CNC_MILL,2025-01-11,50.74,2.045,1325.6,16,0
M016,CNC_MILL,2025-01-12,54.23,2.383,1332.6,17,0
M016,CNC_MILL,2025-01-13,58.61,2.205,1340.8,18,0
M016,CNC_MILL,2025-01-14,53.59,2.336,1355.2,19,0
M016,CNC_MILL,2025-01-15,51.08,2.068,1363.1,20,0
M016,CNC_MILL,2025-01-16,51.02,1.992,1376.2,21,0
M016,CNC_MILL,2025-01-17,57.05,2.196,1392.1,22,0
M016,CNC_MILL,2025-01-18,49.22,1.753,1398.4,23,0
M016,CNC_MILL,2025-01-19,55.32,2.299,1413.5,24,0
M016,CNC_MILL,2025-01-20,52.0,1.5,1425.4,25,0
M016,CNC_MILL,2025-01-21,55.26,2.113,1437.0,26,0
M016,CNC_MILL,2025-01-22,56.84,1.532,1451.5,27,0
M016,CNC_MILL,2025-01-23,55.56,2.324,1470.8,0,0
M016,CNC_MILL,2025-01-24,55.9,1.957,1488.4,1,0
M016,CNC_MILL,2025-01-25,51.78,1.89,1503.4,2,0
M016,CNC_MILL,2025-01-26,54.34,1.6,1517.8,3,0
M016,CNC_MILL,2025-01-27,52.09,1.608,1534.3,4,0
M016,CNC_MILL,2025-01-28,53.7,2.656,1553.0,5,0
M016,CNC_MILL,2025-01-29,52.9,2.44,1565.0,6,0
M016,CNC_MILL,2025-01-30,58.91,1.686,1581.7,7,0
M016,CNC_MILL,2025-01-31,52.74,2.461,1597.1,8,0
M016,CNC_MILL,2025-02-01,50.31,2.218,1615.5,9,0
M016,CNC_MILL,2025-02-02,54.48,2.402,1625.0,10,0
M016,CNC_MILL,2025-02-03,55.06,1.88,1638.1,11,0
M016,CNC_MILL,2025-02-04,60.76,2.059,1657.3,12,0
M016,CNC_MILL,2025-02-05,58.51,1.836,1670.6,13,0
M016,CNC_MILL,2025-02-06,58.2,2.116,1686.2,14,0
M016,CNC_MILL,2025-02-07,57.63,1.976,1696.7,15,0
M016,CNC_MILL,2025-02-08,48.35,1.941,1706.2,16,0
M016,CNC_MILL,2025-02-09,53.43,1.544,1713.4,17,0
M016,CNC_MILL,2025-02-10,55.51,2.176,1723.9,18,0
M016,CNC_MILL,2025-02-11,59.73,2.225,1734.2,19,0
M016,CNC_MILL,2025-02-12,50.05,2.221,1740.6,20,0
M016,CNC_MILL,2025-02-13,52.84,2.016,1757.4,21,0
M016,CNC_MILL,2025-02-14,55.94,2.257,1764.3,22,0
M016,CNC_MILL,2025-02-15,53.1,1.428,1779.4,23,0
M016,CNC_MILL,2025-02-16,56.84,1.434,1797.4,24,0
M016,CNC_MILL,2025-02-17,55.92,2.553,1812.9,25,0
M016,CNC_MILL,2025-02-18,55.65,2.058,1825.2,26,0
M016,CNC_MILL,2025-02-19,57.49,2.239,1844.5,27,0
M016,CNC_MILL,2025-02-20,57.91,1.805,1855.2,28,0
M016,CNC_MILL,2025-02-21,55.39,1.743,1867.9,29,0
M016,CNC_MILL,2025-02-22,53.43,1.727,1878.4,30,0
M016,CNC_MILL,2025-02-23,52.52,1.852,1890.5,31,0
M016,CNC_MILL,2025-02-24,51.78,1.972,1905.6,0,0
M016,CNC_MILL,2025-02-25,52.09,2.007,1923.6,1,0
M016,CNC_MILL,2025-02-26,54.52,1.927,1930.3,2,0
M016,CNC_MILL,2025-02-27,62.91,2.447,1941.8,3,0
M016,CNC_MILL,2025-02-28,52.67,1.63,1954.2,4,0
M016,CNC_MILL,2025-03-01,57.17,1.922,1972.8,5,0
M016,CNC_MILL,2025-03-02,53.67,2.222,1981.4,6,0
M016,CNC_MILL,2025-03-03,54.96,2.078,1995.1,7,0
M016,CNC_MILL,2025-03-04,51.28,1.975,2005.6,8,0
M016,CNC_MILL,2025-03-05,53.87,2.095,2022.5,9,0
M016,CNC_MILL,2025-03-06,60.2,2.349,2035.4,10,0
M016,CNC_MILL,2025-03-07,56.31,2.55,2050.0,11,0
M016,CNC_MILL,2025-03-08,55.28,1.803,2058.9,12,0
M016,CNC_MILL,2025-03-09,56.97,2.077,2070.6,13,0
M016,CNC_MILL,2025-03-10,56.46,1.974,2076.9,14,0
M016,CNC_MILL,2025-03-11,55.32,2.327,2093.4,15,0
M016,CNC_MILL,2025-03-12,51.5,1.52,2106.6,16,0
M016,CNC_MILL,2025-03-13,54.31,2.0,2114.1,17,0
M016,CNC_MILL,2025-03-14,54.8,1.906,2124.4,18,0
M016,CNC_MILL,2025-03-15,62.96,2.357,2140.8,19,0
M016,CNC_MILL,2025-03-16,58.24,1.653,2158.6,20,0
M016,CNC_MILL,2025-03-17,55.49,2.098,2175.4,21,0
M016,CNC_MILL,2025-03-18,57.78,2.051,2188.0,22,0
M016,CNC_MILL,2025-03-19,49.48,2.075,2203.6,23,0
M016,CNC_MILL,2025-03-20,56.33,2.055,2221.2,24,0
M016,CNC_MILL,2025-03-21,54.98,2.292,2235.6,25,0
M016,CNC_MILL,2025-03-22,49.78,2.095,2251.8,26,0
M016,CNC_MILL,2025-03-23,53.12,1.988,2270.2,0,0
M016,CNC_MILL,2025-03-24,53.17,2.503,2285.3,1,0
M016,CNC_MILL,2025-03-25,57.45,1.695,2292.7,2,0
M016,CNC_MILL,2025-03-26,57.61,1.721,2299.7,3,0
M016,CNC_MILL,2025-03-27,55.86,2.283,2308.4,4,0
M016,CNC_MILL,2025-03-28,54.4,2.012,2319.3,5,0
M016,CNC_MILL,2025-03-29,53.7,2.498,2329.5,6,0
M016,CNC_MILL,2025-03-30,57.44,1.722,2336.4,7,0
M016,CNC_MILL,2025-03-31,56.93,1.829,2354.7,8,0
M016,CNC_MILL,2025-04-01,54.47,1.971,2365.9,9,0
M016,CNC_MILL,2025-04-02,57.0,2.663,2381.2,10,0
M016,CNC_MILL,2025-04-03,51.15,2.335,2397.7,11,0
M016,CNC_MILL,2025-04-04,57.34,1.663,2406.9,12,0
M016,CNC_MILL,2025-04-05,56.01,2.203,2418.4,13,0
M016,CNC_MILL,2025-04-06,56.16,2.006,2432.2,14,0
M016,CNC_MILL,2025-04-07,56.31,2.18,2446.7,15,0
M016,CNC_MILL,2025-04-08,59.51,1.972,2454.7,16,0
M016,CNC_MILL,2025-04-09,53.6,1.873,2471.6,17,0
M016,CNC_MILL,2025-04-10,54.29,2.042,2486.8,18,0
M016,CNC_MILL,2025-04-11,54.03,1.99,2498.8,19,0
M016,CNC_MILL,2025-04-12,60.95,2.227,2506.9,20,0
M016,CNC_MILL,2025-04-13,53.16,1.999,2515.5,21,0
M016,CNC_MILL,2025-04-14,52.04,2.222,2532.7,22,0
M016,CNC_MILL,2025-04-15,52.49,2.096,2551.9,23,0
M016,CNC_MILL,2025-04-16,52.94,2.73,2567.7,24,0
M016,CNC_MILL,2025-04-17,57.65,1.636,2585.0,25,0
M016,CNC_MILL,2025-04-18,53.2,2.178,2604.4,26,0
M016,CNC_MILL,2025-04-19,51.79,1.579,2619.8,27,0
M016,CNC_MILL,2025-04-20,56.02,1.931,2637.9,28,0
M016,CNC_MILL,2025-04-21,58.1,1.844,2645.7,29,0
M016,CNC_MILL,2025-04-22,52.01,1.479,2656.6,30,0
M016,CNC_MILL,2025-04-23,57.97,2.408,2668.4,31,0
M016,CNC_MILL,2025-04-24,55.37,2.176,2683.6,32,0
M016,CNC_MILL,2025-04-25,53.46,1.742,2697.1,33,0
M016,CNC_MILL,2025-04-26,58.8,2.213,2704.8,0,0
M016,CNC_MILL,2025-04-27,56.92,2.509,2723.2,1,0
M016,CNC_MILL,2025-04-28,57.89,2.289,2738.6,2,0
M016,CNC_MILL,2025-04-29,56.17,1.78,2751.6,3,0
M016,CNC_MILL,2025-04-30,51.83,1.842,2759.1,4,0
M016,CNC_MILL,2025-05-01,53.69,1.906,2770.2,5,0
M016,CNC_MILL,2025-05-02,56.58,2.002,2784.3,6,0
M016,CNC_MILL,2025-05-03,59.14,1.845,2790.8,7,0
M016,CNC_MILL,2025-05-04,58.29,1.974,2800.9,8,0
M016,CNC_MILL,2025-05-05,56.17,1.756,2816.3,9,0
M016,CNC_MILL,2025-05-06,55.0,1.798,2827.6,10,0
M016,CNC_MILL,2025-05-07,54.64,1.717,2837.6,11,0
M016,CNC_MILL,2025-05-08,52.84,2.123,2855.0,12,0
M016,CNC_MILL,2025-05-09,51.96,1.969,2870.4,13,0
M016,CNC_MILL,2025-05-10,48.23,2.129,2877.3,14,0
M016,CNC_MILL,2025-05-11,57.59,2.264,2886.8,15,0
M016,CNC_MILL,2025-05-12,52.22,2.03,2905.9,16,0
M016,CNC_MILL,2025-05-13,60.24,1.398,2917.5,17,0
M016,CNC_MILL,2025-05-14,60.81,2.041,2924.3,18,0
M016,CNC_MILL,2025-05-15,57.33,1.733,2933.9,19,0
M016,CNC_MILL,2025-05-16,58.82,1.526,2942.1,20,0
M016,CNC_MILL,2025-05-17,51.68,1.995,2961.4,21,0
M016,CNC_MILL,2025-05-18,62.76,2.126,2978.5,22,0
M016,CNC_MILL,2025-05-19,49.26,1.985,2986.7,23,0
M016,CNC_MILL,2025-05-20,54.21,1.617,3004.0,24,0
M016,CNC_MILL,2025-05-21,57.01,2.677,3010.9,25,0
M016,CNC_MILL,2025-05-22,53.43,2.645,3030.5,26,0
M016,CNC_MILL,2025-05-23,54.97,1.916,3042.3,27,0
M016,CNC_MILL,2025-05-24,54.15,2.357,3056.4,28,0
M016,CNC_MILL,2025-05-25,57.09,1.498,3068.2,29,0
M016,CNC_MILL,2025-05-26,55.38,1.816,3086.3,0,0
M016,CNC_MILL,2025-05-27,55.15,1.942,3101.5,1,0
M016,CNC_MILL,2025-05-28,57.15,1.921,3121.3,2,0
M016,CNC_MILL,2025-05-29,54.15,2.316,3137.1,3,0
M016,CNC_MILL,2025-05-30,56.45,2.299,3148.6,4,0
M016,CNC_MILL,2025-05-31,48.39,1.934,3167.1,5,0
M016,CNC_MILL,2025-06-01,60.52,2.27,3175.8,6,0
M016,CNC_MILL,2025-06-02,58.59,2.252,3188.1,7,0
M016,CNC_MILL,2025-06-03,53.96,2.218,3204.0,8,0
M016,CNC_MILL,2025-06-04,57.39,2.499,3222.3,9,0
M016,CNC_MILL,2025-06-05,50.29,2.136,3239.5,10,0
M016,CNC_MILL,2025-06-06,58.16,2.104,3252.2,11,0
M016,CNC_MILL,2025-06-07,56.5,2.197,3268.8,12,0
M016,CNC_MILL,2025-06-08,56.27,1.519,3282.2,13,0
M016,CNC_MILL,2025-06-09,49.94,2.249,3288.9,14,0
M016,CNC_MILL,2025-06-10,54.41,1.907,3307.2,15,0
M016,CNC_MILL,2025-06-11,58.39,1.968,3320.5,16,0
M016,CNC_MILL,2025-06-12,55.43,1.884,3327.5,17,0
M016,CNC_MILL,2025-06-13,62.04,1.58,3335.6,18,0
M016,CNC_MILL,2025-06-14,59.78,1.824,3352.8,19,0
M016,CNC_MILL,2025-06-15,50.67,2.191,3371.7,20,0
M016,CNC_MILL,2025-06-16,60.23,2.199,3390.7,21,0
M016,CNC_MILL,2025-06-17,59.24,1.738,3397.3,22,0
M016,CNC_MILL,2025-06-18,53.19,2.149,3414.0,23,0
M016,CNC_MILL,2025-06-19,56.11,1.736,3431.2,24,0
M016,CNC_MILL,2025-06-20,48.48,1.575,3440.8,25,0
M016,CNC_MILL,2025-06-21,57.89,2.246,3448.0,26,0
M016,CNC_MILL,2025-06-22,51.44,2.193,3455.2,27,0
M016,CNC_MILL,2025-06-23,55.85,1.552,3466.2,28,0
M016,CNC_MILL,2025-06-24,53.65,1.961,3476.4,29,0
M016,CNC_MILL,2025-06-25,55.09,1.911,3492.8,30,0
M016,CNC_MILL,2025-06-26,51.79,1.538,3507.4,0,0
M016,CNC_MILL,2025-06-27,59.67,1.948,3514.9,1,0
M016,CNC_MILL,2025-06-28,58.31,2.258,3531.2,2,0
M016,CNC_MILL,2025-06-29,53.92,1.387,3541.6,3,0
M017,CONVEYOR,2025-01-01,40.67,1.294,560.8,19,0
M017,CONVEYOR,2025-01-02,38.31,0.859,575.7,20,0
M017,CONVEYOR,2025-01-03,40.09,1.391,588.2,21,0
M017,CONVEYOR,2025-01-04,39.87,1.109,602.2,22,0
M017,CONVEYOR,2025-01-05,39.25,1.446,621.3,23,0
M017,CONVEYOR,2025-01-06,43.2,1.121,630.1,24,0
M017,CONVEYOR,2025-01-07,39.4,1.219,648.6,25,0
M017,CONVEYOR,2025-01-08,41.5,1.253,661.7,0,0
M017,CONVEYOR,2025-01-09,38.53,1.391,672.2,1,0
M017,CONVEYOR,2025-01-10,37.59,1.245,682.6,2,0
M017,CONVEYOR,2025-01-11,39.27,1.255,690.2,3,0
M017,CONVEYOR,2025-01-12,35.77,1.115,708.3,4,0
M017,CONVEYOR,2025-01-13,39.15,1.278,724.6,5,0
M017,CONVEYOR,2025-01-14,42.38,1.139,735.0,6,0
M017,CONVEYOR,2025-01-15,41.75,1.235,741.1,7,0
M017,CONVEYOR,2025-01-16,40.8,0.797,748.0,8,0
M017,CONVEYOR,2025-01-17,38.27,1.194,765.8,9,0
M017,CONVEYOR,2025-01-18,40.72,1.232,779.6,10,0
M017,CONVEYOR,2025-01-19,40.08,1.226,786.0,11,0
M017,CONVEYOR,2025-01-20,41.05,0.964,800.0,12,0
M017,CONVEYOR,2025-01-21,37.73,1.05,813.5,13,0
M017,CONVEYOR,2025-01-22,41.4,1.302,824.4,14,0
M017,CONVEYOR,2025-01-23,38.12,1.262,834.1,15,0
M017,CONVEYOR,2025-01-24,41.67,1.341,844.3,16,0
M017,CONVEYOR,2025-01-25,38.91,0.93,858.8,17,0
M017,CONVEYOR,2025-01-26,38.59,1.344,865.2,18,0
M017,CONVEYOR,2025-01-27,38.97,1.367,872.0,19,0
M017,CONVEYOR,2025-01-28,38.44,1.571,884.1,20,0
M017,CONVEYOR,2025-01-29,38.19,1.167,897.0,21,0
M017,CONVEYOR,2025-01-30,38.14,0.991,914.8,22,0
M017,CONVEYOR,2025-01-31,39.15,0.869,932.0,23,0
M017,CONVEYOR,2025-02-01,41.99,1.294,945.8,24,0
M017,CONVEYOR,2025-02-02,46.3,1.421,964.1,25,0
M017,CONVEYOR,2025-02-03,45.27,1.212,974.9,26,0
M017,CONVEYOR,2025-02-04,39.71,1.508,985.8,27,0
M017,CONVEYOR,2025-02-05,40.35,1.43,1001.8,28,0
M017,CONVEYOR,2025-02-06,39.42,1.335,1021.2,0,0
M017,CONVEYOR,2025-02-07,42.16,1.112,1032.8,1,0
M017,CONVEYOR,2025-02-08,40.37,1.461,1043.5,2,0
M017,CONVEYOR,2025-02-09,37.34,1.286,1054.0,3,0
M017,CONVEYOR,2025-02-10,39.77,1.243,1062.1,4,0
M017,CONVEYOR,2025-02-11,38.05,1.232,1070.1,5,0
M017,CONVEYOR,2025-02-12,38.86,1.184,1079.5,6,0
M017,CONVEYOR,2025-02-13,38.41,1.375,1088.9,7,0
M017,CONVEYOR,2025-02-14,40.56,1.364,1098.0,8,0
M017,CONVEYOR,2025-02-15,38.99,1.226,1112.6,9,0
M017,CONVEYOR,2025-02-16,36.57,1.365,1126.4,10,0
M017,CONVEYOR,2025-02-17,39.11,1.327,1136.7,11,0
M017,CONVEYOR,2025-02-18,40.76,1.031,1145.7,12,0
M017,CONVEYOR,2025-02-19,41.72,1.466,1155.6,13,0
M017,CONVEYOR,2025-02-20,42.81,1.175,1171.9,14,0
M017,CONVEYOR,2025-02-21,41.25,1.19,1191.2,15,0
M017,CONVEYOR,2025-02-22,41.74,1.445,1199.0,16,0
M017,CONVEYOR,2025-02-23,41.02,1.277,1205.2,17,0
M017,CONVEYOR,2025-02-24,38.02,1.277,1221.9,18,0
M017,CONVEYOR,2025-02-25,38.5,1.303,1235.8,19,0
M017,CONVEYOR,2025-02-26,40.6,0.973,1252.2,20,0
M017,CONVEYOR,2025-02-27,37.67,1.129,1263.6,21,0
M017,CONVEYOR,2025-02-28,39.94,1.485,1271.2,22,0
M017,CONVEYOR,2025-03-01,39.45,1.14,1289.3,23,0
M017,CONVEYOR,2025-03-02,43.42,0.987,1295.5,24,0
M017,CONVEYOR,2025-03-03,39.69,1.188,1306.6,25,0
M017,CONVEYOR,2025-03-04,38.68,1.466,1316.0,26,0
M017,CONVEYOR,2025-03-05,40.24,1.031,1325.6,27,0
M017,CONVEYOR,2025-03-06,41.47,1.073,1337.6,28,0
M017,CONVEYOR,2025-03-07,38.34,1.078,1356.0,29,0
M017,CONVEYOR,2025-03-08,38.64,1.077,1367.9,30,0
M017,CONVEYOR,2025-03-09,39.65,1.191,1384.1,0,0
M017,CONVEYOR,2025-03-10,38.79,1.195,1401.5,1,0
M017,CONVEYOR,2025-03-11,42.33,1.518,1418.6,2,0
M017,CONVEYOR,2025-03-12,40.76,1.079,1428.3,3,0
M017,CONVEYOR,2025-03-13,42.39,1.146,1435.1,4,0
M017,CONVEYOR,2025-03-14,37.45,1.275,1449.2,5,0
M017,CONVEYOR,2025-03-15,39.05,1.362,1466.3,6,0
M017,CONVEYOR,2025-03-16,36.6,1.053,1485.3,7,0
M017,CONVEYOR,2025-03-17,36.78,1.345,1495.0,8,0
M017,CONVEYOR,2025-03-18,39.28,0.874,1510.7,9,0
M017,CONVEYOR,2025-03-19,40.59,1.064,1516.8,10,0
M017,CONVEYOR,2025-03-20,36.1,1.083,1534.1,11,0
M017,CONVEYOR,2025-03-21,42.66,1.17,1547.2,12,0
M017,CONVEYOR,2025-03-22,36.33,1.039,1565.9,13,0
M017,CONVEYOR,2025-03-23,41.68,1.614,1581.7,14,0
M017,CONVEYOR,2025-03-24,39.43,1.19,1599.8,15,0
M017,CONVEYOR,2025-03-25,39.46,1.214,1611.4,16,0
M017,CONVEYOR,2025-03-26,37.42,1.482,1620.6,17,0
M017,CONVEYOR,2025-03-27,39.63,1.177,1635.4,18,0
M017,CONVEYOR,2025-03-28,40.63,1.168,1651.0,19,0
M017,CONVEYOR,2025-03-29,37.94,1.334,1669.0,20,0
M017,CONVEYOR,2025-03-30,43.5,1.085,1677.5,21,0
M017,CONVEYOR,2025-03-31,38.06,1.238,1689.4,22,0
M017,CONVEYOR,2025-04-01,44.11,1.509,1697.7,23,0
M017,CONVEYOR,2025-04-02,37.7,1.361,1711.7,24,0
M017,CONVEYOR,2025-04-03,41.42,1.194,1721.8,25,0
M017,CONVEYOR,2025-04-04,39.24,1.263,1732.7,26,0
M017,CONVEYOR,2025-04-05,36.96,1.066,1752.7,0,0
M017,CONVEYOR,2025-04-06,42.09,1.208,1763.7,1,0
M017,CONVEYOR,2025-04-07,39.97,1.331,1776.7,2,0
M017,CONVEYOR,2025-04-08,37.54,0.869,1785.1,3,0
M017,CONVEYOR,2025-04-09,38.02,1.131,1801.1,4,0
M017,CONVEYOR,2025-04-10,43.2,1.052,1814.2,5,0
M017,CONVEYOR,2025-04-11,38.24,1.483,1824.9,6,0
M017,CONVEYOR,2025-04-12,40.4,1.442,1840.5,7,0
M017,CONVEYOR,2025-04-13,38.75,1.436,1849.7,8,0
M017,CONVEYOR,2025-04-14,40.03,1.382,1864.0,9,0
M017,CONVEYOR,2025-04-15,36.26,1.129,1878.6,10,0
M017,CONVEYOR,2025-04-16,40.14,1.332,1897.9,11,0
M017,CONVEYOR,2025-04-17,39.74,1.443,1914.6,12,0
M017,CONVEYOR,2025-04-18,42.19,1.239,1932.1,13,0
M017,CONVEYOR,2025-04-19,37.75,0.949,1942.8,14,0
M017,CONVEYOR,2025-04-20,38.78,1.359,1948.9,15,0
M017,CONVEYOR,2025-04-21,40.21,1.183,1966.2,16,0
M017,CONVEYOR,2025-04-22,38.35,1.477,1972.7,17,0
M017,CONVEYOR,2025-04-23,36.48,1.33,1985.6,18,0
M017,CONVEYOR,2025-04-24,42.61,1.043,1998.8,19,0
M017,CONVEYOR,2025-04-25,41.73,1.121,2012.1,20,0
M017,CONVEYOR,2025-04-26,41.88,1.187,2022.8,21,0
M017,CONVEYOR,2025-04-27,41.17,1.341,2032.6,22,0
M017,CONVEYOR,2025-04-28,39.36,1.116,2047.8,23,0
M017,CONVEYOR,2025-04-29,39.23,1.043,2054.5,24,0
M017,CONVEYOR,2025-04-30,40.57,1.364,2073.6,25,0
M017,CONVEYOR,2025-05-01,40.46,1.25,2090.8,26,0
M017,CONVEYOR,2025-05-02,38.3,0.878,2106.6,27,0
M017,CONVEYOR,2025-05-03,40.92,1.462,2120.6,28,0
M017,CONVEYOR,2025-05-04,39.82,1.522,2131.4,29,0
M017,CONVEYOR,2025-05-05,36.74,1.325,2138.5,30,0
M017,CONVEYOR,2025-05-06,40.87,1.36,2155.3,31,0
M017,CONVEYOR,2025-05-07,40.22,1.174,2168.4,32,0
M017,CONVEYOR,2025-05-08,41.05,0.734,2183.9,33,0
M017,CONVEYOR,2025-05-09,39.0,1.423,2198.0,34,0
M017,CONVEYOR,2025-05-10,38.73,1.18,2206.3,0,0
M017,CONVEYOR,2025-05-11,41.54,1.113,2226.3,1,0
M017,CONVEYOR,2025-05-12,42.19,0.983,2245.6,2,0
M017,CONVEYOR,2025-05-13,39.18,1.09,2264.3,3,0
M017,CONVEYOR,2025-05-14,37.58,1.138,2271.9,4,0
M017,CONVEYOR,2025-05-15,37.01,1.236,2280.2,5,0
M017,CONVEYOR,2025-05-16,38.3,1.394,2297.6,6,0
M017,CONVEYOR,2025-05-17,40.14,1.173,2308.2,7,0
M017,CONVEYOR,2025-05-18,38.48,1.309,2318.2,8,0
M017,CONVEYOR,2025-05-19,38.32,0.957,2330.7,9,0
M017,CONVEYOR,2025-05-20,36.95,1.694,2350.5,10,0
M017,CONVEYOR,2025-05-21,38.12,1.117,2365.4,11,0
M017,CONVEYOR,2025-05-22,42.12,1.259,2373.0,12,0
M017,CONVEYOR,2025-05-23,35.9,1.415,2382.8,13,0
M017,CONVEYOR,2025-05-24,37.87,1.368,2393.2,14,0
M017,CONVEYOR,2025-05-25,40.49,1.455,2402.9,15,0
M017,CONVEYOR,2025-05-26,38.13,1.335,2413.2,16,0
M017,CONVEYOR,2025-05-27,43.57,1.113,2427.9,17,0
M017,CONVEYOR,2025-05-28,37.98,0.964,2440.0,18,0
M017,CONVEYOR,2025-05-29,40.68,1.322,2446.5,19,0
M017,CONVEYOR,2025-05-30,40.98,1.501,2465.6,20,0
M017,CONVEYOR,2025-05-31,40.86,1.278,2484.4,21,0
M017,CONVEYOR,2025-06-01,38.4,1.206,2501.8,22,0
M017,CONVEYOR,2025-06-02,39.15,0.888,2516.7,23,0
M017,CONVEYOR,2025-06-03,41.22,1.264,2536.1,24,0
M017,CONVEYOR,2025-06-04,38.48,1.058,2555.9,25,0
M017,CONVEYOR,2025-06-05,39.26,0.982,2565.0,26,0
M017,CONVEYOR,2025-06-06,43.45,1.299,2581.1,27,0
M017,CONVEYOR,2025-06-07,36.69,1.573,2596.1,28,0
M017,CONVEYOR,2025-06-08,40.9,1.383,2612.4,0,0
M017,CONVEYOR,2025-06-09,43.14,1.139,2619.3,1,0
M017,CONVEYOR,2025-06-10,39.43,1.001,2627.8,2,0
M017,CONVEYOR,2025-06-11,39.1,1.119,2637.2,3,0
M017,CONVEYOR,2025-06-12,38.68,0.967,2654.0,4,0
M017,CONVEYOR,2025-06-13,41.01,1.154,2669.2,5,0
M017,CONVEYOR,2025-06-14,39.37,1.252,2678.6,6,0
M017,CONVEYOR,2025-06-15,42.78,1.158,2695.4,7,0
M017,CONVEYOR,2025-06-16,41.0,1.341,2713.6,8,0
M017,CONVEYOR,2025-06-17,39.6,1.227,2722.0,9,0
M017,CONVEYOR,2025-06-18,37.74,1.601,2734.0,10,0
M017,CONVEYOR,2025-06-19,42.67,0.907,2740.4,11,0
M017,CONVEYOR,2025-06-20,41.22,1.134,2758.7,12,0
M017,CONVEYOR,2025-06-21,37.99,1.234,2772.2,13,0
M017,CONVEYOR,2025-06-22,41.32,1.35,2790.9,14,0
M017,CONVEYOR,2025-06-23,39.21,1.262,2798.1,15,0
M017,CONVEYOR,2025-06-24,42.12,1.398,2810.4,16,0
M017,CONVEYOR,2025-06-25,42.22,0.9,2828.0,17,0
M017,CONVEYOR,2025-06-26,38.64,1.115,2835.7,18,0
M017,CONVEYOR,2025-06-27,38.87,1.103,2841.7,19,0
M017,CONVEYOR,2025-06-28,39.41,1.111,2851.8,20,0
M017,CONVEYOR,2025-06-29,43.29,1.008,2858.6,21,0
M018,PRESS,2025-01-01,62.11,3.147,2669.7,11,0
M018,PRESS,2025-01-02,61.33,3.024,2681.3,12,0
M018,PRESS,2025-01-03,68.1,3.284,2694.0,13,0
M018,PRESS,2025-01-04,64.24,2.645,2712.0,14,0
M018,PRESS,2025-01-05,67.55,2.81,2729.5,15,0
M018,PRESS,2025-01-06,66.14,2.81,2741.8,16,0
M018,PRESS,2025-01-07,64.89,2.84,2751.2,17,0
M018,PRESS,2025-01-08,68.02,3.233,2766.8,18,0
M018,PRESS,2025-01-09,60.21,2.829,2783.9,19,0
M018,PRESS,2025-01-10,67.52,3.132,2802.7,20,0
M018,PRESS,2025-01-11,63.56,2.795,2820.7,21,0
M018,PRESS,2025-01-12,60.59,2.824,2828.1,22,0
M018,PRESS,2025-01-13,71.94,3.154,2848.0,23,0
M018,PRESS,2025-01-14,65.43,2.9,2865.7,24,0
M018,PRESS,2025-01-15,62.5,2.896,2881.5,25,0
M018,PRESS,2025-01-16,66.03,2.581,2900.1,26,0
M018,PRESS,2025-01-17,68.45,2.668,2907.4,0,0
M018,PRESS,2025-01-18,63.74,3.369,2925.2,1,0
M018,PRESS,2025-01-19,64.35,3.445,2944.1,2,0
M018,PRESS,2025-01-20,61.3,3.174,2951.5,3,0
M018,PRESS,2025-01-21,59.44,2.227,2971.1,4,0
M018,PRESS,2025-01-22,67.08,2.754,2990.3,5,0
M018,PRESS,2025-01-23,68.59,3.196,3006.2,6,0
M018,PRESS,2025-01-24,65.12,3.12,3013.2,7,0
M018,PRESS,2025-01-25,64.49,2.917,3030.0,8,0
M018,PRESS,2025-01-26,65.23,3.366,3047.1,9,0
M018,PRESS,2025-01-27,64.62,3.104,3065.5,10,0
M018,PRESS,2025-01-28,63.51,3.236,3074.4,11,0
M018,PRESS,2025-01-29,69.87,2.595,3089.9,12,0
M018,PRESS,2025-01-30,62.26,2.962,3106.4,13,0
M018,PRESS,2025-01-31,60.74,3.337,3125.8,14,0
M018,PRESS,2025-02-01,64.72,2.94,3142.8,15,0
M018,PRESS,2025-02-02,67.15,2.542,3155.2,16,0
M018,PRESS,2025-02-03,71.88,2.858,3162.5,17,0
M018,PRESS,2025-02-04,63.5,2.897,3177.5,18,0
M018,PRESS,2025-02-05,69.97,3.291,3194.0,19,0
M018,PRESS,2025-02-06,63.93,3.529,3201.7,20,0
M018,PRESS,2025-02-07,59.42,3.145,3210.6,21,0
M018,PRESS,2025-02-08,67.33,3.079,3222.6,22,0
M018,PRESS,2025-02-09,70.12,2.18,3237.6,23,0
M018,PRESS,2025-02-10,55.44,2.592,3245.6,24,0
M018,PRESS,2025-02-11,68.31,2.982,3261.8,25,0
M018,PRESS,2025-02-12,72.63,2.738,3268.2,26,0
M018,PRESS,2025-02-13,62.94,3.058,3277.2,0,0
M018,PRESS,2025-02-14,64.59,2.703,3286.7,1,0
M018,PRESS,2025-02-15,61.31,2.672,3294.6,2,0
M018,PRESS,2025-02-16,60.24,3.177,3303.1,3,0
M018,PRESS,2025-02-17,61.68,2.869,3309.5,4,0
M018,PRESS,2025-02-18,62.43,3.386,3327.4,5,0
M018,PRESS,2025-02-19,64.18,3.461,3346.9,6,0
M018,PRESS,2025-02-20,67.38,3.125,3356.3,7,0
M018,PRESS,2025-02-21,70.63,2.95,3373.3,8,0
M018,PRESS,2025-02-22,62.49,2.179,3387.6,9,0
M018,PRESS,2025-02-23,65.9,2.167,3396.8,10,0
M018,PRESS,2025-02-24,74.12,2.706,3406.6,11,0
M018,PRESS,2025-02-25,66.79,2.874,3424.3,12,0
M018,PRESS,2025-02-26,66.86,3.49,3431.7,13,0
M018,PRESS,2025-02-27,65.37,3.1,3440.2,14,0
M018,PRESS,2025-02-28,60.21,2.935,3459.6,15,0
M018,PRESS,2025-03-01,63.5,2.776,3471.6,16,0
M018,PRESS,2025-03-02,66.62,2.662,3485.9,17,0
M018,PRESS,2025-03-03,65.89,2.19,3502.9,18,0
M018,PRESS,2025-03-04,57.93,3.61,3522.2,19,0
M018,PRESS,2025-03-05,62.23,2.523,3536.7,20,0
M018,PRESS,2025-03-06,62.84,2.878,3543.8,21,0
M018,PRESS,2025-03-07,63.48,3.163,3555.7,22,0
M018,PRESS,2025-03-08,63.76,2.78,3574.2,23,0
M018,PRESS,2025-03-09,60.08,3.815,3591.7,24,0
M018,PRESS,2025-03-10,68.43,3.61,3604.9,25,0
M018,PRESS,2025-03-11,59.29,3.2,3624.1,26,0
M018,PRESS,2025-03-12,68.23,2.984,3643.6,27,0
M018,PRESS,2025-03-13,63.47,3.121,3660.3,28,0
M018,PRESS,2025-03-14,67.94,3.372,3670.0,0,0
M018,PRESS,2025-03-15,69.53,3.027,3682.9,1,0
M018,PRESS,2025-03-16,73.02,2.961,3690.3,2,0
M018,PRESS,2025-03-17,64.73,2.437,3707.3,3,0
M018,PRESS,2025-03-18,62.56,2.904,3721.0,4,0
M018,PRESS,2025-03-19,66.06,3.025,3728.6,5,0
M018,PRESS,2025-03-20,63.82,3.283,3748.5,6,0
M018,PRESS,2025-03-21,61.7,3.157,3766.8,7,0
M018,PRESS,2025-03-22,65.81,2.709,3772.9,8,0
M018,PRESS,2025-03-23,67.78,3.28,3786.4,9,0
M018,PRESS,2025-03-24,58.36,3.343,3800.2,10,0
M018,PRESS,2025-03-25,63.48,2.382,3816.6,11,0
M018,PRESS,2025-03-26,67.37,3.465,3830.6,12,0
M018,PRESS,2025-03-27,65.75,3.155,3841.2,13,0
M018,PRESS,2025-03-28,67.5,3.594,3856.6,14,0
M018,PRESS,2025-03-29,66.14,2.997,3865.6,15,0
M018,PRESS,2025-03-30,66.84,2.463,3882.5,16,0
M018,PRESS,2025-03-31,64.87,2.913,3894.3,17,0
M018,PRESS,2025-04-01,64.85,3.761,3906.3,18,0
M018,PRESS,2025-04-02,67.25,2.941,3920.6,19,0
M018,PRESS,2025-04-03,63.91,2.27,3940.4,20,0
M018,PRESS,2025-04-04,61.77,2.279,3955.8,21,0
M018,PRESS,2025-04-05,65.5,3.042,3973.8,22,0
M018,PRESS,2025-04-06,63.82,2.991,3985.4,23,0
M018,PRESS,2025-04-07,66.82,2.974,3993.3,24,0
M018,PRESS,2025-04-08,62.65,3.077,4003.2,25,0
M018,PRESS,2025-04-09,66.82,2.509,4023.0,26,0
M018,PRESS,2025-04-10,68.63,3.207,4034.7,0,0
M018,PRESS,2025-04-11,63.15,3.155,4049.9,1,0
M018,PRESS,2025-04-12,61.66,3.132,4056.0,2,0
M018,PRESS,2025-04-13,67.23,2.563,4074.0,3,0
M018,PRESS,2025-04-14,64.98,3.246,4085.5,4,0
M018,PRESS,2025-04-15,62.9,3.162,4098.0,5,0
M018,PRESS,2025-04-16,69.72,2.424,4104.7,6,0
M018,PRESS,2025-04-17,60.26,2.996,4122.0,7,0
M018,PRESS,2025-04-18,68.09,2.802,4128.7,8,0
M018,PRESS,2025-04-19,59.32,2.657,4147.5,9,0
M018,PRESS,2025-04-20,65.92,3.726,4166.1,10,0
M018,PRESS,2025-04-21,63.55,3.088,4175.7,11,0
M018,PRESS,2025-04-22,59.3,2.915,4192.3,12,0
M018,PRESS,2025-04-23,66.6,3.066,4207.6,13,0
M018,PRESS,2025-04-24,63.79,2.62,4221.8,14,0
M018,PRESS,2025-04-25,65.5,2.516,4231.0,15,0
M018,PRESS,2025-04-26,55.11,3.313,4240.8,16,0
M018,PRESS,2025-04-27,62.98,2.8,4254.9,17,0
M018,PRESS,2025-04-28,68.29,3.134,4263.9,18,0
M018,PRESS,2025-04-29,65.72,2.618,4280.8,19,0
M018,PRESS,2025-04-30,65.75,3.198,4290.5,20,0
M018,PRESS,2025-05-01,64.38,3.503,4304.8,21,0
M018,PRESS,2025-05-02,60.64,3.213,4311.7,22,0
M018,PRESS,2025-05-03,59.47,2.414,4331.4,23,0
M018,PRESS,2025-05-04,62.56,2.845,4344.6,24,0
M018,PRESS,2025-05-05,63.22,2.874,4350.7,25,0
M018,PRESS,2025-05-06,60.41,2.055,4367.7,26,0
M018,PRESS,2025-05-07,61.77,2.816,4376.9,27,0
M018,PRESS,2025-05-08,67.5,3.155,4396.5,28,0
M018,PRESS,2025-05-09,67.24,3.464,4413.4,29,0
M018,PRESS,2025-05-10,61.9,2.72,4421.3,0,0
M018,PRESS,2025-05-11,63.86,3.635,4430.3,1,0
M018,PRESS,2025-05-12,67.01,3.775,4441.9,2,0
M018,PRESS,2025-05-13,64.72,2.728,4459.1,3,0
M018,PRESS,2025-05-14,63.4,3.202,4466.0,4,0
M018,PRESS,2025-05-15,65.24,2.839,4479.1,5,0
M018,PRESS,2025-05-16,65.75,2.189,4494.9,6,0
M018,PRESS,2025-05-17,71.22,3.099,4512.6,7,0
M018,PRESS,2025-05-18,60.51,2.563,4528.0,8,0
M018,PRESS,2025-05-19,65.46,2.988,4543.3,9,0
M018,PRESS,2025-05-20,66.52,2.875,4553.8,10,0
M018,PRESS,2025-05-21,65.23,2.509,4570.9,11,0
M018,PRESS,2025-05-22,67.11,3.467,4589.3,12,0
M018,PRESS,2025-05-23,70.58,3.144,4599.2,13,0
M018,PRESS,2025-05-24,66.49,3.285,4605.2,14,0
M018,PRESS,2025-05-25,64.7,2.839,4624.5,15,0
M018,PRESS,2025-05-26,68.14,3.293,4632.6,16,0
M018,PRESS,2025-05-27,75.56,3.98,4642.2,17,0
M018,PRESS,2025-05-28,71.89,4.001,4656.8,18,0
M018,PRESS,2025-05-29,68.82,3.583,4671.3,19,0
M018,PRESS,2025-05-30,76.69,4.002,4684.1,20,0
M018,PRESS,2025-05-31,67.17,3.936,4704.0,21,0
M018,PRESS,2025-06-01,79.15,4.763,4722.3,22,0
M018,PRESS,2025-06-02,70.08,4.526,4737.8,23,0
M018,PRESS,2025-06-03,78.6,4.808,4756.4,24,0
M018,PRESS,2025-06-04,79.14,5.439,4769.4,25,0
M018,PRESS,2025-06-05,77.83,3.769,4780.2,26,0
M018,PRESS,2025-06-06,78.11,3.895,4787.5,27,0
M018,PRESS,2025-06-07,82.2,4.873,4796.6,28,0
M018,PRESS,2025-06-08,82.85,4.158,4815.8,29,0
M018,PRESS,2025-06-09,79.01,3.674,4827.3,30,0
M018,PRESS,2025-06-10,76.38,6.001,4841.0,0,0
M018,PRESS,2025-06-11,79.61,3.678,4853.6,1,0
M018,PRESS,2025-06-12,79.67,4.321,4867.1,2,0
M018,PRESS,2025-06-13,80.19,5.452,4873.5,3,1
M018,PRESS,2025-06-14,89.61,5.9,4893.4,4,1
M018,PRESS,2025-06-15,86.83,4.491,4909.7,5,1
M018,PRESS,2025-06-16,76.72,4.754,4920.7,6,1
M018,PRESS,2025-06-17,79.85,5.563,4930.7,7,1
M018,PRESS,2025-06-18,99.96,5.758,4939.7,8,1
M018,PRESS,2025-06-19,91.23,6.95,4959.4,9,1
M018,PRESS,2025-06-20,60.95,2.296,4967.7,10,0
M019,ROBOT_ARM,2025-01-01,46.3,1.288,4639.1,12,0
M019,ROBOT_ARM,2025-01-02,50.32,1.282,4645.2,13,0
M019,ROBOT_ARM,2025-01-03,46.29,1.136,4661.2,14,0
M019,ROBOT_ARM,2025-01-04,51.58,1.825,4673.5,15,0
M019,ROBOT_ARM,2025-01-05,47.82,1.191,4682.5,16,0
M019,ROBOT_ARM,2025-01-06,48.52,1.287,4689.3,17,0
M019,ROBOT_ARM,2025-01-07,45.53,1.754,4706.0,18,0
M019,ROBOT_ARM,2025-01-08,50.77,1.713,4717.5,19,0
M019,ROBOT_ARM,2025-01-09,45.91,1.159,4735.4,20,0
M019,ROBOT_ARM,2025-01-10,50.09,1.27,4744.6,21,0
M019,ROBOT_ARM,2025-01-11,52.08,1.516,4760.7,22,0
M019,ROBOT_ARM,2025-01-12,46.21,1.397,4772.1,23,0
M019,ROBOT_ARM,2025-01-13,46.42,1.578,4788.7,24,0
M019,ROBOT_ARM,2025-01-14,45.9,1.608,4806.9,25,0
M019,ROBOT_ARM,2025-01-15,46.07,1.492,4821.5,26,0
M019,ROBOT_ARM,2025-01-16,51.2,1.151,4833.6,27,0
M019,ROBOT_ARM,2025-01-17,48.12,1.328,4840.8,28,0
M019,ROBOT_ARM,2025-01-18,45.52,1.53,4859.4,29,0
M019,ROBOT_ARM,2025-01-19,48.02,1.372,4875.7,30,0
M019,ROBOT_ARM,2025-01-20,45.95,1.224,4884.7,0,0
M019,ROBOT_ARM,2025-01-21,53.55,1.649,4904.2,1,0
M019,ROBOT_ARM,2025-01-22,43.31,1.453,4918.5,2,0
M019,ROBOT_ARM,2025-01-23,48.18,1.387,4935.2,3,0
M019,ROBOT_ARM,2025-01-24,47.17,1.608,4942.4,4,0
M019,ROBOT_ARM,2025-01-25,48.18,1.481,4960.0,5,0
M019,ROBOT_ARM,2025-01-26,48.47,1.387,4977.8,6,0
M019,ROBOT_ARM,2025-01-27,51.62,1.806,4991.0,7,0
M019,ROBOT_ARM,2025-01-28,49.08,1.24,5002.8,8,0
M019,ROBOT_ARM,2025-01-29,54.45,1.693,5021.9,9,0
M019,ROBOT_ARM,2025-01-30,49.07,1.407,5036.1,10,0
M019,ROBOT_ARM,2025-01-31,46.68,1.215,5048.7,11,0
M019,ROBOT_ARM,2025-02-01,49.91,1.293,5063.3,12,0
M019,ROBOT_ARM,2025-02-02,47.85,1.447,5079.0,13,0
M019,ROBOT_ARM,2025-02-03,53.34,1.337,5092.3,14,0
M019,ROBOT_ARM,2025-02-04,49.47,1.363,5111.6,15,0
M019,ROBOT_ARM,2025-02-05,49.85,1.312,5121.5,16,0
M019,ROBOT_ARM,2025-02-06,43.96,1.335,5133.5,17,0
M019,ROBOT_ARM,2025-02-07,47.16,1.531,5151.0,18,0
M019,ROBOT_ARM,2025-02-08,47.8,1.254,5167.5,19,0
M019,ROBOT_ARM,2025-02-09,43.09,1.687,5174.2,20,0
M019,ROBOT_ARM,2025-02-10,47.91,1.53,5183.1,21,0
M019,ROBOT_ARM,2025-02-11,48.5,1.213,5191.1,22,0
M019,ROBOT_ARM,2025-02-12,45.42,1.389,5208.2,23,0
M019,ROBOT_ARM,2025-02-13,47.09,1.3,5216.6,24,0
M019,ROBOT_ARM,2025-02-14,42.92,1.325,5231.8,25,0
M019,ROBOT_ARM,2025-02-15,48.45,1.515,5244.2,26,0
M019,ROBOT_ARM,2025-02-16,49.24,1.432,5263.8,27,0
M019,ROBOT_ARM,2025-02-17,42.8,1.402,5283.0,28,0
M019,ROBOT_ARM,2025-02-18,45.98,2.283,5300.3,29,0
M019,ROBOT_ARM,2025-02-19,48.23,1.764,5310.9,30,0
M019,ROBOT_ARM,2025-02-20,49.51,1.803,5323.5,31,0
M019,ROBOT_ARM,2025-02-21,48.85,1.474,5336.8,32,0
M019,ROBOT_ARM,2025-02-22,52.57,1.334,5350.2,33,0
M019,ROBOT_ARM,2025-02-23,48.27,1.326,5358.6,34,0
M019,ROBOT_ARM,2025-02-24,55.8,1.827,5377.3,35,0
M019,ROBOT_ARM,2025-02-25,43.74,1.556,5393.9,0,0
M019,ROBOT_ARM,2025-02-26,48.93,1.596,5413.4,1,0
M019,ROBOT_ARM,2025-02-27,47.27,1.342,5423.7,2,0
M019,ROBOT_ARM,2025-02-28,48.42,1.273,5435.5,3,0
M019,ROBOT_ARM,2025-03-01,39.88,1.382,5447.4,4,0
M019,ROBOT_ARM,2025-03-02,52.36,1.97,5464.8,5,0
M019,ROBOT_ARM,2025-03-03,48.39,1.742,5484.4,6,0
M019,ROBOT_ARM,2025-03-04,52.26,1.369,5493.8,7,0
M019,ROBOT_ARM,2025-03-05,50.08,1.513,5509.3,8,0
M019,ROBOT_ARM,2025-03-06,46.92,1.149,5528.5,9,0
M019,ROBOT_ARM,2025-03-07,45.48,0.999,5541.7,10,0
M019,ROBOT_ARM,2025-03-08,47.34,1.848,5559.2,11,0
M019,ROBOT_ARM,2025-03-09,47.41,1.403,5570.3,12,0
M019,ROBOT_ARM,2025-03-10,45.0,1.253,5585.7,13,0
M019,ROBOT_ARM,2025-03-11,47.24,1.452,5603.4,14,0
M019,ROBOT_ARM,2025-03-12,49.02,1.437,5610.6,15,0
M019,ROBOT_ARM,2025-03-13,46.34,1.037,5618.2,16,0
M019,ROBOT_ARM,2025-03-14,46.56,1.629,5625.1,17,0
M019,ROBOT_ARM,2025-03-15,52.19,1.711,5633.3,18,0
M019,ROBOT_ARM,2025-03-16,50.2,1.346,5641.9,19,0
M019,ROBOT_ARM,2025-03-17,48.82,1.398,5659.8,20,0
M019,ROBOT_ARM,2025-03-18,49.63,1.581,5666.2,21,0
M019,ROBOT_ARM,2025-03-19,54.51,1.726,5673.7,22,0
M019,ROBOT_ARM,2025-03-20,52.87,1.679,5689.4,23,0
M019,ROBOT_ARM,2025-03-21,51.32,1.855,5703.4,24,0
M019,ROBOT_ARM,2025-03-22,52.9,1.419,5718.4,25,0
M019,ROBOT_ARM,2025-03-23,50.67,1.832,5728.9,26,0
M019,ROBOT_ARM,2025-03-24,53.58,2.292,5740.7,27,0
M019,ROBOT_ARM,2025-03-25,57.77,2.028,5760.0,28,0
M019,ROBOT_ARM,2025-03-26,48.76,2.224,5772.1,29,0
M019,ROBOT_ARM,2025-03-27,52.43,1.858,5781.6,30,0
M019,ROBOT_ARM,2025-03-28,54.54,1.476,5791.8,31,0
M019,ROBOT_ARM,2025-03-29,56.29,2.031,5805.3,32,0
M019,ROBOT_ARM,2025-03-30,54.89,2.823,5819.0,33,0
M019,ROBOT_ARM,2025-03-31,58.95,2.272,5836.8,0,0
M019,ROBOT_ARM,2025-04-01,56.29,2.363,5852.0,1,0
M019,ROBOT_ARM,2025-04-02,58.56,2.101,5861.8,2,0
M019,ROBOT_ARM,2025-04-03,60.91,1.733,5873.7,3,0
M019,ROBOT_ARM,2025-04-04,65.31,1.705,5888.2,4,0
M019,ROBOT_ARM,2025-04-05,60.45,1.427,5898.0,5,0
M019,ROBOT_ARM,2025-04-06,61.27,1.921,5917.3,6,0
M019,ROBOT_ARM,2025-04-07,63.62,3.006,5935.0,7,1
M019,ROBOT_ARM,2025-04-08,55.37,2.345,5953.0,8,1
M019,ROBOT_ARM,2025-04-09,66.83,2.372,5964.0,9,1
M019,ROBOT_ARM,2025-04-10,55.51,2.481,5975.0,10,1
M019,ROBOT_ARM,2025-04-11,64.73,2.872,5982.8,11,1
M019,ROBOT_ARM,2025-04-12,61.07,1.793,5991.7,12,1
M019,ROBOT_ARM,2025-04-13,67.38,3.123,6002.9,13,1
M019,ROBOT_ARM,2025-04-14,46.0,1.437,6015.6,14,0
M020,PUMP,2025-01-01,63.93,2.884,2008.1,4,0
M020,PUMP,2025-01-02,57.17,2.543,2014.5,5,0
M020,PUMP,2025-01-03,59.14,2.849,2033.4,6,0
M020,PUMP,2025-01-04,55.89,3.118,2048.6,7,0
M020,PUMP,2025-01-05,57.68,2.422,2056.1,8,0
M020,PUMP,2025-01-06,60.43,2.701,2072.2,9,0
M020,PUMP,2025-01-07,58.25,1.881,2079.3,10,0
M020,PUMP,2025-01-08,66.71,1.728,2089.0,11,0
M020,PUMP,2025-01-09,60.36,2.104,2103.3,12,0
M020,PUMP,2025-01-10,60.64,2.002,2120.6,13,0
M020,PUMP,2025-01-11,56.31,2.356,2134.4,14,0
M020,PUMP,2025-01-12,65.79,2.76,2152.1,15,0
M020,PUMP,2025-01-13,62.65,3.233,2171.6,16,0
M020,PUMP,2025-01-14,59.81,2.472,2184.6,17,0
M020,PUMP,2025-01-15,58.12,2.43,2198.6,18,0
M020,PUMP,2025-01-16,59.28,2.309,2218.1,19,0
M020,PUMP,2025-01-17,56.79,2.315,2224.2,20,0
M020,PUMP,2025-01-18,59.11,2.284,2237.2,21,0
M020,PUMP,2025-01-19,60.65,2.748,2255.0,22,0
M020,PUMP,2025-01-20,61.28,2.803,2263.3,23,0
M020,PUMP,2025-01-21,57.98,2.574,2276.1,24,0
M020,PUMP,2025-01-22,62.35,2.865,2285.5,25,0
M020,PUMP,2025-01-23,60.75,2.563,2297.6,26,0
M020,PUMP,2025-01-24,61.58,1.917,2307.1,27,0
M020,PUMP,2025-01-25,63.73,2.41,2313.5,28,0
M020,PUMP,2025-01-26,65.81,2.19,2323.3,0,0
M020,PUMP,2025-01-27,58.98,2.421,2331.4,1,0
M020,PUMP,2025-01-28,55.01,2.133,2343.5,2,0
M020,PUMP,2025-01-29,58.91,2.289,2356.6,3,0
M020,PUMP,2025-01-30,54.17,2.253,2366.7,4,0
M020,PUMP,2025-01-31,56.1,2.372,2375.3,5,0
M020,PUMP,2025-02-01,61.57,2.532,2381.6,6,0
M020,PUMP,2025-02-02,58.51,2.166,2390.0,7,0
M020,PUMP,2025-02-03,61.26,1.822,2405.7,8,0
M020,PUMP,2025-02-04,56.22,1.978,2417.9,9,0
M020,PUMP,2025-02-05,61.71,2.525,2436.2,10,0
M020,PUMP,2025-02-06,57.04,2.229,2449.7,11,0
M020,PUMP,2025-02-07,61.39,2.881,2456.6,12,0
M020,PUMP,2025-02-08,57.42,2.955,2463.9,13,0
M020,PUMP,2025-02-09,63.74,2.547,2478.5,14,0
M020,PUMP,2025-02-10,57.37,2.694,2491.0,15,0
M020,PUMP,2025-02-11,61.26,2.206,2507.4,16,0
M020,PUMP,2025-02-12,59.13,2.431,2519.5,17,0
M020,PUMP,2025-02-13,63.02,2.482,2533.4,18,0
M020,PUMP,2025-02-14,62.49,1.846,2545.7,19,0
M020,PUMP,2025-02-15,62.31,1.856,2555.1,20,0
M020,PUMP,2025-02-16,60.69,2.47,2563.7,21,0
M020,PUMP,2025-02-17,59.03,2.537,2572.3,22,0
M020,PUMP,2025-02-18,58.7,2.785,2583.8,23,0
M020,PUMP,2025-02-19,58.08,2.012,2590.5,24,0
M020,PUMP,2025-02-20,62.02,3.145,2602.6,25,0
M020,PUMP,2025-02-21,57.21,2.28,2613.7,26,0
M020,PUMP,2025-02-22,59.2,2.657,2631.9,27,0
M020,PUMP,2025-02-23,56.67,2.755,2649.0,28,0
M020,PUMP,2025-02-24,56.88,2.196,2660.3,29,0
M020,PUMP,2025-02-25,55.58,2.138,2675.0,30,0
M020,PUMP,2025-02-26,61.06,2.638,2687.7,0,0
M020,PUMP,2025-02-27,60.85,3.005,2705.7,1,0
M020,PUMP,2025-02-28,58.49,2.668,2723.1,2,0
M020,PUMP,2025-03-01,61.12,1.779,2738.3,3,0
M020,PUMP,2025-03-02,55.1,1.774,2748.6,4,0
M020,PUMP,2025-03-03,61.12,2.746,2763.8,5,0
M020,PUMP,2025-03-04,59.44,2.332,2773.0,6,0
M020,PUMP,2025-03-05,60.35,2.579,2786.7,7,0
M020,PUMP,2025-03-06,58.15,2.491,2792.8,8,0
M020,PUMP,2025-03-07,62.25,1.973,2808.4,9,0
M020,PUMP,2025-03-08,57.47,2.056,2823.5,10,0
M020,PUMP,2025-03-09,59.14,2.772,2842.8,11,0
M020,PUMP,2025-03-10,62.04,2.843,2851.7,12,0
M020,PUMP,2025-03-11,57.58,2.473,2871.2,13,0
M020,PUMP,2025-03-12,61.68,2.337,2886.8,14,0
M020,PUMP,2025-03-13,58.25,2.895,2903.7,15,0
M020,PUMP,2025-03-14,61.79,3.145,2912.5,16,0
M020,PUMP,2025-03-15,60.55,1.851,2924.0,17,0
M020,PUMP,2025-03-16,59.45,1.647,2934.1,18,0
M020,PUMP,2025-03-17,64.5,2.258,2943.0,19,0
M020,PUMP,2025-03-18,63.44,2.659,2955.4,20,0
M020,PUMP,2025-03-19,61.37,2.973,2973.9,21,0
M020,PUMP,2025-03-20,63.59,2.4,2980.2,22,0
M020,PUMP,2025-03-21,63.9,2.25,2995.4,23,0
M020,PUMP,2025-03-22,59.21,2.003,3002.1,24,0
M020,PUMP,2025-03-23,56.46,2.431,3016.5,25,0
M020,PUMP,2025-03-24,60.23,1.647,3025.1,26,0
M020,PUMP,2025-03-25,56.05,2.608,3042.2,27,0
M020,PUMP,2025-03-26,57.17,2.568,3051.2,28,0
M020,PUMP,2025-03-27,59.95,1.932,3070.5,29,0
M020,PUMP,2025-03-28,58.43,2.24,3082.7,30,0
M020,PUMP,2025-03-29,59.73,2.348,3099.7,31,0
M020,PUMP,2025-03-30,64.3,2.19,3108.9,32,0
M020,PUMP,2025-03-31,64.21,2.586,3119.5,33,0
M020,PUMP,2025-04-01,61.23,2.379,3128.2,34,0
M020,PUMP,2025-04-02,55.16,3.35,3147.2,0,0
M020,PUMP,2025-04-03,55.57,2.321,3155.0,1,0
M020,PUMP,2025-04-04,63.65,2.862,3162.7,2,0
M020,PUMP,2025-04-05,61.15,1.886,3169.9,3,0
M020,PUMP,2025-04-06,56.88,2.423,3189.5,4,0
M020,PUMP,2025-04-07,60.9,2.409,3200.9,5,0
M020,PUMP,2025-04-08,59.1,1.835,3219.2,6,0
M020,PUMP,2025-04-09,60.66,2.703,3237.6,7,0
M020,PUMP,2025-04-10,64.13,3.252,3255.6,8,0
M020,PUMP,2025-04-11,57.62,2.391,3271.5,9,0
M020,PUMP,2025-04-12,61.89,2.293,3283.1,10,0
M020,PUMP,2025-04-13,58.87,2.534,3294.6,11,0
M020,PUMP,2025-04-14,63.52,3.241,3306.3,12,0
M020,PUMP,2025-04-15,64.62,2.243,3320.9,13,0
M020,PUMP,2025-04-16,67.56,3.123,3337.8,14,0
M020,PUMP,2025-04-17,61.52,2.493,3353.2,15,0
M020,PUMP,2025-04-18,64.34,2.358,3372.8,16,0
M020,PUMP,2025-04-19,57.7,2.233,3384.7,17,0
M020,PUMP,2025-04-20,53.13,2.112,3398.5,18,0
M020,PUMP,2025-04-21,58.45,2.442,3413.5,19,0
M020,PUMP,2025-04-22,59.61,2.006,3426.3,20,0
M020,PUMP,2025-04-23,58.94,2.141,3441.9,21,0
M020,PUMP,2025-04-24,62.08,2.38,3452.1,22,0
M020,PUMP,2025-04-25,57.52,2.363,3464.9,23,0
M020,PUMP,2025-04-26,55.89,2.257,3472.5,24,0
M020,PUMP,2025-04-27,62.45,2.333,3487.0,25,0
M020,PUMP,2025-04-28,61.94,2.876,3501.5,26,0
M020,PUMP,2025-04-29,59.56,2.457,3509.5,27,0
M020,PUMP,2025-04-30,60.29,2.819,3523.6,28,0
M020,PUMP,2025-05-01,66.48,2.163,3539.2,29,0
M020,PUMP,2025-05-02,66.54,2.372,3553.0,0,0
M020,PUMP,2025-05-03,58.48,2.115,3563.8,1,0
M020,PUMP,2025-05-04,65.98,2.576,3576.0,2,0
M020,PUMP,2025-05-05,61.17,2.526,3587.1,3,0
M020,PUMP,2025-05-06,62.57,2.346,3596.2,4,0
M020,PUMP,2025-05-07,68.48,2.976,3605.7,5,0
M020,PUMP,2025-05-08,59.22,2.326,3625.4,6,0
M020,PUMP,2025-05-09,60.93,2.17,3632.1,7,0
M020,PUMP,2025-05-10,61.16,2.443,3650.0,8,0
M020,PUMP,2025-05-11,54.37,2.613,3660.0,9,0
M020,PUMP,2025-05-12,62.79,2.269,3672.9,10,0
M020,PUMP,2025-05-13,58.08,2.678,3687.7,11,0
M020,PUMP,2025-05-14,58.34,2.875,3699.2,12,0
M020,PUMP,2025-05-15,60.29,2.571,3715.6,13,0
M020,PUMP,2025-05-16,64.49,2.665,3725.3,14,0
M020,PUMP,2025-05-17,58.83,2.966,3733.4,15,0
M020,PUMP,2025-05-18,56.64,2.107,3742.6,16,0
M020,PUMP,2025-05-19,60.39,2.468,3761.2,17,0
M020,PUMP,2025-05-20,57.57,2.752,3770.3,18,0
M020,PUMP,2025-05-21,52.05,2.619,3779.3,19,0
M020,PUMP,2025-05-22,58.35,2.292,3790.1,20,0
M020,PUMP,2025-05-23,57.51,2.707,3808.8,21,0
M020,PUMP,2025-05-24,56.67,2.407,3824.0,22,0
M020,PUMP,2025-05-25,61.28,2.562,3839.0,23,0
M020,PUMP,2025-05-26,57.41,2.742,3846.1,24,0
M020,PUMP,2025-05-27,63.36,2.763,3856.5,25,0
M020,PUMP,2025-05-28,54.55,2.777,3874.0,26,0
M020,PUMP,2025-05-29,64.02,2.493,3890.8,27,0
M020,PUMP,2025-05-30,58.97,2.152,3900.8,28,0
M020,PUMP,2025-05-31,58.59,2.496,3916.7,29,0
M020,PUMP,2025-06-01,63.9,2.599,3933.5,30,0
M020,PUMP,2025-06-02,57.6,2.193,3944.2,31,0
M020,PUMP,2025-06-03,64.19,2.616,3960.0,0,0
M020,PUMP,2025-06-04,57.9,2.215,3970.1,1,0
M020,PUMP,2025-06-05,57.45,2.245,3986.0,2,0
M020,PUMP,2025-06-06,60.86,2.169,3994.8,3,0
M020,PUMP,2025-06-07,63.27,2.603,4001.0,4,0
M020,PUMP,2025-06-08,55.0,3.008,4019.4,5,0
M020,PUMP,2025-06-09,57.97,2.369,4036.7,6,0
M020,PUMP,2025-06-10,52.73,2.104,4054.6,7,0
M020,PUMP,2025-06-11,66.51,2.442,4062.3,8,0
M020,PUMP,2025-06-12,64.66,1.935,4071.7,9,0
M020,PUMP,2025-06-13,68.35,2.778,4087.1,10,0
M020,PUMP,2025-06-14,61.19,2.537,4104.7,11,0
M020,PUMP,2025-06-15,59.17,2.475,4120.9,12,0
M020,PUMP,2025-06-16,58.78,3.148,4134.3,13,0
M020,PUMP,2025-06-17,60.74,2.125,4154.1,14,0
M020,PUMP,2025-06-18,60.21,2.872,4165.8,15,0
M020,PUMP,2025-06-19,60.89,2.564,4183.5,16,0
M020,PUMP,2025-06-20,63.2,2.712,4193.1,17,0
M020,PUMP,2025-06-21,59.68,2.403,4207.1,18,0
M020,PUMP,2025-06-22,62.53,2.611,4218.7,19,0
M020,PUMP,2025-06-23,53.54,2.579,4234.1,20,0
M020,PUMP,2025-06-24,51.08,2.057,4249.3,21,0
M020,PUMP,2025-06-25,60.87,2.44,4264.7,22,0
M020,PUMP,2025-06-26,55.2,2.364,4280.2,23,0
M020,PUMP,2025-06-27,60.77,2.636,4286.9,24,0
M020,PUMP,2025-06-28,58.94,2.309,4304.3,25,0
M020,PUMP,2025-06-29,62.91,2.87,4316.6,26,0
M021,CNC_MILL,2025-01-01,55.14,1.969,677.3,8,0
M021,CNC_MILL,2025-01-02,57.83,2.059,689.9,9,0
M021,CNC_MILL,2025-01-03,52.74,2.353,701.2,10,0
M021,CNC_MILL,2025-01-04,54.28,1.948,712.0,11,0
M021,CNC_MILL,2025-01-05,55.55,1.663,720.6,12,0
M021,CNC_MILL,2025-01-06,54.6,2.021,737.0,13,0
M021,CNC_MILL,2025-01-07,57.37,1.915,744.0,14,0
M021,CNC_MILL,2025-01-08,57.25,1.885,754.7,15,0
M021,CNC_MILL,2025-01-09,58.25,1.936,762.9,16,0
M021,CNC_MILL,2025-01-10,54.83,1.976,772.2,17,0
M021,CNC_MILL,2025-01-11,51.76,1.837,790.1,18,0
M021,CNC_MILL,2025-01-12,53.83,2.059,808.9,19,0
M021,CNC_MILL,2025-01-13,60.09,1.659,819.9,20,0
M021,CNC_MILL,2025-01-14,57.11,2.038,826.3,21,0
M021,CNC_MILL,2025-01-15,50.55,1.913,841.5,22,0
M021,CNC_MILL,2025-01-16,55.37,2.479,850.4,23,0
M021,CNC_MILL,2025-01-17,57.54,2.239,865.5,24,0
M021,CNC_MILL,2025-01-18,50.0,2.297,871.6,25,0
M021,CNC_MILL,2025-01-19,52.41,1.932,889.3,26,0
M021,CNC_MILL,2025-01-20,58.31,2.346,907.1,27,0
M021,CNC_MILL,2025-01-21,55.49,1.777,915.7,28,0
M021,CNC_MILL,2025-01-22,54.38,1.818,922.1,29,0
M021,CNC_MILL,2025-01-23,47.42,1.985,938.6,0,0
M021,CNC_MILL,2025-01-24,54.44,2.651,955.7,1,0
M021,CNC_MILL,2025-01-25,57.58,2.193,975.4,2,0
M021,CNC_MILL,2025-01-26,54.37,2.106,992.2,3,0
M021,CNC_MILL,2025-01-27,55.51,1.726,1006.3,4,0
M021,CNC_MILL,2025-01-28,53.28,2.245,1017.2,5,0
M021,CNC_MILL,2025-01-29,53.57,2.94,1030.4,6,0
M021,CNC_MILL,2025-01-30,54.46,1.736,1047.8,7,0
M021,CNC_MILL,2025-01-31,53.26,1.699,1059.7,8,0
M021,CNC_MILL,2025-02-01,52.91,1.514,1073.0,9,0
M021,CNC_MILL,2025-02-02,48.6,1.521,1086.8,10,0
M021,CNC_MILL,2025-02-03,53.34,1.683,1093.8,11,0
M021,CNC_MILL,2025-02-04,59.3,2.336,1109.4,12,0
M021,CNC_MILL,2025-02-05,56.69,1.411,1118.2,13,0
M021,CNC_MILL,2025-02-06,50.91,2.731,1133.3,14,0
M021,CNC_MILL,2025-02-07,54.43,2.055,1151.8,15,0
M021,CNC_MILL,2025-02-08,59.87,1.95,1170.2,16,0
M021,CNC_MILL,2025-02-09,58.13,1.816,1179.1,17,0
M021,CNC_MILL,2025-02-10,57.01,1.876,1193.6,18,0
M021,CNC_MILL,2025-02-11,53.26,2.314,1204.1,19,0
M021,CNC_MILL,2025-02-12,57.04,1.438,1212.7,20,0
M021,CNC_MILL,2025-02-13,57.53,1.718,1226.8,21,0
M021,CNC_MILL,2025-02-14,55.1,1.885,1246.1,22,0
M021,CNC_MILL,2025-02-15,56.32,1.977,1261.9,23,0
M021,CNC_MILL,2025-02-16,60.64,2.071,1281.5,24,0
M021,CNC_MILL,2025-02-17,55.94,2.187,1297.7,25,0
M021,CNC_MILL,2025-02-18,53.68,1.71,1313.9,26,0
M021,CNC_MILL,2025-02-19,57.76,1.59,1322.5,27,0
M021,CNC_MILL,2025-02-20,51.32,2.121,1336.1,28,0
M021,CNC_MILL,2025-02-21,54.82,1.767,1344.5,0,0
M021,CNC_MILL,2025-02-22,51.5,2.441,1359.6,1,0
M021,CNC_MILL,2025-02-23,54.15,1.501,1368.6,2,0
M021,CNC_MILL,2025-02-24,50.43,1.414,1381.2,3,0
M021,CNC_MILL,2025-02-25,51.69,1.657,1388.0,4,0
M021,CNC_MILL,2025-02-26,55.99,2.165,1401.9,5,0
M021,CNC_MILL,2025-02-27,58.42,1.071,1416.8,6,0
M021,CNC_MILL,2025-02-28,57.36,1.981,1422.9,7,0
M021,CNC_MILL,2025-03-01,51.44,1.903,1439.5,8,0
M021,CNC_MILL,2025-03-02,55.79,2.28,1457.5,9,0
M021,CNC_MILL,2025-03-03,58.13,2.361,1469.0,10,0
M021,CNC_MILL,2025-03-04,54.98,1.768,1481.6,11,0
M021,CNC_MILL,2025-03-05,53.6,1.889,1494.9,12,0
M021,CNC_MILL,2025-03-06,53.78,1.927,1505.3,13,0
M021,CNC_MILL,2025-03-07,53.0,1.356,1521.8,14,0
M021,CNC_MILL,2025-03-08,56.45,1.987,1532.0,15,0
M021,CNC_MILL,2025-03-09,45.48,1.905,1547.9,16,0
M021,CNC_MILL,2025-03-10,57.35,2.277,1561.8,17,0
M021,CNC_MILL,2025-03-11,55.7,1.664,1581.5,18,0
M021,CNC_MILL,2025-03-12,53.14,2.634,1599.6,19,0
M021,CNC_MILL,2025-03-13,54.14,2.287,1607.2,20,0
M021,CNC_MILL,2025-03-14,60.97,2.302,1625.3,21,0
M021,CNC_MILL,2025-03-15,58.47,1.909,1645.0,22,0
M021,CNC_MILL,2025-03-16,63.14,2.451,1658.2,23,0
M021,CNC_MILL,2025-03-17,55.91,1.823,1667.1,24,0
M021,CNC_MILL,2025-03-18,58.69,1.788,1681.3,25,0
M021,CNC_MILL,2025-03-19,55.23,1.469,1689.7,26,0
M021,CNC_MILL,2025-03-20,54.04,2.144,1697.1,27,0
M021,CNC_MILL,2025-03-21,58.89,1.976,1714.5,28,0
M021,CNC_MILL,2025-03-22,57.73,1.807,1724.4,29,0
M021,CNC_MILL,2025-03-23,55.28,2.277,1740.4,30,0
M021,CNC_MILL,2025-03-24,55.0,1.419,1752.4,31,0
M021,CNC_MILL,2025-03-25,51.59,1.843,1761.2,32,0
M021,CNC_MILL,2025-03-26,59.31,1.984,1775.2,0,0
M021,CNC_MILL,2025-03-27,55.64,1.673,1791.5,1,0
M021,CNC_MILL,2025-03-28,56.13,2.147,1800.9,2,0
M021,CNC_MILL,2025-03-29,51.56,1.863,1808.0,3,0
M021,CNC_MILL,2025-03-30,60.67,2.003,1816.1,4,0
M021,CNC_MILL,2025-03-31,54.7,1.6,1831.3,5,0
M021,CNC_MILL,2025-04-01,56.56,2.347,1849.7,6,0
M021,CNC_MILL,2025-04-02,55.77,2.386,1863.0,7,0
M021,CNC_MILL,2025-04-03,55.47,2.096,1869.6,8,0
M021,CNC_MILL,2025-04-04,58.53,2.55,1889.4,9,0
M021,CNC_MILL,2025-04-05,49.69,1.631,1899.5,10,0
M021,CNC_MILL,2025-04-06,52.64,1.683,1919.0,11,0
M021,CNC_MILL,2025-04-07,49.11,1.858,1927.5,12,0
M021,CNC_MILL,2025-04-08,56.83,2.269,1943.0,13,0
M021,CNC_MILL,2025-04-09,54.26,1.661,1951.6,14,0
M021,CNC_MILL,2025-04-10,58.08,2.223,1968.7,15,0
M021,CNC_MILL,2025-04-11,56.59,1.533,1980.9,16,0
M021,CNC_MILL,2025-04-12,57.72,2.122,1988.0,17,0
M021,CNC_MILL,2025-04-13,56.14,2.207,2004.6,18,0
M021,CNC_MILL,2025-04-14,53.43,2.306,2012.0,19,0
M021,CNC_MILL,2025-04-15,51.38,2.321,2018.5,20,0
M021,CNC_MILL,2025-04-16,56.9,2.596,2027.4,21,0
M021,CNC_MILL,2025-04-17,56.05,2.103,2044.8,22,0
M021,CNC_MILL,2025-04-18,58.01,1.729,2061.6,23,0
M021,CNC_MILL,2025-04-19,55.22,2.694,2075.0,24,0
M021,CNC_MILL,2025-04-20,52.93,1.967,2092.1,25,0
M021,CNC_MILL,2025-04-21,58.68,2.135,2104.2,26,0
M021,CNC_MILL,2025-04-22,55.75,1.735,2116.4,27,0
M021,CNC_MILL,2025-04-23,52.5,2.027,2134.0,28,0
M021,CNC_MILL,2025-04-24,60.98,2.133,2141.4,29,0
M021,CNC_MILL,2025-04-25,52.42,2.029,2161.3,30,0
M021,CNC_MILL,2025-04-26,54.32,2.195,2177.4,31,0
M021,CNC_MILL,2025-04-27,51.13,2.376,2187.9,32,0
M021,CNC_MILL,2025-04-28,57.01,1.85,2200.3,0,0
M021,CNC_MILL,2025-04-29,55.03,1.651,2215.3,1,0
M021,CNC_MILL,2025-04-30,50.71,1.574,2224.0,2,0
M021,CNC_MILL,2025-05-01,53.74,2.037,2244.0,3,0
M021,CNC_MILL,2025-05-02,52.8,2.235,2250.6,4,0
M021,CNC_MILL,2025-05-03,51.15,1.674,2269.2,5,0
M021,CNC_MILL,2025-05-04,53.92,2.041,2282.9,6,0
M021,CNC_MILL,2025-05-05,57.58,2.015,2302.5,7,0
M021,CNC_MILL,2025-05-06,57.93,1.938,2316.3,8,0
M021,CNC_MILL,2025-05-07,55.39,1.897,2336.1,9,0
M021,CNC_MILL,2025-05-08,53.08,1.676,2354.3,10,0
M021,CNC_MILL,2025-05-09,52.69,1.761,2369.0,11,0
M021,CNC_MILL,2025-05-10,59.13,1.83,2381.2,12,0
M021,CNC_MILL,2025-05-11,57.47,2.247,2391.8,13,0
M021,CNC_MILL,2025-05-12,53.45,2.008,2404.4,14,0
M021,CNC_MILL,2025-05-13,56.77,1.943,2419.2,15,0
M021,CNC_MILL,2025-05-14,53.96,2.111,2426.1,16,0
M021,CNC_MILL,2025-05-15,51.54,1.889,2439.0,17,0
M021,CNC_MILL,2025-05-16,52.08,1.556,2451.6,18,0
M021,CNC_MILL,2025-05-17,51.69,1.496,2462.6,19,0
M021,CNC_MILL,2025-05-18,58.98,1.196,2482.4,20,0
M021,CNC_MILL,2025-05-19,58.72,2.192,2497.3,21,0
M021,CNC_MILL,2025-05-20,50.84,2.178,2515.5,22,0
M021,CNC_MILL,2025-05-21,55.69,2.189,2525.4,23,0
M021,CNC_MILL,2025-05-22,53.68,2.279,2538.7,24,0
M021,CNC_MILL,2025-05-23,58.99,2.596,2553.9,25,0
M021,CNC_MILL,2025-05-24,50.07,2.608,2567.6,26,0
M021,CNC_MILL,2025-05-25,52.09,1.313,2585.5,27,0
M021,CNC_MILL,2025-05-26,49.99,2.332,2594.1,28,0
M021,CNC_MILL,2025-05-27,53.61,2.427,2602.7,29,0
M021,CNC_MILL,2025-05-28,58.51,2.032,2613.5,30,0
M021,CNC_MILL,2025-05-29,53.98,1.899,2621.3,31,0
M021,CNC_MILL,2025-05-30,53.22,1.993,2633.8,32,0
M021,CNC_MILL,2025-05-31,54.71,1.831,2651.8,0,0
M021,CNC_MILL,2025-06-01,55.71,1.875,2671.7,1,0
M021,CNC_MILL,2025-06-02,56.1,2.233,2686.9,2,0
M021,CNC_MILL,2025-06-03,53.57,1.801,2694.2,3,0
M021,CNC_MILL,2025-06-04,56.66,2.126,2711.1,4,0
M021,CNC_MILL,2025-06-05,55.25,2.145,2724.4,5,0
M021,CNC_MILL,2025-06-06,56.42,2.273,2740.2,6,0
M021,CNC_MILL,2025-06-07,54.09,2.194,2754.4,7,0
M021,CNC_MILL,2025-06-08,54.73,2.297,2767.6,8,0
M021,CNC_MILL,2025-06-09,57.68,1.617,2775.3,9,0
M021,CNC_MILL,2025-06-10,53.1,2.172,2791.0,10,0
M021,CNC_MILL,2025-06-11,53.24,1.755,2802.7,11,0
M021,CNC_MILL,2025-06-12,57.43,1.754,2809.0,12,0
M021,CNC_MILL,2025-06-13,57.66,1.913,2828.3,13,0
M021,CNC_MILL,2025-06-14,61.74,1.964,2840.1,14,0
M021,CNC_MILL,2025-06-15,55.67,1.555,2851.3,15,0
M021,CNC_MILL,2025-06-16,58.76,1.973,2866.8,16,0
M021,CNC_MILL,2025-06-17,47.72,2.763,2879.0,17,0
M021,CNC_MILL,2025-06-18,53.08,2.327,2892.5,18,0
M021,CNC_MILL,2025-06-19,51.46,1.898,2901.3,19,0
M021,CNC_MILL,2025-06-20,51.45,2.481,2914.3,20,0
M021,CNC_MILL,2025-06-21,52.9,2.063,2932.6,21,0
M021,CNC_MILL,2025-06-22,56.71,1.797,2944.3,22,0
M021,CNC_MILL,2025-06-23,53.49,1.968,2959.8,23,0
M021,CNC_MILL,2025-06-24,55.61,1.917,2968.2,24,0
M021,CNC_MILL,2025-06-25,55.39,1.9,2985.2,25,0
M021,CNC_MILL,2025-06-26,53.69,2.139,3002.5,26,0
M021,CNC_MILL,2025-06-27,56.45,2.357,3012.3,27,0
M021,CNC_MILL,2025-06-28,51.25,1.852,3027.3,28,0
M021,CNC_MILL,2025-06-29,55.07,1.914,3041.3,29,0
M022,CONVEYOR,2025-01-01,36.53,1.157,2254.1,20,0
M022,CONVEYOR,2025-01-02,40.15,1.071,2264.4,21,0
M022,CONVEYOR,2025-01-03,39.94,1.251,2271.4,22,0
M022,CONVEYOR,2025-01-04,38.91,0.984,2285.9,23,0
M022,CONVEYOR,2025-01-05,37.56,0.905,2300.5,24,0
M022,CONVEYOR,2025-01-06,40.5,1.422,2313.8,25,0
M022,CONVEYOR,2025-01-07,44.83,1.503,2321.3,26,0
M022,CONVEYOR,2025-01-08,40.92,1.592,2327.5,27,0
M022,CONVEYOR,2025-01-09,37.27,1.22,2335.0,28,0
M022,CONVEYOR,2025-01-10,40.43,1.382,2352.2,29,0
M022,CONVEYOR,2025-01-11,41.21,1.114,2371.1,30,0
M022,CONVEYOR,2025-01-12,38.52,1.075,2384.5,31,0
M022,CONVEYOR,2025-01-13,38.32,1.102,2392.5,32,0
M022,CONVEYOR,2025-01-14,39.97,1.522,2402.3,33,0
M022,CONVEYOR,2025-01-15,41.44,1.168,2413.3,34,0
M022,CONVEYOR,2025-01-16,43.53,1.287,2426.0,35,0
M022,CONVEYOR,2025-01-17,43.02,0.607,2443.7,36,0
M022,CONVEYOR,2025-01-18,40.97,1.401,2460.1,37,0
M022,CONVEYOR,2025-01-19,37.09,1.621,2476.9,0,0
M022,CONVEYOR,2025-01-20,38.27,1.216,2495.9,1,0
M022,CONVEYOR,2025-01-21,42.72,0.913,2511.3,2,0
M022,CONVEYOR,2025-01-22,36.97,1.245,2530.9,3,0
M022,CONVEYOR,2025-01-23,43.1,1.074,2550.5,4,0
M022,CONVEYOR,2025-01-24,42.61,1.309,2564.4,5,0
M022,CONVEYOR,2025-01-25,40.22,1.116,2572.2,6,0
M022,CONVEYOR,2025-01-26,38.67,1.258,2580.0,7,0
M022,CONVEYOR,2025-01-27,39.44,1.309,2596.6,8,0
M022,CONVEYOR,2025-01-28,37.79,1.008,2608.1,9,0
M022,CONVEYOR,2025-01-29,35.46,0.667,2626.5,10,0
M022,CONVEYOR,2025-01-30,39.56,1.475,2639.8,11,0
M022,CONVEYOR,2025-01-31,43.47,1.076,2651.9,12,0
M022,CONVEYOR,2025-02-01,40.25,1.245,2665.8,13,0
M022,CONVEYOR,2025-02-02,38.74,0.953,2675.0,14,0
M022,CONVEYOR,2025-02-03,43.22,1.015,2693.5,15,0
M022,CONVEYOR,2025-02-04,40.05,1.227,2705.1,16,0
M022,CONVEYOR,2025-02-05,41.99,1.411,2716.1,17,0
M022,CONVEYOR,2025-02-06,42.25,1.18,2729.1,18,0
M022,CONVEYOR,2025-02-07,42.12,1.152,2738.1,19,0
M022,CONVEYOR,2025-02-08,37.99,1.24,2753.8,20,0
M022,CONVEYOR,2025-02-09,38.28,1.425,2770.4,21,0
M022,CONVEYOR,2025-02-10,36.7,1.235,2778.0,22,0
M022,CONVEYOR,2025-02-11,41.06,1.471,2784.4,23,0
M022,CONVEYOR,2025-02-12,39.0,1.306,2798.5,24,0
M022,CONVEYOR,2025-02-13,39.98,1.341,2805.7,25,0
M022,CONVEYOR,2025-02-14,40.47,1.307,2818.2,26,0
M022,CONVEYOR,2025-02-15,40.13,1.049,2826.5,27,0
M022,CONVEYOR,2025-02-16,38.66,1.167,2837.3,0,0
M022,CONVEYOR,2025-02-17,41.32,1.019,2854.7,1,0
M022,CONVEYOR,2025-02-18,36.52,1.271,2868.4,2,0
M022,CONVEYOR,2025-02-19,40.6,0.869,2884.7,3,0
M022,CONVEYOR,2025-02-20,38.59,1.356,2900.1,4,0
M022,CONVEYOR,2025-02-21,40.19,1.546,2916.4,5,0
M022,CONVEYOR,2025-02-22,38.6,1.225,2925.9,6,0
M022,CONVEYOR,2025-02-23,40.36,1.181,2938.3,7,0
M022,CONVEYOR,2025-02-24,44.81,1.409,2957.1,8,0
M022,CONVEYOR,2025-02-25,38.89,1.158,2976.3,9,0
M022,CONVEYOR,2025-02-26,39.18,1.41,2992.9,10,0
M022,CONVEYOR,2025-02-27,44.63,1.241,3004.8,11,0
M022,CONVEYOR,2025-02-28,37.73,1.246,3021.8,12,0
M022,CONVEYOR,2025-03-01,41.2,1.266,3039.5,13,0
M022,CONVEYOR,2025-03-02,40.14,0.71,3056.2,14,0
M022,CONVEYOR,2025-03-03,40.3,1.324,3064.4,15,0
M022,CONVEYOR,2025-03-04,36.27,1.048,3076.2,16,0
M022,CONVEYOR,2025-03-05,40.0,1.207,3085.1,17,0
M022,CONVEYOR,2025-03-06,41.97,1.277,3096.2,18,0
M022,CONVEYOR,2025-03-07,38.94,0.802,3109.6,19,0
M022,CONVEYOR,2025-03-08,42.42,1.233,3118.0,20,0
M022,CONVEYOR,2025-03-09,41.43,1.429,3136.0,21,0
M022,CONVEYOR,2025-03-10,45.45,0.956,3144.8,22,0
M022,CONVEYOR,2025-03-11,41.45,1.448,3153.2,23,0
M022,CONVEYOR,2025-03-12,39.1,1.458,3161.4,24,0
M022,CONVEYOR,2025-03-13,43.24,1.122,3175.1,25,0
M022,CONVEYOR,2025-03-14,40.56,1.221,3191.8,26,0
M022,CONVEYOR,2025-03-15,42.2,1.181,3209.7,27,0
M022,CONVEYOR,2025-03-16,38.18,1.322,3225.4,28,0
M022,CONVEYOR,2025-03-17,37.73,1.108,3244.3,29,0
M022,CONVEYOR,2025-03-18,42.07,0.938,3257.1,30,0
M022,CONVEYOR,2025-03-19,39.65,1.355,3272.6,0,0
M022,CONVEYOR,2025-03-20,41.27,1.258,3281.8,1,0
M022,CONVEYOR,2025-03-21,42.19,1.183,3293.7,2,0
M022,CONVEYOR,2025-03-22,42.15,0.98,3299.8,3,0
M022,CONVEYOR,2025-03-23,41.25,1.527,3307.8,4,0
M022,CONVEYOR,2025-03-24,42.35,1.343,3320.1,5,0
M022,CONVEYOR,2025-03-25,39.86,1.209,3338.6,6,0
M022,CONVEYOR,2025-03-26,42.19,1.171,3346.7,7,0
M022,CONVEYOR,2025-03-27,39.42,1.035,3360.8,8,0
M022,CONVEYOR,2025-03-28,41.25,1.349,3376.6,9,0
M022,CONVEYOR,2025-03-29,39.34,1.216,3395.6,10,0
M022,CONVEYOR,2025-03-30,38.35,1.086,3414.2,11,0
M022,CONVEYOR,2025-03-31,43.23,0.996,3426.8,12,0
M022,CONVEYOR,2025-04-01,39.34,1.102,3434.2,13,0
M022,CONVEYOR,2025-04-02,39.7,0.99,3448.2,14,0
M022,CONVEYOR,2025-04-03,41.27,0.951,3460.6,15,0
M022,CONVEYOR,2025-04-04,40.27,1.228,3468.0,16,0
M022,CONVEYOR,2025-04-05,42.15,1.236,3486.3,17,0
M022,CONVEYOR,2025-04-06,39.85,0.984,3500.2,18,0
M022,CONVEYOR,2025-04-07,41.55,1.368,3518.8,19,0
M022,CONVEYOR,2025-04-08,40.62,1.165,3530.7,20,0
M022,CONVEYOR,2025-04-09,42.78,1.59,3537.2,21,0
M022,CONVEYOR,2025-04-10,36.01,1.039,3546.3,22,0
M022,CONVEYOR,2025-04-11,39.02,1.635,3564.3,23,0
M022,CONVEYOR,2025-04-12,39.97,1.54,3582.9,24,0
M022,CONVEYOR,2025-04-13,38.11,1.015,3600.3,25,0
M022,CONVEYOR,2025-04-14,37.89,1.345,3606.8,26,0
M022,CONVEYOR,2025-04-15,38.64,1.159,3621.2,27,0
M022,CONVEYOR,2025-04-16,44.04,1.209,3630.6,0,0
M022,CONVEYOR,2025-04-17,40.93,1.186,3646.2,1,0
M022,CONVEYOR,2025-04-18,38.26,1.44,3653.9,2,0
M022,CONVEYOR,2025-04-19,40.71,0.937,3670.9,3,0
M022,CONVEYOR,2025-04-20,42.8,1.184,3688.2,4,0
M022,CONVEYOR,2025-04-21,41.8,1.046,3702.1,5,0
M022,CONVEYOR,2025-04-22,40.35,0.839,3712.0,6,0
M022,CONVEYOR,2025-04-23,38.41,1.561,3725.1,7,0
M022,CONVEYOR,2025-04-24,40.57,0.922,3735.6,8,0
M022,CONVEYOR,2025-04-25,38.67,0.925,3753.1,9,0
M022,CONVEYOR,2025-04-26,40.41,0.918,3768.0,10,0
M022,CONVEYOR,2025-04-27,39.9,1.149,3777.2,11,0
M022,CONVEYOR,2025-04-28,42.61,1.113,3793.9,12,0
M022,CONVEYOR,2025-04-29,37.95,1.225,3813.0,13,0
M022,CONVEYOR,2025-04-30,45.09,1.542,3831.0,14,0
M022,CONVEYOR,2025-05-01,41.46,1.097,3846.0,15,0
M022,CONVEYOR,2025-05-02,39.19,1.011,3863.6,16,0
M022,CONVEYOR,2025-05-03,41.67,0.687,3877.3,17,0
M022,CONVEYOR,2025-05-04,38.1,1.183,3889.7,18,0
M022,CONVEYOR,2025-05-05,42.77,1.118,3908.5,19,0
M022,CONVEYOR,2025-05-06,39.26,1.118,3925.8,20,0
M022,CONVEYOR,2025-05-07,38.71,1.369,3932.3,21,0
M022,CONVEYOR,2025-05-08,36.52,1.357,3946.8,22,0
M022,CONVEYOR,2025-05-09,41.0,1.094,3961.8,23,0
M022,CONVEYOR,2025-05-10,44.35,1.197,3979.6,24,0
M022,CONVEYOR,2025-05-11,37.19,1.39,3988.1,25,0
M022,CONVEYOR,2025-05-12,39.75,1.184,3994.1,26,0
M022,CONVEYOR,2025-05-13,41.47,1.061,4008.8,27,0
M022,CONVEYOR,2025-05-14,37.41,1.471,4028.3,0,0
M022,CONVEYOR,2025-05-15,43.36,0.731,4044.7,1,0
M022,CONVEYOR,2025-05-16,39.01,0.703,4064.4,2,0
M022,CONVEYOR,2025-05-17,37.65,1.525,4082.9,3,0
M022,CONVEYOR,2025-05-18,42.17,1.068,4101.5,4,0
M022,CONVEYOR,2025-05-19,39.8,1.261,4119.1,5,0
M022,CONVEYOR,2025-05-20,36.89,1.176,4130.5,6,0
M022,CONVEYOR,2025-05-21,40.34,0.957,4141.4,7,0
M022,CONVEYOR,2025-05-22,37.53,0.952,4155.0,8,0
M022,CONVEYOR,2025-05-23,40.69,1.133,4161.3,9,0
M022,CONVEYOR,2025-05-24,37.31,0.854,4174.0,10,0
M022,CONVEYOR,2025-05-25,39.52,1.27,4187.8,11,0
M022,CONVEYOR,2025-05-26,35.96,1.319,4197.7,12,0
M022,CONVEYOR,2025-05-27,37.73,1.302,4216.5,13,0
M022,CONVEYOR,2025-05-28,42.52,1.219,4222.9,14,0
M022,CONVEYOR,2025-05-29,37.28,0.956,4233.6,15,0
M022,CONVEYOR,2025-05-30,41.58,1.304,4245.2,16,0
M022,CONVEYOR,2025-05-31,40.14,1.251,4257.5,17,0
M022,CONVEYOR,2025-06-01,44.44,1.165,4276.3,18,0
M022,CONVEYOR,2025-06-02,37.04,1.233,4291.1,19,0
M022,CONVEYOR,2025-06-03,36.49,1.731,4306.5,20,0
M022,CONVEYOR,2025-06-04,39.7,1.422,4312.6,21,0
M022,CONVEYOR,2025-06-05,39.82,0.965,4329.6,22,0
M022,CONVEYOR,2025-06-06,40.88,1.405,4341.2,23,0
M022,CONVEYOR,2025-06-07,41.6,1.307,4350.0,24,0
M022,CONVEYOR,2025-06-08,40.88,1.243,4366.0,25,0
M022,CONVEYOR,2025-06-09,40.34,1.296,4375.2,26,0
M022,CONVEYOR,2025-06-10,39.81,1.131,4390.1,27,0
M022,CONVEYOR,2025-06-11,38.91,1.37,4407.4,28,0
M022,CONVEYOR,2025-06-12,38.08,1.046,4419.0,29,0
M022,CONVEYOR,2025-06-13,43.92,1.263,4433.7,0,0
M022,CONVEYOR,2025-06-14,42.91,1.199,4448.9,1,0
M022,CONVEYOR,2025-06-15,42.25,1.16,4457.3,2,0
M022,CONVEYOR,2025-06-16,42.18,1.033,4471.1,3,0
M022,CONVEYOR,2025-06-17,42.2,0.979,4487.7,4,0
M022,CONVEYOR,2025-06-18,39.14,0.701,4498.7,5,0
M022,CONVEYOR,2025-06-19,41.07,1.447,4510.9,6,0
M022,CONVEYOR,2025-06-20,40.21,1.342,4525.4,7,0
M022,CONVEYOR,2025-06-21,39.17,1.341,4540.1,8,0
M022,CONVEYOR,2025-06-22,39.42,1.398,4551.2,9,0
M022,CONVEYOR,2025-06-23,39.85,1.216,4564.4,10,0
M022,CONVEYOR,2025-06-24,40.5,1.181,4583.7,11,0
M022,CONVEYOR,2025-06-25,41.83,0.809,4593.0,12,0
M022,CONVEYOR,2025-06-26,37.59,1.253,4611.5,13,0
M022,CONVEYOR,2025-06-27,41.03,1.584,4619.9,14,0
M022,CONVEYOR,2025-06-28,41.52,1.154,4636.9,15,0
M022,CONVEYOR,2025-06-29,41.56,1.254,4651.8,16,0
M023,PRESS,2025-01-01,65.88,2.757,4072.4,10,0
M023,PRESS,2025-01-02,65.8,2.858,4086.0,11,0
M023,PRESS,2025-01-03,66.61,2.518,4095.0,12,0
M023,PRESS,2025-01-04,66.81,2.198,4113.9,13,0
M023,PRESS,2025-01-05,59.46,2.997,4127.6,14,0
M023,PRESS,2025-01-06,62.04,3.888,4136.3,15,0
M023,PRESS,2025-01-07,65.21,3.051,4147.4,16,0
M023,PRESS,2025-01-08,63.81,3.338,4162.5,17,0
M023,PRESS,2025-01-09,63.35,2.066,4171.1,18,0
M023,PRESS,2025-01-10,63.91,3.702,4178.3,19,0
M023,PRESS,2025-01-11,68.49,2.765,4188.4,20,0
M023,PRESS,2025-01-12,69.02,2.843,4201.8,21,0
M023,PRESS,2025-01-13,62.83,2.454,4211.6,22,0
M023,PRESS,2025-01-14,66.0,2.735,4230.4,23,0
M023,PRESS,2025-01-15,62.56,2.754,4238.5,24,0
M023,PRESS,2025-01-16,66.9,3.838,4252.8,25,0
M023,PRESS,2025-01-17,68.2,3.651,4265.7,26,0
M023,PRESS,2025-01-18,67.14,2.938,4281.6,0,0
M023,PRESS,2025-01-19,62.36,2.795,4293.1,1,0
M023,PRESS,2025-01-20,69.45,2.779,4311.9,2,0
M023,PRESS,2025-01-21,68.23,3.259,4320.8,3,0
M023,PRESS,2025-01-22,59.54,2.991,4339.8,4,0
M023,PRESS,2025-01-23,64.4,2.929,4359.1,5,0
M023,PRESS,2025-01-24,69.22,2.947,4373.1,6,0
M023,PRESS,2025-01-25,72.85,2.723,4392.6,7,0
M023,PRESS,2025-01-26,73.23,2.812,4409.7,8,0
M023,PRESS,2025-01-27,64.44,3.243,4418.6,9,0
M023,PRESS,2025-01-28,63.67,2.755,4427.5,10,0
M023,PRESS,2025-01-29,69.51,3.641,4443.4,11,0
M023,PRESS,2025-01-30,60.06,3.764,4451.2,12,0
M023,PRESS,2025-01-31,72.56,3.336,4463.7,13,0
M023,PRESS,2025-02-01,65.35,3.174,4480.9,14,0
M023,PRESS,2025-02-02,67.56,2.739,4496.5,15,0
M023,PRESS,2025-02-03,68.37,3.753,4516.4,16,0
M023,PRESS,2025-02-04,66.82,2.249,4532.3,17,0
M023,PRESS,2025-02-05,69.37,2.002,4542.1,18,0
M023,PRESS,2025-02-06,67.49,3.329,4554.6,19,0
M023,PRESS,2025-02-07,61.27,3.499,4569.3,20,0
M023,PRESS,2025-02-08,64.31,2.624,4581.8,21,0
M023,PRESS,2025-02-09,59.4,2.976,4599.9,22,0
M023,PRESS,2025-02-10,60.74,3.17,4611.6,23,0
M023,PRESS,2025-02-11,60.61,3.242,4623.4,24,0
M023,PRESS,2025-02-12,63.07,3.203,4631.4,25,0
M023,PRESS,2025-02-13,63.3,3.19,4640.2,26,0
M023,PRESS,2025-02-14,65.83,2.982,4649.6,27,0
M023,PRESS,2025-02-15,67.99,2.361,4665.7,28,0
M023,PRESS,2025-02-16,65.2,3.431,4673.7,29,0
M023,PRESS,2025-02-17,62.78,3.06,4688.3,30,0
M023,PRESS,2025-02-18,67.08,2.803,4707.1,31,0
M023,PRESS,2025-02-19,68.0,2.325,4725.9,32,0
M023,PRESS,2025-02-20,66.59,2.474,4734.2,0,0
M023,PRESS,2025-02-21,67.96,3.268,4753.2,1,0
M023,PRESS,2025-02-22,68.74,3.865,4770.2,2,0
M023,PRESS,2025-02-23,61.62,3.025,4780.2,3,0
M023,PRESS,2025-02-24,66.82,3.309,4794.9,4,0
M023,PRESS,2025-02-25,72.71,3.005,4801.9,5,0
M023,PRESS,2025-02-26,63.69,2.437,4813.8,6,0
M023,PRESS,2025-02-27,64.61,2.609,4832.9,7,0
M023,PRESS,2025-02-28,62.23,3.516,4849.2,8,0
M023,PRESS,2025-03-01,61.04,3.306,4867.5,9,0
M023,PRESS,2025-03-02,72.14,2.934,4879.1,10,0
M023,PRESS,2025-03-03,60.06,2.852,4890.1,11,0
M023,PRESS,2025-03-04,55.91,3.042,4899.7,12,0
M023,PRESS,2025-03-05,60.75,2.799,4913.2,13,0
M023,PRESS,2025-03-06,63.6,3.821,4930.2,14,0
M023,PRESS,2025-03-07,64.8,2.783,4947.7,15,0
M023,PRESS,2025-03-08,68.09,2.913,4965.4,16,0
M023,PRESS,2025-03-09,68.94,2.954,4981.2,17,0
M023,PRESS,2025-03-10,66.79,2.285,4988.0,18,0
M023,PRESS,2025-03-11,66.86,2.55,5002.7,19,0
M023,PRESS,2025-03-12,61.66,2.963,5019.5,20,0
M023,PRESS,2025-03-13,66.9,3.101,5030.3,21,0
M023,PRESS,2025-03-14,65.92,3.269,5036.8,22,0
M023,PRESS,2025-03-15,60.96,3.013,5051.6,23,0
M023,PRESS,2025-03-16,71.47,2.521,5063.7,24,0
M023,PRESS,2025-03-17,62.51,3.452,5073.3,25,0
M023,PRESS,2025-03-18,57.93,3.159,5092.4,26,0
M023,PRESS,2025-03-19,68.85,3.119,5108.1,27,0
M023,PRESS,2025-03-20,64.93,2.577,5118.0,28,0
M023,PRESS,2025-03-21,56.34,2.356,5125.6,29,0
M023,PRESS,2025-03-22,68.03,2.31,5141.8,30,0
M023,PRESS,2025-03-23,71.1,3.307,5153.0,31,0
M023,PRESS,2025-03-24,68.03,2.913,5162.9,32,0
M023,PRESS,2025-03-25,66.4,3.55,5170.1,0,0
M023,PRESS,2025-03-26,67.14,2.289,5179.7,1,0
M023,PRESS,2025-03-27,65.81,2.926,5192.7,2,0
M023,PRESS,2025-03-28,67.69,3.13,5207.5,3,0
M023,PRESS,2025-03-29,67.82,2.997,5226.0,4,0
M023,PRESS,2025-03-30,64.21,2.406,5240.5,5,0
M023,PRESS,2025-03-31,71.37,3.256,5257.3,6,0
M023,PRESS,2025-04-01,75.08,3.546,5270.2,7,0
M023,PRESS,2025-04-02,61.97,2.608,5288.1,8,0
M023,PRESS,2025-04-03,64.98,2.823,5295.3,9,0
M023,PRESS,2025-04-04,70.54,2.886,5302.6,10,0
M023,PRESS,2025-04-05,59.86,2.533,5309.1,11,0
M023,PRESS,2025-04-06,66.35,2.862,5319.7,12,0
M023,PRESS,2025-04-07,65.01,2.79,5330.0,13,0
M023,PRESS,2025-04-08,61.91,3.261,5345.7,14,0
M023,PRESS,2025-04-09,63.16,2.605,5359.5,15,0
M023,PRESS,2025-04-10,71.86,2.96,5375.9,16,0
M023,PRESS,2025-04-11,67.81,3.13,5382.4,17,0
M023,PRESS,2025-04-12,70.6,2.42,5395.3,18,0
M023,PRESS,2025-04-13,59.59,3.269,5404.7,19,0
M023,PRESS,2025-04-14,64.08,3.067,5422.4,20,0
M023,PRESS,2025-04-15,64.79,2.825,5429.9,21,0
M023,PRESS,2025-04-16,66.34,3.096,5448.9,22,0
M023,PRESS,2025-04-17,70.11,2.123,5459.0,23,0
M023,PRESS,2025-04-18,65.03,2.997,5469.7,24,0
M023,PRESS,2025-04-19,64.65,2.907,5488.1,25,0
M023,PRESS,2025-04-20,63.4,2.76,5507.7,26,0
M023,PRESS,2025-04-21,72.0,3.226,5524.1,27,0
M023,PRESS,2025-04-22,67.49,2.368,5532.1,28,0
M023,PRESS,2025-04-23,58.75,3.11,5547.6,29,0
M023,PRESS,2025-04-24,63.66,2.69,5558.1,0,0
M023,PRESS,2025-04-25,67.36,3.282,5570.9,1,0
M023,PRESS,2025-04-26,62.71,3.669,5579.5,2,0
M023,PRESS,2025-04-27,67.74,2.155,5592.4,3,0
M023,PRESS,2025-04-28,67.44,3.139,5598.4,4,0
M023,PRESS,2025-04-29,64.63,2.825,5617.3,5,0
M023,PRESS,2025-04-30,70.01,2.951,5625.8,6,0
M023,PRESS,2025-05-01,68.43,3.146,5644.3,7,0
M023,PRESS,2025-05-02,66.74,3.635,5654.6,8,0
M023,PRESS,2025-05-03,69.55,2.664,5668.0,9,0
M023,PRESS,2025-05-04,65.09,2.681,5685.5,10,0
M023,PRESS,2025-05-05,66.1,2.672,5699.5,11,0
M023,PRESS,2025-05-06,65.95,3.704,5708.5,12,0
M023,PRESS,2025-05-07,68.43,2.831,5723.0,13,0
M023,PRESS,2025-05-08,59.19,2.807,5740.7,14,0
M023,PRESS,2025-05-09,72.72,2.959,5748.2,15,0
M023,PRESS,2025-05-10,65.1,3.555,5764.0,16,0
M023,PRESS,2025-05-11,62.98,2.722,5773.5,17,0
M023,PRESS,2025-05-12,66.65,2.869,5785.4,18,0
M023,PRESS,2025-05-13,56.34,3.352,5802.7,19,0
M023,PRESS,2025-05-14,65.82,2.54,5810.9,20,0
M023,PRESS,2025-05-15,70.44,2.454,5829.8,21,0
M023,PRESS,2025-05-16,71.04,3.153,5846.4,22,0
M023,PRESS,2025-05-17,67.87,2.887,5853.1,23,0
M023,PRESS,2025-05-18,62.21,3.5,5873.1,24,0
M023,PRESS,2025-05-19,69.39,2.809,5884.4,25,0
M023,PRESS,2025-05-20,63.53,2.746,5891.1,26,0
M023,PRESS,2025-05-21,67.01,2.351,5910.6,0,0
M023,PRESS,2025-05-22,63.71,3.332,5924.3,1,0
M023,PRESS,2025-05-23,68.44,2.927,5935.4,2,0
M023,PRESS,2025-05-24,61.73,2.678,5955.3,3,0
M023,PRESS,2025-05-25,62.01,2.823,5968.0,4,0
M023,PRESS,2025-05-26,66.91,3.062,5978.0,5,0
M023,PRESS,2025-05-27,69.83,2.586,5990.1,6,0
M023,PRESS,2025-05-28,74.78,3.289,6004.1,7,0
M023,PRESS,2025-05-29,60.12,3.103,6019.4,8,0
M023,PRESS,2025-05-30,66.68,3.211,6035.5,9,0
M023,PRESS,2025-05-31,59.45,2.79,6046.3,10,0
M023,PRESS,2025-06-01,64.26,3.202,6056.4,11,0
M023,PRESS,2025-06-02,67.96,2.607,6070.2,12,0
M023,PRESS,2025-06-03,68.08,2.91,6082.3,13,0
M023,PRESS,2025-06-04,59.74,3.381,6102.0,14,0
M023,PRESS,2025-06-05,66.33,2.721,6112.3,15,0
M023,PRESS,2025-06-06,59.56,2.915,6130.8,16,0
M023,PRESS,2025-06-07,61.15,2.979,6147.8,17,0
M023,PRESS,2025-06-08,65.51,2.513,6167.3,18,0
M023,PRESS,2025-06-09,72.93,3.698,6177.5,19,0
M023,PRESS,2025-06-10,63.68,2.569,6184.3,20,0
M023,PRESS,2025-06-11,61.92,2.748,6197.8,21,0
M023,PRESS,2025-06-12,61.27,2.809,6204.0,22,0
M023,PRESS,2025-06-13,64.64,3.505,6223.9,23,0
M023,PRESS,2025-06-14,57.55,3.144,6233.6,24,0
M023,PRESS,2025-06-15,67.3,2.335,6245.9,25,0
M023,PRESS,2025-06-16,65.63,2.94,6264.6,26,0
M023,PRESS,2025-06-17,66.22,3.093,6280.2,27,0
M023,PRESS,2025-06-18,63.84,2.629,6297.9,28,0
M023,PRESS,2025-06-19,62.65,3.031,6317.0,29,0
M023,PRESS,2025-06-20,67.66,3.117,6333.8,0,0
M023,PRESS,2025-06-21,65.63,2.787,6350.5,1,0
M023,PRESS,2025-06-22,62.64,2.856,6364.3,2,0
M023,PRESS,2025-06-23,69.03,2.551,6375.1,3,0
M023,PRESS,2025-06-24,53.87,2.965,6385.6,4,0
M023,PRESS,2025-06-25,65.06,2.574,6405.0,5,0
M023,PRESS,2025-06-26,63.52,3.378,6415.5,6,0
M023,PRESS,2025-06-27,63.66,3.124,6422.0,7,0
M023,PRESS,2025-06-28,68.97,2.798,6432.1,8,0
M023,PRESS,2025-06-29,71.73,2.863,6445.1,9,0
M024,ROBOT_ARM,2025-01-01,47.9,1.531,1410.0,8,0
M024,ROBOT_ARM,2025-01-02,47.32,1.524,1420.7,9,0
M024,ROBOT_ARM,2025-01-03,45.59,1.837,1436.4,10,0
M024,ROBOT_ARM,2025-01-04,46.83,1.556,1442.7,11,0
M024,ROBOT_ARM,2025-01-05,51.1,1.141,1458.4,12,0
M024,ROBOT_ARM,2025-01-06,43.59,1.939,1469.6,13,0
M024,ROBOT_ARM,2025-01-07,44.61,1.816,1480.9,14,0
M024,ROBOT_ARM,2025-01-08,51.7,1.637,1489.3,15,0
M024,ROBOT_ARM,2025-01-09,44.08,1.532,1504.2,16,0
M024,ROBOT_ARM,2025-01-10,48.8,1.626,1520.0,17,0
M024,ROBOT_ARM,2025-01-11,49.49,1.23,1539.9,18,0
M024,ROBOT_ARM,2025-01-12,49.97,1.734,1547.8,19,0
M024,ROBOT_ARM,2025-01-13,49.59,1.372,1565.6,20,0
M024,ROBOT_ARM,2025-01-14,50.4,1.198,1581.0,21,0
M024,ROBOT_ARM,2025-01-15,53.44,1.207,1592.4,22,0
M024,ROBOT_ARM,2025-01-16,51.57,1.939,1602.5,23,0
M024,ROBOT_ARM,2025-01-17,46.18,1.966,1619.7,24,0
M024,ROBOT_ARM,2025-01-18,45.82,1.348,1632.7,25,0
M024,ROBOT_ARM,2025-01-19,47.03,1.499,1652.0,0,0
M024,ROBOT_ARM,2025-01-20,46.17,1.278,1671.8,1,0
M024,ROBOT_ARM,2025-01-21,48.98,1.539,1680.4,2,0
M024,ROBOT_ARM,2025-01-22,43.19,1.705,1698.9,3,0
M024,ROBOT_ARM,2025-01-23,41.36,1.704,1704.9,4,0
M024,ROBOT_ARM,2025-01-24,44.0,1.93,1715.3,5,0
M024,ROBOT_ARM,2025-01-25,41.35,1.588,1721.5,6,0
M024,ROBOT_ARM,2025-01-26,48.06,1.646,1741.3,7,0
M024,ROBOT_ARM,2025-01-27,43.35,1.343,1748.6,8,0
M024,ROBOT_ARM,2025-01-28,44.01,1.307,1766.6,9,0
M024,ROBOT_ARM,2025-01-29,47.87,1.453,1781.8,10,0
M024,ROBOT_ARM,2025-01-30,44.43,1.401,1787.9,11,0
M024,ROBOT_ARM,2025-01-31,46.49,1.871,1799.7,12,0
M024,ROBOT_ARM,2025-02-01,46.62,1.401,1812.5,13,0
M024,ROBOT_ARM,2025-02-02,46.77,1.123,1820.2,14,0
M024,ROBOT_ARM,2025-02-03,53.22,2.211,1838.4,15,0
M024,ROBOT_ARM,2025-02-04,43.26,1.583,1849.4,16,0
M024,ROBOT_ARM,2025-02-05,50.81,1.118,1857.8,17,0
M024,ROBOT_ARM,2025-02-06,49.46,1.435,1869.5,18,0
M024,ROBOT_ARM,2025-02-07,47.03,1.844,1881.9,19,0
M024,ROBOT_ARM,2025-02-08,48.26,1.774,1893.0,20,0
M024,ROBOT_ARM,2025-02-09,47.11,1.666,1908.1,21,0
M024,ROBOT_ARM,2025-02-10,49.0,1.864,1919.8,22,0
M024,ROBOT_ARM,2025-02-11,52.46,1.358,1939.1,23,0
M024,ROBOT_ARM,2025-02-12,45.74,1.46,1957.5,24,0
M024,ROBOT_ARM,2025-02-13,49.96,1.118,1969.8,25,0
M024,ROBOT_ARM,2025-02-14,52.1,1.387,1987.5,26,0
M024,ROBOT_ARM,2025-02-15,45.37,1.236,2002.7,27,0
M024,ROBOT_ARM,2025-02-16,49.03,1.546,2011.8,28,0
M024,ROBOT_ARM,2025-02-17,43.63,1.344,2020.0,29,0
M024,ROBOT_ARM,2025-02-18,47.73,1.314,2028.3,30,0
M024,ROBOT_ARM,2025-02-19,51.35,1.427,2036.5,31,0
M024,ROBOT_ARM,2025-02-20,53.46,1.504,2044.7,32,0
M024,ROBOT_ARM,2025-02-21,51.44,1.698,2054.1,0,0
M024,ROBOT_ARM,2025-02-22,49.22,1.374,2068.4,1,0
M024,ROBOT_ARM,2025-02-23,44.16,1.482,2084.6,2,0
M024,ROBOT_ARM,2025-02-24,50.44,1.024,2094.6,3,0
M024,ROBOT_ARM,2025-02-25,46.61,1.614,2101.7,4,0
M024,ROBOT_ARM,2025-02-26,51.9,0.924,2112.9,5,0
M024,ROBOT_ARM,2025-02-27,45.16,1.767,2119.0,6,0
M024,ROBOT_ARM,2025-02-28,45.97,1.615,2132.0,7,0
M024,ROBOT_ARM,2025-03-01,46.93,1.216,2142.4,8,0
M024,ROBOT_ARM,2025-03-02,48.4,1.601,2157.9,9,0
M024,ROBOT_ARM,2025-03-03,49.95,1.414,2168.1,10,0
M024,ROBOT_ARM,2025-03-04,47.45,1.85,2175.0,11,0
M024,ROBOT_ARM,2025-03-05,51.68,1.064,2185.9,12,0
M024,ROBOT_ARM,2025-03-06,48.28,1.313,2200.0,13,0
M024,ROBOT_ARM,2025-03-07,47.46,2.086,2218.2,14,0
M024,ROBOT_ARM,2025-03-08,49.59,1.11,2227.5,15,0
M024,ROBOT_ARM,2025-03-09,49.6,1.614,2241.2,16,0
M024,ROBOT_ARM,2025-03-10,48.08,1.639,2254.9,17,0
M024,ROBOT_ARM,2025-03-11,50.11,1.835,2265.3,18,0
M024,ROBOT_ARM,2025-03-12,53.21,1.256,2280.2,19,0
M024,ROBOT_ARM,2025-03-13,40.86,1.344,2291.7,20,0
M024,ROBOT_ARM,2025-03-14,45.69,1.213,2311.5,21,0
M024,ROBOT_ARM,2025-03-15,48.75,1.502,2318.3,22,0
M024,ROBOT_ARM,2025-03-16,48.82,0.995,2325.9,23,0
M024,ROBOT_ARM,2025-03-17,51.57,1.151,2339.4,24,0
M024,ROBOT_ARM,2025-03-18,48.2,1.92,2358.0,25,0
M024,ROBOT_ARM,2025-03-19,48.98,1.546,2364.6,26,0
M024,ROBOT_ARM,2025-03-20,44.88,1.201,2373.2,27,0
M024,ROBOT_ARM,2025-03-21,46.59,1.358,2381.3,28,0
M024,ROBOT_ARM,2025-03-22,50.1,1.615,2388.0,29,0
M024,ROBOT_ARM,2025-03-23,49.2,1.964,2403.3,30,0
M024,ROBOT_ARM,2025-03-24,45.52,1.554,2415.9,31,0
M024,ROBOT_ARM,2025-03-25,49.08,1.754,2430.8,0,0
M024,ROBOT_ARM,2025-03-26,45.59,1.986,2446.0,1,0
M024,ROBOT_ARM,2025-03-27,44.87,1.756,2452.8,2,0
M024,ROBOT_ARM,2025-03-28,48.3,1.51,2461.8,3,0
M024,ROBOT_ARM,2025-03-29,46.23,1.363,2474.4,4,0
M024,ROBOT_ARM,2025-03-30,40.67,1.275,2488.5,5,0
M024,ROBOT_ARM,2025-03-31,42.45,1.705,2497.0,6,0
M024,ROBOT_ARM,2025-04-01,51.18,1.801,2506.6,7,0
M024,ROBOT_ARM,2025-04-02,46.04,1.386,2517.5,8,0
M024,ROBOT_ARM,2025-04-03,47.09,2.186,2533.7,9,0
M024,ROBOT_ARM,2025-04-04,46.7,1.051,2542.9,10,0
M024,ROBOT_ARM,2025-04-05,52.11,1.4,2550.9,11,0
M024,ROBOT_ARM,2025-04-06,51.16,1.376,2566.0,12,0
M024,ROBOT_ARM,2025-04-07,52.07,1.924,2584.1,13,0
M024,ROBOT_ARM,2025-04-08,45.16,1.407,2594.6,14,0
M024,ROBOT_ARM,2025-04-09,49.83,1.464,2612.8,15,0
M024,ROBOT_ARM,2025-04-10,49.56,1.271,2625.2,16,0
M024,ROBOT_ARM,2025-04-11,44.29,1.664,2633.4,17,0
M024,ROBOT_ARM,2025-04-12,48.87,1.633,2644.2,18,0
M024,ROBOT_ARM,2025-04-13,49.94,1.852,2656.2,19,0
M024,ROBOT_ARM,2025-04-14,49.13,1.406,2669.9,20,0
M024,ROBOT_ARM,2025-04-15,46.67,1.558,2681.4,21,0
M024,ROBOT_ARM,2025-04-16,49.5,1.685,2692.6,22,0
M024,ROBOT_ARM,2025-04-17,45.1,1.787,2709.5,23,0
M024,ROBOT_ARM,2025-04-18,45.19,1.399,2717.6,24,0
M024,ROBOT_ARM,2025-04-19,47.88,1.772,2727.7,25,0
M024,ROBOT_ARM,2025-04-20,55.28,0.829,2736.6,26,0
M024,ROBOT_ARM,2025-04-21,50.5,1.775,2749.4,27,0
M024,ROBOT_ARM,2025-04-22,50.52,1.123,2768.2,0,0
M024,ROBOT_ARM,2025-04-23,51.07,2.003,2777.9,1,0
M024,ROBOT_ARM,2025-04-24,50.0,1.264,2788.3,2,0
M024,ROBOT_ARM,2025-04-25,54.83,1.445,2807.2,3,0
M024,ROBOT_ARM,2025-04-26,52.62,2.362,2824.4,4,0
M024,ROBOT_ARM,2025-04-27,63.41,2.296,2831.1,5,0
M024,ROBOT_ARM,2025-04-28,58.07,2.121,2850.0,6,0
M024,ROBOT_ARM,2025-04-29,51.95,2.254,2867.1,7,0
M024,ROBOT_ARM,2025-04-30,59.21,2.099,2884.1,8,0
M024,ROBOT_ARM,2025-05-01,53.15,2.403,2895.4,9,0
M024,ROBOT_ARM,2025-05-02,65.31,2.066,2910.2,10,0
M024,ROBOT_ARM,2025-05-03,56.17,2.898,2926.7,11,0
M024,ROBOT_ARM,2025-05-04,48.21,1.942,2943.3,12,0
M024,ROBOT_ARM,2025-05-05,50.38,2.378,2959.9,13,0
M024,ROBOT_ARM,2025-05-06,52.72,2.135,2975.9,14,0
M024,ROBOT_ARM,2025-05-07,61.08,3.116,2987.2,15,0
M024,ROBOT_ARM,2025-05-08,58.89,2.801,2997.6,16,0
M024,ROBOT_ARM,2025-05-09,67.62,2.083,3006.1,17,0
M024,ROBOT_ARM,2025-05-10,74.79,2.46,3017.2,18,1
M024,ROBOT_ARM,2025-05-11,67.55,2.649,3030.4,19,1
M024,ROBOT_ARM,2025-05-12,56.51,3.199,3038.5,20,1
M024,ROBOT_ARM,2025-05-13,60.23,2.573,3048.8,21,1
M024,ROBOT_ARM,2025-05-14,59.17,2.779,3063.9,22,1
M024,ROBOT_ARM,2025-05-15,67.23,2.72,3080.1,23,1
M024,ROBOT_ARM,2025-05-16,64.4,3.139,3097.7,24,1
M024,ROBOT_ARM,2025-05-17,54.56,1.568,3109.4,25,0
M025,PUMP,2025-01-01,60.41,1.993,3699.9,17,0
M025,PUMP,2025-01-02,57.51,2.508,3714.1,18,0
M025,PUMP,2025-01-03,59.21,2.672,3732.7,19,0
M025,PUMP,2025-01-04,61.51,2.769,3740.5,20,0
M025,PUMP,2025-01-05,58.1,2.152,3756.9,21,0
M025,PUMP,2025-01-06,57.88,2.427,3773.6,22,0
M025,PUMP,2025-01-07,60.24,2.855,3792.9,23,0
M025,PUMP,2025-01-08,60.09,2.523,3812.8,24,0
M025,PUMP,2025-01-09,58.69,1.888,3823.2,25,0
M025,PUMP,2025-01-10,62.72,2.412,3836.3,26,0
M025,PUMP,2025-01-11,57.76,2.535,3846.1,27,0
M025,PUMP,2025-01-12,67.0,2.641,3853.4,28,0
M025,PUMP,2025-01-13,57.77,2.211,3866.4,29,0
M025,PUMP,2025-01-14,61.26,3.024,3883.0,30,0
M025,PUMP,2025-01-15,61.25,2.478,3896.9,31,0
M025,PUMP,2025-01-16,61.68,2.025,3910.2,32,0
M025,PUMP,2025-01-17,55.48,2.926,3924.9,0,0
M025,PUMP,2025-01-18,59.42,2.29,3943.9,1,0
M025,PUMP,2025-01-19,57.66,2.329,3956.2,2,0
M025,PUMP,2025-01-20,63.15,2.47,3963.4,3,0
M025,PUMP,2025-01-21,58.62,2.524,3982.0,4,0
M025,PUMP,2025-01-22,57.91,2.714,3996.7,5,0
M025,PUMP,2025-01-23,61.52,2.245,4012.9,6,0
M025,PUMP,2025-01-24,65.92,2.529,4032.6,7,0
M025,PUMP,2025-01-25,58.57,2.149,4040.9,8,0
M025,PUMP,2025-01-26,59.48,2.064,4050.3,9,0
M025,PUMP,2025-01-27,66.32,2.189,4058.3,10,0
M025,PUMP,2025-01-28,61.9,2.472,4066.2,11,0
M025,PUMP,2025-01-29,61.08,2.459,4073.3,12,0
M025,PUMP,2025-01-30,56.27,2.463,4082.2,13,0
M025,PUMP,2025-01-31,59.98,2.209,4097.9,14,0
M025,PUMP,2025-02-01,62.48,2.929,4115.5,15,0
M025,PUMP,2025-02-02,57.0,2.755,4130.2,16,0
M025,PUMP,2025-02-03,60.05,2.155,4143.6,17,0
M025,PUMP,2025-02-04,61.08,2.42,4151.0,18,0
M025,PUMP,2025-02-05,59.07,2.629,4159.2,19,0
M025,PUMP,2025-02-06,58.62,2.775,4165.3,20,0
M025,PUMP,2025-02-07,61.75,2.386,4184.9,21,0
M025,PUMP,2025-02-08,61.28,2.84,4204.3,22,0
M025,PUMP,2025-02-09,57.76,2.646,4221.7,23,0
M025,PUMP,2025-02-10,54.76,2.865,4227.8,24,0
M025,PUMP,2025-02-11,59.46,2.877,4239.1,25,0
M025,PUMP,2025-02-12,62.74,2.298,4251.0,0,0
M025,PUMP,2025-02-13,60.03,2.648,4265.9,1,0
M025,PUMP,2025-02-14,58.13,2.403,4281.8,2,0
M025,PUMP,2025-02-15,64.75,2.102,4298.4,3,0
M025,PUMP,2025-02-16,57.78,2.389,4312.8,4,0
M025,PUMP,2025-02-17,56.46,2.643,4326.4,5,0
M025,PUMP,2025-02-18,54.11,2.265,4344.3,6,0
M025,PUMP,2025-02-19,65.31,2.622,4362.6,7,0
M025,PUMP,2025-02-20,69.56,2.971,4371.7,8,0
M025,PUMP,2025-02-21,57.24,2.697,4378.9,9,0
M025,PUMP,2025-02-22,56.63,2.528,4393.0,10,0
M025,PUMP,2025-02-23,58.53,3.525,4405.0,11,0
M025,PUMP,2025-02-24,58.48,2.522,4419.3,12,0
M025,PUMP,2025-02-25,64.9,3.267,4438.7,13,0
M025,PUMP,2025-02-26,61.14,2.628,4454.9,14,0
M025,PUMP,2025-02-27,58.94,2.151,4471.2,15,0
M025,PUMP,2025-02-28,66.33,2.281,4478.7,16,0
M025,PUMP,2025-03-01,62.68,2.909,4494.0,17,0
M025,PUMP,2025-03-02,60.6,1.913,4513.5,18,0
M025,PUMP,2025-03-03,59.72,2.693,4523.5,19,0
M025,PUMP,2025-03-04,57.52,2.766,4534.2,20,0
M025,PUMP,2025-03-05,58.74,2.251,4543.7,21,0
M025,PUMP,2025-03-06,62.49,2.824,4562.5,22,0
M025,PUMP,2025-03-07,59.24,2.254,4568.6,23,0
M025,PUMP,2025-03-08,62.43,1.786,4584.7,24,0
M025,PUMP,2025-03-09,58.53,2.236,4590.7,25,0
M025,PUMP,2025-03-10,60.45,1.97,4599.1,0,0
M025,PUMP,2025-03-11,61.41,2.311,4615.0,1,0
M025,PUMP,2025-03-12,57.36,1.899,4632.3,2,0
M025,PUMP,2025-03-13,61.66,2.039,4641.7,3,0
M025,PUMP,2025-03-14,60.48,2.624,4648.4,4,0
M025,PUMP,2025-03-15,59.55,2.159,4667.5,5,0
M025,PUMP,2025-03-16,56.92,2.119,4673.9,6,0
M025,PUMP,2025-03-17,60.27,2.704,4684.2,7,0
M025,PUMP,2025-03-18,63.9,2.677,4694.8,8,0
M025,PUMP,2025-03-19,57.61,2.7,4701.8,9,0
M025,PUMP,2025-03-20,63.54,3.121,4720.6,10,0
M025,PUMP,2025-03-21,60.79,2.067,4731.6,11,0
M025,PUMP,2025-03-22,58.45,1.929,4741.0,12,0
M025,PUMP,2025-03-23,58.31,3.081,4751.3,13,0
M025,PUMP,2025-03-24,58.89,1.695,4760.1,14,0
M025,PUMP,2025-03-25,54.34,2.37,4769.2,15,0
M025,PUMP,2025-03-26,57.1,2.284,4779.0,16,0
M025,PUMP,2025-03-27,58.39,2.317,4795.0,17,0
M025,PUMP,2025-03-28,56.5,2.45,4806.7,18,0
M025,PUMP,2025-03-29,58.45,2.344,4820.3,19,0
M025,PUMP,2025-03-30,60.17,2.175,4833.5,20,0
M025,PUMP,2025-03-31,62.16,2.682,4850.1,21,0
M025,PUMP,2025-04-01,57.55,2.775,4856.1,22,0
M025,PUMP,2025-04-02,55.36,2.383,4865.8,23,0
M025,PUMP,2025-04-03,62.41,2.525,4880.1,24,0
M025,PUMP,2025-04-04,57.64,2.54,4899.4,25,0
M025,PUMP,2025-04-05,59.37,2.791,4916.8,26,0
M025,PUMP,2025-04-06,62.73,2.778,4933.5,27,0
M025,PUMP,2025-04-07,61.29,3.094,4946.9,28,0
M025,PUMP,2025-04-08,58.78,2.333,4958.5,0,0
M025,PUMP,2025-04-09,61.82,2.686,4978.0,1,0
M025,PUMP,2025-04-10,54.47,2.213,4991.9,2,0
M025,PUMP,2025-04-11,58.21,2.276,5006.8,3,0
M025,PUMP,2025-04-12,62.46,2.776,5018.2,4,0
M025,PUMP,2025-04-13,62.5,2.417,5026.7,5,0
M025,PUMP,2025-04-14,59.43,2.317,5046.6,6,0
M025,PUMP,2025-04-15,63.49,2.491,5059.9,7,0
M025,PUMP,2025-04-16,57.93,2.426,5071.0,8,0
M025,PUMP,2025-04-17,58.78,3.052,5078.5,9,0
M025,PUMP,2025-04-18,60.07,1.784,5093.2,10,0
M025,PUMP,2025-04-19,61.13,3.114,5105.5,11,0
M025,PUMP,2025-04-20,59.39,1.943,5114.3,12,0
M025,PUMP,2025-04-21,62.86,2.597,5131.7,13,0
M025,PUMP,2025-04-22,59.02,2.179,5144.4,14,0
M025,PUMP,2025-04-23,61.99,3.043,5154.5,15,0
M025,PUMP,2025-04-24,61.38,2.32,5160.6,16,0
M025,PUMP,2025-04-25,64.61,2.241,5179.7,17,0
M025,PUMP,2025-04-26,69.9,3.228,5195.9,18,0
M025,PUMP,2025-04-27,62.54,2.581,5207.5,19,0
M025,PUMP,2025-04-28,60.88,2.355,5225.6,20,0
M025,PUMP,2025-04-29,59.31,3.232,5236.5,21,0
M025,PUMP,2025-04-30,58.39,2.117,5252.6,22,0
M025,PUMP,2025-05-01,62.67,2.205,5261.1,23,0
M025,PUMP,2025-05-02,62.72,2.882,5278.2,24,0
M025,PUMP,2025-05-03,62.55,3.079,5289.3,25,0
M025,PUMP,2025-05-04,62.9,2.998,5296.9,26,0
M025,PUMP,2025-05-05,60.5,2.039,5309.2,27,0
M025,PUMP,2025-05-06,57.94,1.979,5319.1,28,0
M025,PUMP,2025-05-07,61.56,2.903,5333.0,0,0
M025,PUMP,2025-05-08,56.47,2.72,5341.9,1,0
M025,PUMP,2025-05-09,61.3,2.865,5352.7,2,0
M025,PUMP,2025-05-10,59.2,2.269,5360.7,3,0
M025,PUMP,2025-05-11,56.78,2.601,5377.2,4,0
M025,PUMP,2025-05-12,58.64,3.309,5394.2,5,0
M025,PUMP,2025-05-13,62.66,1.878,5400.7,6,0
M025,PUMP,2025-05-14,58.67,2.979,5420.4,7,0
M025,PUMP,2025-05-15,57.12,2.446,5429.5,8,0
M025,PUMP,2025-05-16,63.06,2.788,5436.4,9,0
M025,PUMP,2025-05-17,62.1,2.891,5446.5,10,0
M025,PUMP,2025-05-18,59.33,2.834,5461.1,11,0
M025,PUMP,2025-05-19,56.99,2.343,5470.4,12,0
M025,PUMP,2025-05-20,59.04,2.144,5482.6,13,0
M025,PUMP,2025-05-21,57.23,2.629,5489.5,14,0
M025,PUMP,2025-05-22,59.81,2.581,5495.8,15,0
M025,PUMP,2025-05-23,61.25,2.244,5502.8,16,0
M025,PUMP,2025-05-24,58.74,2.532,5510.0,17,0
M025,PUMP,2025-05-25,61.84,2.763,5526.4,18,0
M025,PUMP,2025-05-26,60.18,2.759,5542.1,19,0
M025,PUMP,2025-05-27,53.14,1.618,5552.6,20,0
M025,PUMP,2025-05-28,58.51,3.161,5564.5,21,0
M025,PUMP,2025-05-29,57.23,2.533,5574.9,22,0
M025,PUMP,2025-05-30,60.09,3.284,5586.0,23,0
M025,PUMP,2025-05-31,59.82,2.238,5600.5,24,0
M025,PUMP,2025-06-01,59.75,2.577,5620.3,25,0
M025,PUMP,2025-06-02,57.94,2.884,5632.9,26,0
M025,PUMP,2025-06-03,56.64,2.524,5641.8,0,0
M025,PUMP,2025-06-04,61.0,2.738,5649.8,1,0
M025,PUMP,2025-06-05,62.83,2.603,5662.8,2,0
M025,PUMP,2025-06-06,58.79,2.761,5675.2,3,0
M025,PUMP,2025-06-07,60.33,1.892,5687.9,4,0
M025,PUMP,2025-06-08,60.97,3.29,5705.4,5,0
M025,PUMP,2025-06-09,61.13,2.429,5712.4,6,0
M025,PUMP,2025-06-10,64.66,3.121,5725.8,7,0
M025,PUMP,2025-06-11,60.86,2.406,5733.8,8,0
M025,PUMP,2025-06-12,57.31,2.163,5748.3,9,0
M025,PUMP,2025-06-13,60.86,3.086,5767.4,10,0
M025,PUMP,2025-06-14,64.71,2.206,5774.1,11,0
M025,PUMP,2025-06-15,58.86,2.644,5787.8,12,0
M025,PUMP,2025-06-16,60.14,2.522,5803.8,13,0
M025,PUMP,2025-06-17,64.24,2.962,5815.5,14,0
M025,PUMP,2025-06-18,59.55,2.668,5828.8,15,0
M025,PUMP,2025-06-19,60.69,2.139,5836.0,16,0
M025,PUMP,2025-06-20,62.75,2.734,5848.9,17,0
M025,PUMP,2025-06-21,56.52,1.991,5864.4,18,0
M025,PUMP,2025-06-22,57.3,1.746,5870.6,19,0
M025,PUMP,2025-06-23,57.03,2.355,5886.2,20,0
M025,PUMP,2025-06-24,65.59,2.589,5904.3,21,0
M025,PUMP,2025-06-25,60.71,2.351,5918.7,22,0
M025,PUMP,2025-06-26,61.9,2.599,5937.3,23,0
M025,PUMP,2025-06-27,57.22,2.567,5949.7,24,0
M025,PUMP,2025-06-28,57.28,2.459,5965.9,25,0
M025,PUMP,2025-06-29,60.03,3.115,5977.0,26,0
M026,CNC_MILL,2025-01-01,57.49,1.617,3811.4,5,0
M026,CNC_MILL,2025-01-02,57.56,1.801,3820.6,6,0
M026,CNC_MILL,2025-01-03,58.4,2.095,3827.0,7,0
M026,CNC_MILL,2025-01-04,52.92,2.333,3842.2,8,0
M026,CNC_MILL,2025-01-05,56.17,1.855,3851.6,9,0
M026,CNC_MILL,2025-01-06,47.31,1.756,3863.9,10,0
M026,CNC_MILL,2025-01-07,54.89,2.522,3870.1,11,0
M026,CNC_MILL,2025-01-08,53.47,2.193,3879.2,12,0
M026,CNC_MILL,2025-01-09,56.64,2.039,3899.1,13,0
M026,CNC_MILL,2025-01-10,57.69,1.684,3918.4,14,0
M026,CNC_MILL,2025-01-11,51.26,1.938,3930.8,15,0
M026,CNC_MILL,2025-01-12,52.99,2.634,3943.2,16,0
M026,CNC_MILL,2025-01-13,53.94,2.128,3957.3,17,0
M026,CNC_MILL,2025-01-14,52.66,1.599,3965.3,18,0
M026,CNC_MILL,2025-01-15,55.62,1.88,3976.2,19,0
M026,CNC_MILL,2025-01-16,53.13,2.262,3992.3,20,0
M026,CNC_MILL,2025-01-17,53.75,2.136,4008.2,21,0
M026,CNC_MILL,2025-01-18,54.5,1.787,4014.8,22,0
M026,CNC_MILL,2025-01-19,46.14,1.843,4034.5,23,0
M026,CNC_MILL,2025-01-20,55.8,1.929,4048.0,24,0
M026,CNC_MILL,2025-01-21,59.4,2.889,4062.0,25,0
M026,CNC_MILL,2025-01-22,58.05,2.303,4069.6,26,0
M026,CNC_MILL,2025-01-23,58.98,1.474,4087.8,0,0
M026,CNC_MILL,2025-01-24,50.71,2.247,4100.9,1,0
M026,CNC_MILL,2025-01-25,52.7,1.619,4119.3,2,0
M026,CNC_MILL,2025-01-26,56.36,2.236,4136.1,3,0
M026,CNC_MILL,2025-01-27,56.57,1.918,4147.1,4,0
M026,CNC_MILL,2025-01-28,55.4,2.118,4159.6,5,0
M026,CNC_MILL,2025-01-29,54.05,2.069,4171.0,6,0
M026,CNC_MILL,2025-01-30,54.5,2.141,4179.1,7,0
M026,CNC_MILL,2025-01-31,56.9,2.122,4192.6,8,0
M026,CNC_MILL,2025-02-01,49.75,1.833,4209.5,9,0
M026,CNC_MILL,2025-02-02,53.72,1.924,4217.4,10,0
M026,CNC_MILL,2025-02-03,51.81,1.944,4228.1,11,0
M026,CNC_MILL,2025-02-04,55.4,1.656,4242.7,12,0
M026,CNC_MILL,2025-02-05,52.78,1.954,4259.3,13,0
M026,CNC_MILL,2025-02-06,52.57,2.571,4274.8,14,0
M026,CNC_MILL,2025-02-07,59.04,2.093,4289.6,15,0
M026,CNC_MILL,2025-02-08,53.75,2.297,4296.3,16,0
M026,CNC_MILL,2025-02-09,57.83,2.286,4306.1,17,0
M026,CNC_MILL,2025-02-10,52.34,2.308,4320.1,18,0
M026,CNC_MILL,2025-02-11,54.53,1.427,4331.8,19,0
M026,CNC_MILL,2025-02-12,58.35,2.151,4342.7,20,0
M026,CNC_MILL,2025-02-13,59.34,2.103,4355.6,21,0
M026,CNC_MILL,2025-02-14,53.45,2.421,4373.0,22,0
M026,CNC_MILL,2025-02-15,53.39,2.247,4381.6,23,0
M026,CNC_MILL,2025-02-16,57.4,2.156,4387.8,24,0
M026,CNC_MILL,2025-02-17,56.16,1.376,4403.1,25,0
M026,CNC_MILL,2025-02-18,54.06,1.986,4412.4,26,0
M026,CNC_MILL,2025-02-19,55.86,1.747,4421.8,27,0
M026,CNC_MILL,2025-02-20,54.77,2.283,4433.3,28,0
M026,CNC_MILL,2025-02-21,61.45,1.699,4443.7,29,0
M026,CNC_MILL,2025-02-22,51.16,2.063,4458.6,30,0
M026,CNC_MILL,2025-02-23,61.48,1.964,4472.7,31,0
M026,CNC_MILL,2025-02-24,51.9,2.298,4482.4,32,0
M026,CNC_MILL,2025-02-25,54.79,2.11,4493.1,33,0
M026,CNC_MILL,2025-02-26,61.79,1.849,4510.9,0,0
M026,CNC_MILL,2025-02-27,53.32,2.201,4526.4,1,0
M026,CNC_MILL,2025-02-28,57.59,1.803,4534.8,2,0
M026,CNC_MILL,2025-03-01,53.58,1.676,4550.0,3,0
M026,CNC_MILL,2025-03-02,54.11,2.496,4556.4,4,0
M026,CNC_MILL,2025-03-03,50.53,1.88,4563.1,5,0
M026,CNC_MILL,2025-03-04,55.66,1.573,4574.6,6,0
M026,CNC_MILL,2025-03-05,54.76,2.069,4594.5,7,0
M026,CNC_MILL,2025-03-06,55.4,1.838,4609.3,8,0
M026,CNC_MILL,2025-03-07,56.45,2.201,4629.1,9,0
M026,CNC_MILL,2025-03-08,52.36,1.976,4649.1,10,0
M026,CNC_MILL,2025-03-09,54.97,1.629,4656.4,11,0
M026,CNC_MILL,2025-03-10,52.64,1.859,4673.4,12,0
M026,CNC_MILL,2025-03-11,55.56,2.287,4688.4,13,0
M026,CNC_MILL,2025-03-12,53.41,1.967,4707.8,14,0
M026,CNC_MILL,2025-03-13,57.9,1.723,4721.9,15,0
M026,CNC_MILL,2025-03-14,53.82,1.989,4730.1,16,0
M026,CNC_MILL,2025-03-15,57.7,1.816,4742.8,17,0
M026,CNC_MILL,2025-03-16,56.86,1.925,4759.7,18,0
M026,CNC_MILL,2025-03-17,59.08,1.694,4778.9,19,0
M026,CNC_MILL,2025-03-18,55.32,2.197,4797.8,20,0
M026,CNC_MILL,2025-03-19,57.44,2.083,4812.0,21,0
M026,CNC_MILL,2025-03-20,57.29,1.987,4823.6,22,0
M026,CNC_MILL,2025-03-21,51.2,1.958,4829.8,23,0
M026,CNC_MILL,2025-03-22,57.83,1.671,4841.8,24,0
M026,CNC_MILL,2025-03-23,56.73,1.895,4848.6,25,0
M026,CNC_MILL,2025-03-24,56.24,2.159,4858.2,26,0
M026,CNC_MILL,2025-03-25,53.31,2.143,4864.9,27,0
M026,CNC_MILL,2025-03-26,51.65,1.99,4882.4,0,0
M026,CNC_MILL,2025-03-27,56.87,2.343,4894.9,1,0
M026,CNC_MILL,2025-03-28,55.94,1.808,4903.5,2,0
M026,CNC_MILL,2025-03-29,49.33,2.405,4913.8,3,0
M026,CNC_MILL,2025-03-30,58.69,2.119,4928.9,4,0
M026,CNC_MILL,2025-03-31,55.93,2.141,4939.4,5,0
M026,CNC_MILL,2025-04-01,52.36,1.786,4946.1,6,0
M026,CNC_MILL,2025-04-02,52.56,1.982,4955.8,7,0
M026,CNC_MILL,2025-04-03,55.41,1.868,4962.7,8,0
M026,CNC_MILL,2025-04-04,52.72,1.366,4970.9,9,0
M026,CNC_MILL,2025-04-05,54.25,1.61,4988.1,10,0
M026,CNC_MILL,2025-04-06,56.38,1.784,4996.7,11,0
M026,CNC_MILL,2025-04-07,53.17,1.92,5008.2,12,0
M026,CNC_MILL,2025-04-08,59.27,1.724,5024.6,13,0
M026,CNC_MILL,2025-04-09,59.04,2.189,5040.7,14,0
M026,CNC_MILL,2025-04-10,59.37,2.505,5053.9,15,0
M026,CNC_MILL,2025-04-11,56.95,2.112,5063.7,16,0
M026,CNC_MILL,2025-04-12,52.19,1.888,5075.3,17,0
M026,CNC_MILL,2025-04-13,52.61,2.201,5093.5,18,0
M026,CNC_MILL,2025-04-14,54.03,2.222,5100.4,19,0
M026,CNC_MILL,2025-04-15,52.5,1.723,5120.1,20,0
M026,CNC_MILL,2025-04-16,60.35,2.24,5134.8,21,0
M026,CNC_MILL,2025-04-17,59.39,2.276,5144.4,22,0
M026,CNC_MILL,2025-04-18,54.85,2.191,5160.2,23,0
M026,CNC_MILL,2025-04-19,56.74,2.6,5178.5,24,0
M026,CNC_MILL,2025-04-20,56.26,1.953,5195.8,25,0
M026,CNC_MILL,2025-04-21,52.07,1.985,5213.6,26,0
M026,CNC_MILL,2025-04-22,57.24,2.097,5225.5,27,0
M026,CNC_MILL,2025-04-23,53.8,1.83,5234.2,28,0
M026,CNC_MILL,2025-04-24,52.71,2.194,5249.6,0,0
M026,CNC_MILL,2025-04-25,56.01,2.325,5260.9,1,0
M026,CNC_MILL,2025-04-26,51.5,2.362,5273.4,2,0
M026,CNC_MILL,2025-04-27,48.49,1.713,5282.8,3,0
M026,CNC_MILL,2025-04-28,58.71,1.865,5302.5,4,0
M026,CNC_MILL,2025-04-29,53.96,1.737,5316.2,5,0
M026,CNC_MILL,2025-04-30,53.22,1.171,5326.4,6,0
M026,CNC_MILL,2025-05-01,51.8,2.071,5333.0,7,0
M026,CNC_MILL,2025-05-02,52.41,2.082,5343.4,8,0
M026,CNC_MILL,2025-05-03,59.12,1.947,5354.5,9,0
M026,CNC_MILL,2025-05-04,60.48,2.323,5360.5,10,0
M026,CNC_MILL,2025-05-05,56.41,1.24,5369.2,11,0
M026,CNC_MILL,2025-05-06,56.06,2.383,5386.3,12,0
M026,CNC_MILL,2025-05-07,55.4,1.215,5397.4,13,0
M026,CNC_MILL,2025-05-08,54.17,1.797,5405.0,14,0
M026,CNC_MILL,2025-05-09,54.14,1.962,5416.2,15,0
M026,CNC_MILL,2025-05-10,52.54,1.877,5422.5,16,0
M026,CNC_MILL,2025-05-11,54.18,2.172,5431.2,17,0
M026,CNC_MILL,2025-05-12,58.17,1.791,5446.6,18,0
M026,CNC_MILL,2025-05-13,56.67,2.184,5462.2,19,0
M026,CNC_MILL,2025-05-14,58.88,1.472,5470.1,20,0
M026,CNC_MILL,2025-05-15,60.39,1.809,5484.1,21,0
M026,CNC_MILL,2025-05-16,56.54,2.166,5500.3,22,0
M026,CNC_MILL,2025-05-17,54.58,1.813,5520.2,23,0
M026,CNC_MILL,2025-05-18,51.04,2.017,5534.1,24,0
M026,CNC_MILL,2025-05-19,54.69,1.679,5542.4,25,0
M026,CNC_MILL,2025-05-20,56.3,1.548,5556.2,26,0
M026,CNC_MILL,2025-05-21,61.13,1.842,5567.2,27,0
M026,CNC_MILL,2025-05-22,57.18,1.457,5583.3,28,0
M026,CNC_MILL,2025-05-23,51.32,1.826,5596.6,0,0
M026,CNC_MILL,2025-05-24,55.31,1.812,5612.2,1,0
M026,CNC_MILL,2025-05-25,55.75,1.669,5623.6,2,0
M026,CNC_MILL,2025-05-26,54.21,2.085,5636.4,3,0
M026,CNC_MILL,2025-05-27,52.04,1.886,5647.3,4,0
M026,CNC_MILL,2025-05-28,59.58,2.171,5657.8,5,0
M026,CNC_MILL,2025-05-29,54.41,1.968,5664.0,6,0
M026,CNC_MILL,2025-05-30,53.67,1.746,5678.3,7,0
M026,CNC_MILL,2025-05-31,56.69,1.81,5697.2,8,0
M026,CNC_MILL,2025-06-01,52.87,2.085,5711.1,9,0
M026,CNC_MILL,2025-06-02,54.26,1.582,5730.5,10,0
M026,CNC_MILL,2025-06-03,53.72,2.601,5748.1,11,0
M026,CNC_MILL,2025-06-04,54.81,2.339,5760.1,12,0
M026,CNC_MILL,2025-06-05,52.65,1.501,5770.3,13,0
M026,CNC_MILL,2025-06-06,59.34,2.073,5785.6,14,0
M026,CNC_MILL,2025-06-07,54.07,1.902,5798.7,15,0
M026,CNC_MILL,2025-06-08,58.37,2.364,5806.8,16,0
M026,CNC_MILL,2025-06-09,57.45,1.739,5826.1,17,0
M026,CNC_MILL,2025-06-10,53.82,1.933,5838.8,18,0
M026,CNC_MILL,2025-06-11,54.43,1.758,5856.3,19,0
M026,CNC_MILL,2025-06-12,54.5,2.045,5875.2,20,0
M026,CNC_MILL,2025-06-13,56.41,2.296,5882.0,21,0
M026,CNC_MILL,2025-06-14,56.34,1.808,5896.9,22,0
M026,CNC_MILL,2025-06-15,55.42,1.962,5908.8,23,0
M026,CNC_MILL,2025-06-16,60.33,2.01,5921.5,24,0
M026,CNC_MILL,2025-06-17,57.88,1.89,5934.1,25,0
M026,CNC_MILL,2025-06-18,59.4,1.862,5945.6,26,0
M026,CNC_MILL,2025-06-19,58.12,1.814,5956.3,27,0
M026,CNC_MILL,2025-06-20,52.88,2.227,5965.9,28,0
M026,CNC_MILL,2025-06-21,51.46,2.106,5973.4,29,0
M026,CNC_MILL,2025-06-22,59.91,2.099,5985.1,30,0
M026,CNC_MILL,2025-06-23,53.49,1.62,5998.7,31,0
M026,CNC_MILL,2025-06-24,57.75,2.179,6009.5,32,0
M026,CNC_MILL,2025-06-25,58.52,2.005,6026.0,33,0
M026,CNC_MILL,2025-06-26,56.62,1.903,6042.9,34,0
M026,CNC_MILL,2025-06-27,60.75,1.877,6057.9,35,0
M026,CNC_MILL,2025-06-28,51.33,2.004,6065.7,0,0
M026,CNC_MILL,2025-06-29,50.69,2.398,6073.2,1,0
M027,CONVEYOR,2025-01-01,40.87,1.401,3737.0,14,0
M027,CONVEYOR,2025-01-02,39.84,0.977,3747.3,15,0
M027,CONVEYOR,2025-01-03,40.64,1.437,3762.5,16,0
M027,CONVEYOR,2025-01-04,40.02,1.14,3769.9,17,0
M027,CONVEYOR,2025-01-05,35.49,1.328,3786.6,18,0
M027,CONVEYOR,2025-01-06,38.51,1.303,3806.0,19,0
M027,CONVEYOR,2025-01-07,37.99,1.178,3820.4,20,0
M027,CONVEYOR,2025-01-08,42.22,0.975,3834.4,21,0
M027,CONVEYOR,2025-01-09,40.65,1.472,3854.2,22,0
M027,CONVEYOR,2025-01-10,40.41,1.425,3869.3,23,0
M027,CONVEYOR,2025-01-11,39.11,1.396,3884.0,24,0
M027,CONVEYOR,2025-01-12,38.44,1.235,3901.2,25,0
M027,CONVEYOR,2025-01-13,39.84,1.223,3918.9,26,0
M027,CONVEYOR,2025-01-14,41.33,1.054,3934.7,27,0
M027,CONVEYOR,2025-01-15,43.3,1.372,3943.8,28,0
M027,CONVEYOR,2025-01-16,36.64,1.463,3955.1,29,0
M027,CONVEYOR,2025-01-17,42.2,1.078,3963.4,30,0
M027,CONVEYOR,2025-01-18,41.55,1.372,3969.5,0,0
M027,CONVEYOR,2025-01-19,42.98,1.149,3981.5,1,0
M027,CONVEYOR,2025-01-20,41.1,1.0,4000.3,2,0
M027,CONVEYOR,2025-01-21,39.16,1.026,4012.5,3,0
M027,CONVEYOR,2025-01-22,42.59,1.287,4029.0,4,0
M027,CONVEYOR,2025-01-23,41.36,0.968,4041.6,5,0
M027,CONVEYOR,2025-01-24,41.58,1.285,4052.9,6,0
M027,CONVEYOR,2025-01-25,38.23,0.974,4071.8,7,0
M027,CONVEYOR,2025-01-26,39.45,1.032,4081.2,8,0
M027,CONVEYOR,2025-01-27,40.32,1.338,4096.0,9,0
M027,CONVEYOR,2025-01-28,40.32,1.372,4110.0,10,0
M027,CONVEYOR,2025-01-29,36.24,1.477,4129.8,11,0
M027,CONVEYOR,2025-01-30,38.56,1.123,4137.4,12,0
M027,CONVEYOR,2025-01-31,44.42,1.225,4150.7,13,0
M027,CONVEYOR,2025-02-01,37.92,1.495,4166.9,14,0
M027,CONVEYOR,2025-02-02,39.27,1.292,4178.6,15,0
M027,CONVEYOR,2025-02-03,38.27,1.217,4190.4,16,0
M027,CONVEYOR,2025-02-04,42.85,1.2,4203.2,17,0
M027,CONVEYOR,2025-02-05,39.56,1.471,4219.2,18,0
M027,CONVEYOR,2025-02-06,39.44,1.018,4226.2,19,0
M027,CONVEYOR,2025-02-07,46.5,1.093,4244.1,20,0
M027,CONVEYOR,2025-02-08,41.43,1.409,4252.7,21,0
M027,CONVEYOR,2025-02-09,41.63,1.407,4261.8,22,0
M027,CONVEYOR,2025-02-10,45.74,1.183,4275.0,23,0
M027,CONVEYOR,2025-02-11,40.88,1.17,4293.6,24,0
M027,CONVEYOR,2025-02-12,49.86,1.48,4304.3,25,0
M027,CONVEYOR,2025-02-13,44.67,1.648,4311.0,26,0
M027,CONVEYOR,2025-02-14,44.72,1.876,4323.8,27,0
M027,CONVEYOR,2025-02-15,45.45,1.829,4333.5,28,0
M027,CONVEYOR,2025-02-16,43.25,1.72,4344.8,29,0
M027,CONVEYOR,2025-02-17,47.27,1.78,4355.8,30,0
M027,CONVEYOR,2025-02-18,46.83,2.343,4363.9,31,0
M027,CONVEYOR,2025-02-19,48.25,1.538,4372.2,32,0
M027,CONVEYOR,2025-02-20,52.95,2.143,4388.2,33,0
M027,CONVEYOR,2025-02-21,51.6,1.483,4395.8,0,0
M027,CONVEYOR,2025-02-22,46.18,2.032,4411.9,1,0
M027,CONVEYOR,2025-02-23,47.15,1.827,4424.4,2,0
M027,CONVEYOR,2025-02-24,47.14,1.489,4441.5,3,0
M027,CONVEYOR,2025-02-25,47.69,1.866,4450.5,4,0
M027,CONVEYOR,2025-02-26,46.55,2.327,4461.2,5,0
M027,CONVEYOR,2025-02-27,51.71,1.755,4471.8,6,1
M027,CONVEYOR,2025-02-28,50.35,2.056,4483.3,7,1
M027,CONVEYOR,2025-03-01,54.64,2.122,4492.2,8,1
M027,CONVEYOR,2025-03-02,48.59,1.813,4504.7,9,1
M027,CONVEYOR,2025-03-03,45.47,2.331,4520.4,10,1
M027,CONVEYOR,2025-03-04,50.67,1.118,4539.8,11,1
M027,CONVEYOR,2025-03-05,55.23,2.437,4548.0,12,1
M027,CONVEYOR,2025-03-06,38.71,0.825,4558.5,13,0
M028,PRESS,2025-01-01,65.63,3.856,3329.8,14,0
M028,PRESS,2025-01-02,55.47,2.904,3347.4,15,0
M028,PRESS,2025-01-03,64.67,2.882,3356.5,16,0
M028,PRESS,2025-01-04,63.39,3.19,3372.5,17,0
M028,PRESS,2025-01-05,67.74,3.264,3387.2,18,0
M028,PRESS,2025-01-06,67.19,3.574,3406.7,19,0
M028,PRESS,2025-01-07,64.46,3.242,3420.1,20,0
M028,PRESS,2025-01-08,58.5,3.398,3434.1,21,0
M028,PRESS,2025-01-09,66.96,3.15,3452.5,22,0
M028,PRESS,2025-01-10,59.97,3.366,3469.2,23,0
M028,PRESS,2025-01-11,69.07,3.251,3477.7,24,0
M028,PRESS,2025-01-12,61.91,3.089,3485.3,25,0
M028,PRESS,2025-01-13,66.16,3.066,3491.7,26,0
M028,PRESS,2025-01-14,65.67,3.794,3504.2,0,0
M028,PRESS,2025-01-15,58.81,3.129,3520.6,1,0
M028,PRESS,2025-01-16,68.46,3.176,3534.1,2,0
M028,PRESS,2025-01-17,58.71,2.541,3551.6,3,0
M028,PRESS,2025-01-18,66.68,2.95,3571.3,4,0
M028,PRESS,2025-01-19,63.39,2.615,3582.0,5,0
M028,PRESS,2025-01-20,64.49,2.926,3595.1,6,0
M028,PRESS,2025-01-21,65.89,3.298,3607.3,7,0
M028,PRESS,2025-01-22,69.01,3.0,3619.7,8,0
M028,PRESS,2025-01-23,69.91,3.25,3632.2,9,0
M028,PRESS,2025-01-24,69.78,2.498,3652.2,10,0
M028,PRESS,2025-01-25,64.58,3.343,3667.7,11,0
M028,PRESS,2025-01-26,57.83,3.187,3675.6,12,0
M028,PRESS,2025-01-27,65.29,3.461,3692.4,13,0
M028,PRESS,2025-01-28,65.74,3.333,3708.7,14,0
M028,PRESS,2025-01-29,57.55,2.694,3727.1,15,0
M028,PRESS,2025-01-30,67.34,2.644,3733.7,16,0
M028,PRESS,2025-01-31,66.24,3.449,3750.7,17,0
M028,PRESS,2025-02-01,69.37,2.942,3757.9,18,0
M028,PRESS,2025-02-02,59.47,2.951,3765.3,19,0
M028,PRESS,2025-02-03,70.21,2.911,3782.2,20,0
M028,PRESS,2025-02-04,64.88,3.09,3796.5,21,0
M028,PRESS,2025-02-05,61.53,3.036,3809.1,22,0
M028,PRESS,2025-02-06,67.68,3.132,3827.3,23,0
M028,PRESS,2025-02-07,70.13,3.019,3839.3,24,0
M028,PRESS,2025-02-08,66.07,2.911,3854.1,25,0
M028,PRESS,2025-02-09,66.78,3.468,3873.5,26,0
M028,PRESS,2025-02-10,57.93,2.303,3881.8,27,0
M028,PRESS,2025-02-11,63.26,2.314,3900.4,28,0
M028,PRESS,2025-02-12,62.98,3.814,3911.6,29,0
M028,PRESS,2025-02-13,66.31,3.346,3930.0,30,0
M028,PRESS,2025-02-14,67.46,2.856,3943.6,0,0
M028,PRESS,2025-02-15,68.52,2.626,3949.8,1,0
M028,PRESS,2025-02-16,72.83,3.339,3968.0,2,0
M028,PRESS,2025-02-17,68.63,3.054,3974.4,3,0
M028,PRESS,2025-02-18,68.56,3.471,3983.8,4,0
M028,PRESS,2025-02-19,70.2,2.788,3992.1,5,0
M028,PRESS,2025-02-20,62.96,3.017,4003.7,6,0
M028,PRESS,2025-02-21,66.81,2.742,4012.3,7,0
M028,PRESS,2025-02-22,63.44,2.98,4023.2,8,0
M028,PRESS,2025-02-23,64.75,3.622,4033.5,9,0
M028,PRESS,2025-02-24,62.99,2.902,4039.6,10,0
M028,PRESS,2025-02-25,60.31,2.762,4056.4,11,0
M028,PRESS,2025-02-26,70.16,2.67,4075.6,12,0
M028,PRESS,2025-02-27,75.38,3.161,4086.8,13,0
M028,PRESS,2025-02-28,61.17,3.077,4099.5,14,0
M028,PRESS,2025-03-01,71.04,2.981,4112.4,15,0
M028,PRESS,2025-03-02,64.86,2.886,4129.9,16,0
M028,PRESS,2025-03-03,62.7,3.287,4141.9,17,0
M028,PRESS,2025-03-04,64.66,3.777,4152.9,18,0
M028,PRESS,2025-03-05,61.66,2.948,4163.2,19,0
M028,PRESS,2025-03-06,71.3,3.193,4177.2,20,0
M028,PRESS,2025-03-07,70.19,2.683,4190.1,21,0
M028,PRESS,2025-03-08,59.65,3.706,4209.0,22,0
M028,PRESS,2025-03-09,58.7,2.677,4225.8,23,0
M028,PRESS,2025-03-10,67.01,3.11,4232.3,24,0
M028,PRESS,2025-03-11,68.24,3.005,4241.1,25,0
M028,PRESS,2025-03-12,67.44,3.656,4254.1,26,0
M028,PRESS,2025-03-13,59.59,2.934,4268.3,0,0
M028,PRESS,2025-03-14,64.37,3.356,4285.7,1,0
M028,PRESS,2025-03-15,63.67,3.325,4303.7,2,0
M028,PRESS,2025-03-16,60.58,3.214,4315.4,3,0
M028,PRESS,2025-03-17,63.62,2.973,4334.3,4,0
M028,PRESS,2025-03-18,66.18,1.552,4343.8,5,0
M028,PRESS,2025-03-19,60.0,3.349,4353.2,6,0
M028,PRESS,2025-03-20,65.0,3.343,4368.6,7,0
M028,PRESS,2025-03-21,64.45,3.047,4379.8,8,0
M028,PRESS,2025-03-22,68.65,3.154,4387.8,9,0
M028,PRESS,2025-03-23,64.78,2.573,4395.0,10,0
M028,PRESS,2025-03-24,65.26,3.379,4412.9,11,0
M028,PRESS,2025-03-25,62.01,2.661,4424.3,12,0
M028,PRESS,2025-03-26,69.14,2.143,4441.1,13,0
M028,PRESS,2025-03-27,65.45,2.928,4453.4,14,0
M028,PRESS,2025-03-28,61.77,3.162,4461.4,15,0
M028,PRESS,2025-03-29,66.77,2.557,4476.4,16,0
M028,PRESS,2025-03-30,61.04,2.916,4483.8,17,0
M028,PRESS,2025-03-31,67.74,3.054,4494.7,18,0
M028,PRESS,2025-04-01,67.0,2.501,4502.5,19,0
M028,PRESS,2025-04-02,66.74,3.064,4514.8,20,0
M028,PRESS,2025-04-03,60.06,2.523,4526.4,21,0
M028,PRESS,2025-04-04,61.98,3.534,4535.5,22,0
M028,PRESS,2025-04-05,67.8,2.797,4550.1,23,0
M028,PRESS,2025-04-06,63.38,2.475,4561.8,24,0
M028,PRESS,2025-04-07,64.9,3.276,4581.7,25,0
M028,PRESS,2025-04-08,61.41,3.342,4590.9,26,0
M028,PRESS,2025-04-09,66.07,2.722,4603.9,27,0
M028,PRESS,2025-04-10,61.16,2.91,4612.3,0,0
M028,PRESS,2025-04-11,62.54,3.11,4631.0,1,0
M028,PRESS,2025-04-12,67.01,2.953,4643.1,2,0
M028,PRESS,2025-04-13,65.09,3.472,4659.9,3,0
M028,PRESS,2025-04-14,61.77,3.111,4678.4,4,0
M028,PRESS,2025-04-15,62.45,2.796,4685.4,5,0
M028,PRESS,2025-04-16,63.53,2.808,4699.4,6,0
M028,PRESS,2025-04-17,69.25,2.506,4718.8,7,0
M028,PRESS,2025-04-18,70.65,2.807,4730.8,8,0
M028,PRESS,2025-04-19,57.81,2.864,4741.8,9,0
M028,PRESS,2025-04-20,62.43,2.786,4761.7,10,0
M028,PRESS,2025-04-21,68.04,2.102,4773.1,11,0
M028,PRESS,2025-04-22,69.51,2.662,4789.5,12,0
M028,PRESS,2025-04-23,67.25,3.201,4805.0,13,0
M028,PRESS,2025-04-24,66.38,3.472,4824.0,14,0
M028,PRESS,2025-04-25,67.74,2.485,4835.3,15,0
M028,PRESS,2025-04-26,65.11,3.281,4848.6,16,0
M028,PRESS,2025-04-27,68.89,3.461,4862.4,17,0
M028,PRESS,2025-04-28,64.98,3.154,4881.6,18,0
M028,PRESS,2025-04-29,71.19,3.308,4892.1,19,0
M028,PRESS,2025-04-30,73.11,3.126,4909.8,20,0
M028,PRESS,2025-05-01,62.82,3.055,4917.2,21,0
M028,PRESS,2025-05-02,62.37,3.84,4931.0,22,0
M028,PRESS,2025-05-03,67.37,3.252,4937.3,23,0
M028,PRESS,2025-05-04,66.88,3.058,4943.9,24,0
M028,PRESS,2025-05-05,64.13,3.133,4956.3,25,0
M028,PRESS,2025-05-06,72.63,2.836,4968.6,26,0
M028,PRESS,2025-05-07,68.84,2.967,4979.9,27,0
M028,PRESS,2025-05-08,67.53,3.225,4994.0,28,0
M028,PRESS,2025-05-09,70.21,1.932,5007.8,29,0
M028,PRESS,2025-05-10,58.11,3.125,5023.4,30,0
M028,PRESS,2025-05-11,61.11,2.864,5042.8,0,0
M028,PRESS,2025-05-12,68.45,2.846,5049.4,1,0
M028,PRESS,2025-05-13,62.31,3.016,5063.1,2,0
M028,PRESS,2025-05-14,59.84,3.294,5076.3,3,0
M028,PRESS,2025-05-15,63.63,3.357,5091.0,4,0
M028,PRESS,2025-05-16,63.04,2.96,5102.1,5,0
M028,PRESS,2025-05-17,65.05,2.495,5115.0,6,0
M028,PRESS,2025-05-18,70.81,3.224,5131.0,7,0
M028,PRESS,2025-05-19,69.39,2.848,5147.3,8,0
M028,PRESS,2025-05-20,73.81,3.253,5167.3,9,0
M028,PRESS,2025-05-21,65.5,3.203,5184.5,10,0
M028,PRESS,2025-05-22,62.86,3.679,5202.9,11,0
M028,PRESS,2025-05-23,63.99,2.608,5222.9,12,0
M028,PRESS,2025-05-24,72.72,3.095,5229.5,13,0
M028,PRESS,2025-05-25,69.79,3.278,5242.4,14,0
M028,PRESS,2025-05-26,67.43,2.805,5254.3,15,0
M028,PRESS,2025-05-27,65.45,3.318,5260.9,16,0
M028,PRESS,2025-05-28,66.14,2.491,5271.7,17,0
M028,PRESS,2025-05-29,59.84,3.265,5290.0,18,0
M028,PRESS,2025-05-30,66.97,3.181,5309.3,19,0
M028,PRESS,2025-05-31,75.8,2.97,5319.9,20,0
M028,PRESS,2025-06-01,61.64,3.648,5331.7,21,0
M028,PRESS,2025-06-02,68.52,2.64,5345.4,22,0
M028,PRESS,2025-06-03,71.68,2.821,5365.1,23,0
M028,PRESS,2025-06-04,66.23,2.969,5371.2,24,0
M028,PRESS,2025-06-05,67.17,2.989,5382.7,25,0
M028,PRESS,2025-06-06,65.93,2.721,5392.7,26,0
M028,PRESS,2025-06-07,64.19,2.839,5399.9,27,0
M028,PRESS,2025-06-08,69.65,3.348,5409.3,28,0
M028,PRESS,2025-06-09,65.04,3.195,5424.3,0,0
M028,PRESS,2025-06-10,72.88,2.467,5430.4,1,0
M028,PRESS,2025-06-11,67.37,3.249,5439.0,2,0
M028,PRESS,2025-06-12,65.5,2.503,5449.0,3,0
M028,PRESS,2025-06-13,69.79,2.849,5466.8,4,0
M028,PRESS,2025-06-14,67.65,2.33,5485.1,5,0
M028,PRESS,2025-06-15,60.41,2.388,5504.5,6,0
M028,PRESS,2025-06-16,62.09,3.418,5511.1,7,0
M028,PRESS,2025-06-17,58.52,2.908,5524.2,8,0
M028,PRESS,2025-06-18,66.66,3.569,5534.3,9,0
M028,PRESS,2025-06-19,64.24,3.014,5552.9,10,0
M028,PRESS,2025-06-20,65.37,3.082,5563.4,11,0
M028,PRESS,2025-06-21,68.78,2.952,5580.4,12,0
M028,PRESS,2025-06-22,70.4,3.18,5597.2,13,0
M028,PRESS,2025-06-23,70.39,2.209,5606.4,14,0
M028,PRESS,2025-06-24,64.03,2.361,5619.1,15,0
M028,PRESS,2025-06-25,65.29,3.424,5637.2,16,0
M028,PRESS,2025-06-26,62.48,3.039,5650.4,17,0
M028,PRESS,2025-06-27,77.86,2.65,5658.2,18,0
M028,PRESS,2025-06-28,52.62,2.821,5664.3,19,0
M028,PRESS,2025-06-29,70.83,2.55,5683.5,20,0
M029,ROBOT_ARM,2025-01-01,45.74,1.166,3211.4,11,0
M029,ROBOT_ARM,2025-01-02,49.91,1.587,3224.6,12,0
M029,ROBOT_ARM,2025-01-03,46.6,1.36,3233.9,13,0
M029,ROBOT_ARM,2025-01-04,48.12,1.696,3242.6,14,0
M029,ROBOT_ARM,2025-01-05,52.55,1.143,3254.7,15,0
M029,ROBOT_ARM,2025-01-06,43.38,1.597,3261.9,16,0
M029,ROBOT_ARM,2025-01-07,46.92,1.445,3272.6,17,0
M029,ROBOT_ARM,2025-01-08,48.19,2.102,3290.5,18,0
M029,ROBOT_ARM,2025-01-09,47.27,1.731,3302.1,19,0
M029,ROBOT_ARM,2025-01-10,49.11,1.524,3313.3,20,0
M029,ROBOT_ARM,2025-01-11,53.31,0.955,3330.5,21,0
M029,ROBOT_ARM,2025-01-12,46.86,1.716,3338.3,22,0
M029,ROBOT_ARM,2025-01-13,46.75,1.407,3352.5,23,0
M029,ROBOT_ARM,2025-01-14,45.41,1.086,3361.9,24,0
M029,ROBOT_ARM,2025-01-15,47.53,1.701,3377.1,25,0
M029,ROBOT_ARM,2025-01-16,44.3,1.868,3387.7,26,0
M029,ROBOT_ARM,2025-01-17,48.51,1.533,3407.3,27,0
M029,ROBOT_ARM,2025-01-18,46.92,1.32,3419.4,0,0
M029,ROBOT_ARM,2025-01-19,51.47,1.787,3437.2,1,0
M029,ROBOT_ARM,2025-01-20,50.0,1.218,3455.8,2,0
M029,ROBOT_ARM,2025-01-21,42.62,1.22,3472.1,3,0
M029,ROBOT_ARM,2025-01-22,49.11,2.092,3488.7,4,0
M029,ROBOT_ARM,2025-01-23,46.12,1.212,3507.0,5,0
M029,ROBOT_ARM,2025-01-24,39.21,1.993,3523.5,6,0
M029,ROBOT_ARM,2025-01-25,45.16,1.456,3535.8,7,0
M029,ROBOT_ARM,2025-01-26,46.42,1.463,3543.6,8,0
M029,ROBOT_ARM,2025-01-27,48.93,1.617,3558.0,9,0
M029,ROBOT_ARM,2025-01-28,47.56,1.754,3577.0,10,0
M029,ROBOT_ARM,2025-01-29,53.83,1.32,3596.7,11,0
M029,ROBOT_ARM,2025-01-30,44.32,1.166,3604.4,12,0
M029,ROBOT_ARM,2025-01-31,46.34,1.247,3622.9,13,0
M029,ROBOT_ARM,2025-02-01,53.38,1.476,3642.4,14,0
M029,ROBOT_ARM,2025-02-02,49.98,1.278,3652.5,15,0
M029,ROBOT_ARM,2025-02-03,46.04,1.647,3666.4,16,0
M029,ROBOT_ARM,2025-02-04,47.48,1.432,3684.8,17,0
M029,ROBOT_ARM,2025-02-05,50.21,1.63,3703.4,18,0
M029,ROBOT_ARM,2025-02-06,51.62,1.29,3713.0,19,0
M029,ROBOT_ARM,2025-02-07,47.12,1.003,3732.9,20,0
M029,ROBOT_ARM,2025-02-08,46.77,1.38,3745.5,21,0
M029,ROBOT_ARM,2025-02-09,53.51,1.606,3765.5,22,0
M029,ROBOT_ARM,2025-02-10,47.25,1.709,3781.1,23,0
M029,ROBOT_ARM,2025-02-11,47.87,1.459,3797.6,24,0
M029,ROBOT_ARM,2025-02-12,50.52,1.491,3809.4,25,0
M029,ROBOT_ARM,2025-02-13,47.53,1.192,3826.6,26,0
M029,ROBOT_ARM,2025-02-14,55.47,1.576,3838.9,27,0
M029,ROBOT_ARM,2025-02-15,51.6,1.78,3854.1,28,0
M029,ROBOT_ARM,2025-02-16,41.14,1.167,3865.1,0,0
M029,ROBOT_ARM,2025-02-17,43.8,1.379,3874.5,1,0
M029,ROBOT_ARM,2025-02-18,51.27,1.019,3893.1,2,0
M029,ROBOT_ARM,2025-02-19,48.9,1.797,3901.2,3,0
M029,ROBOT_ARM,2025-02-20,42.1,1.184,3921.1,4,0
M029,ROBOT_ARM,2025-02-21,43.94,1.315,3927.6,5,0
M029,ROBOT_ARM,2025-02-22,47.74,1.773,3947.2,6,0
M029,ROBOT_ARM,2025-02-23,51.07,1.493,3961.5,7,0
M029,ROBOT_ARM,2025-02-24,47.85,1.486,3979.4,8,0
M029,ROBOT_ARM,2025-02-25,49.8,1.215,3987.3,9,0
M029,ROBOT_ARM,2025-02-26,47.01,1.159,4003.1,10,0
M029,ROBOT_ARM,2025-02-27,46.57,1.672,4017.7,11,0
M029,ROBOT_ARM,2025-02-28,50.68,1.491,4024.1,12,0
M029,ROBOT_ARM,2025-03-01,46.83,1.774,4031.0,13,0
M029,ROBOT_ARM,2025-03-02,47.55,1.633,4050.8,14,0
M029,ROBOT_ARM,2025-03-03,44.28,1.713,4058.6,15,0
M029,ROBOT_ARM,2025-03-04,51.21,1.19,4072.2,16,0
M029,ROBOT_ARM,2025-03-05,42.24,1.176,4084.7,17,0
M029,ROBOT_ARM,2025-03-06,52.89,1.869,4097.8,18,0
M029,ROBOT_ARM,2025-03-07,47.6,1.498,4109.4,19,0
M029,ROBOT_ARM,2025-03-08,43.77,0.926,4122.4,20,0
M029,ROBOT_ARM,2025-03-09,48.58,1.14,4132.3,21,0
M029,ROBOT_ARM,2025-03-10,51.13,1.436,4142.9,22,0
M029,ROBOT_ARM,2025-03-11,50.15,1.789,4155.9,23,0
M029,ROBOT_ARM,2025-03-12,46.41,1.336,4170.0,24,0
M029,ROBOT_ARM,2025-03-13,58.15,1.491,4185.7,25,0
M029,ROBOT_ARM,2025-03-14,44.2,1.052,4196.9,26,0
M029,ROBOT_ARM,2025-03-15,43.84,1.213,4204.2,27,0
M029,ROBOT_ARM,2025-03-16,47.86,1.568,4213.1,28,0
M029,ROBOT_ARM,2025-03-17,43.64,1.234,4225.1,0,0
M029,ROBOT_ARM,2025-03-18,45.0,1.199,4236.3,1,0
M029,ROBOT_ARM,2025-03-19,50.63,1.422,4255.3,2,0
M029,ROBOT_ARM,2025-03-20,40.79,1.611,4268.5,3,0
M029,ROBOT_ARM,2025-03-21,45.12,2.052,4282.6,4,0
M029,ROBOT_ARM,2025-03-22,45.13,1.645,4296.4,5,0
M029,ROBOT_ARM,2025-03-23,45.28,1.566,4309.5,6,0
M029,ROBOT_ARM,2025-03-24,48.45,1.346,4326.8,7,0
M029,ROBOT_ARM,2025-03-25,50.65,1.131,4335.5,8,0
M029,ROBOT_ARM,2025-03-26,48.18,1.474,4348.6,9,0
M029,ROBOT_ARM,2025-03-27,41.96,1.694,4366.3,10,0
M029,ROBOT_ARM,2025-03-28,43.77,1.49,4386.2,11,0
M029,ROBOT_ARM,2025-03-29,43.27,1.401,4401.7,12,0
M029,ROBOT_ARM,2025-03-30,46.74,1.651,4412.7,13,0
M029,ROBOT_ARM,2025-03-31,40.47,1.49,4431.9,14,0
M029,ROBOT_ARM,2025-04-01,45.07,1.893,4447.1,15,0
M029,ROBOT_ARM,2025-04-02,49.47,1.45,4462.6,16,0
M029,ROBOT_ARM,2025-04-03,49.35,1.68,4479.8,17,0
M029,ROBOT_ARM,2025-04-04,45.29,1.38,4493.0,18,0
M029,ROBOT_ARM,2025-04-05,52.39,1.591,4511.0,19,0
M029,ROBOT_ARM,2025-04-06,49.3,1.155,4523.1,20,0
M029,ROBOT_ARM,2025-04-07,43.79,1.354,4530.0,21,0
M029,ROBOT_ARM,2025-04-08,46.74,1.413,4540.6,22,0
M029,ROBOT_ARM,2025-04-09,50.96,1.728,4559.7,23,0
M029,ROBOT_ARM,2025-04-10,50.28,1.751,4567.3,24,0
M029,ROBOT_ARM,2025-04-11,51.58,1.882,4583.2,25,0
M029,ROBOT_ARM,2025-04-12,49.09,1.761,4591.7,26,0
M029,ROBOT_ARM,2025-04-13,47.29,1.446,4602.8,27,0
M029,ROBOT_ARM,2025-04-14,48.15,1.527,4610.3,0,0
M029,ROBOT_ARM,2025-04-15,45.69,1.636,4624.7,1,0
M029,ROBOT_ARM,2025-04-16,46.4,1.731,4634.5,2,0
M029,ROBOT_ARM,2025-04-17,47.46,1.545,4640.7,3,0
M029,ROBOT_ARM,2025-04-18,49.5,1.614,4659.2,4,0
M029,ROBOT_ARM,2025-04-19,50.35,1.15,4678.1,5,0
M029,ROBOT_ARM,2025-04-20,47.14,1.448,4685.9,6,0
M029,ROBOT_ARM,2025-04-21,43.08,1.236,4694.6,7,0
M029,ROBOT_ARM,2025-04-22,46.92,1.448,4704.4,8,0
M029,ROBOT_ARM,2025-04-23,44.58,1.337,4722.6,9,0
M029,ROBOT_ARM,2025-04-24,49.3,1.22,4734.0,10,0
M029,ROBOT_ARM,2025-04-25,47.49,1.523,4748.3,11,0
M029,ROBOT_ARM,2025-04-26,47.29,1.732,4765.8,12,0
M029,ROBOT_ARM,2025-04-27,45.58,1.696,4782.2,13,0
M029,ROBOT_ARM,2025-04-28,50.49,1.257,4799.5,14,0
M029,ROBOT_ARM,2025-04-29,55.85,1.707,4809.5,15,0
M029,ROBOT_ARM,2025-04-30,52.11,0.9,4819.4,16,0
M029,ROBOT_ARM,2025-05-01,50.22,1.316,4827.3,17,0
M029,ROBOT_ARM,2025-05-02,48.36,1.632,4841.8,18,0
M029,ROBOT_ARM,2025-05-03,49.25,1.825,4854.9,19,0
M029,ROBOT_ARM,2025-05-04,48.2,0.836,4868.2,20,0
M029,ROBOT_ARM,2025-05-05,42.95,1.595,4876.1,21,0
M029,ROBOT_ARM,2025-05-06,44.78,1.795,4893.5,22,0
M029,ROBOT_ARM,2025-05-07,44.55,1.591,4905.4,23,0
M029,ROBOT_ARM,2025-05-08,47.64,1.285,4923.9,24,0
M029,ROBOT_ARM,2025-05-09,45.49,1.756,4940.5,25,0
M029,ROBOT_ARM,2025-05-10,42.45,1.278,4956.1,26,0
M029,ROBOT_ARM,2025-05-11,47.13,1.546,4969.0,27,0
M029,ROBOT_ARM,2025-05-12,46.43,1.046,4977.4,0,0
M029,ROBOT_ARM,2025-05-13,46.44,1.232,4992.6,1,0
M029,ROBOT_ARM,2025-05-14,52.07,1.856,5009.2,2,0
M029,ROBOT_ARM,2025-05-15,46.66,1.48,5017.2,3,0
M029,ROBOT_ARM,2025-05-16,47.08,1.64,5025.8,4,0
M029,ROBOT_ARM,2025-05-17,45.7,1.213,5036.3,5,0
M029,ROBOT_ARM,2025-05-18,46.84,1.72,5043.9,6,0
M029,ROBOT_ARM,2025-05-19,48.61,1.43,5051.4,7,0
M029,ROBOT_ARM,2025-05-20,44.91,1.545,5068.0,8,0
M029,ROBOT_ARM,2025-05-21,48.23,2.122,5074.9,9,0
M029,ROBOT_ARM,2025-05-22,50.49,1.75,5084.9,10,0
M029,ROBOT_ARM,2025-05-23,46.61,1.703,5094.6,11,0
M029,ROBOT_ARM,2025-05-24,50.66,1.509,5101.2,12,0
M029,ROBOT_ARM,2025-05-25,49.7,1.774,5119.7,13,0
M029,ROBOT_ARM,2025-05-26,45.91,1.974,5133.7,14,0
M029,ROBOT_ARM,2025-05-27,45.82,1.414,5153.0,15,0
M029,ROBOT_ARM,2025-05-28,50.8,1.155,5164.9,16,0
M029,ROBOT_ARM,2025-05-29,44.59,1.435,5177.4,17,0
M029,ROBOT_ARM,2025-05-30,51.13,1.223,5183.9,18,0
M029,ROBOT_ARM,2025-05-31,50.01,1.222,5193.9,19,0
M029,ROBOT_ARM,2025-06-01,43.13,1.511,5211.1,20,0
M029,ROBOT_ARM,2025-06-02,43.74,1.467,5217.3,21,0
M029,ROBOT_ARM,2025-06-03,53.64,1.499,5233.7,22,0
M029,ROBOT_ARM,2025-06-04,48.53,1.335,5240.3,23,0
M029,ROBOT_ARM,2025-06-05,53.5,1.13,5259.6,24,0
M029,ROBOT_ARM,2025-06-06,47.77,2.07,5274.0,25,0
M029,ROBOT_ARM,2025-06-07,49.43,1.758,5286.4,26,0
M029,ROBOT_ARM,2025-06-08,47.99,1.821,5302.3,27,0
M029,ROBOT_ARM,2025-06-09,42.77,1.727,5314.7,28,0
M029,ROBOT_ARM,2025-06-10,52.13,1.249,5334.1,29,0
M029,ROBOT_ARM,2025-06-11,51.43,0.982,5347.5,30,0
M029,ROBOT_ARM,2025-06-12,50.87,1.194,5357.8,31,0
M029,ROBOT_ARM,2025-06-13,46.46,1.725,5364.7,0,0
M029,ROBOT_ARM,2025-06-14,49.59,1.344,5375.2,1,0
M029,ROBOT_ARM,2025-06-15,50.87,1.609,5382.4,2,0
M029,ROBOT_ARM,2025-06-16,51.08,1.496,5389.4,3,0
M029,ROBOT_ARM,2025-06-17,48.96,1.481,5407.5,4,0
M029,ROBOT_ARM,2025-06-18,47.46,1.16,5422.1,5,0
M029,ROBOT_ARM,2025-06-19,49.47,1.563,5440.5,6,0
M029,ROBOT_ARM,2025-06-20,44.38,1.908,5453.9,7,0
M029,ROBOT_ARM,2025-06-21,45.57,0.919,5462.8,8,0
M029,ROBOT_ARM,2025-06-22,45.1,1.424,5481.0,9,0
M029,ROBOT_ARM,2025-06-23,45.1,1.359,5500.0,10,0
M029,ROBOT_ARM,2025-06-24,43.23,1.496,5508.7,11,0
M029,ROBOT_ARM,2025-06-25,48.4,1.362,5523.7,12,0
M029,ROBOT_ARM,2025-06-26,51.55,1.376,5537.2,13,0
M029,ROBOT_ARM,2025-06-27,48.2,1.73,5550.6,14,0
M029,ROBOT_ARM,2025-06-28,50.78,1.323,5566.0,15,0
M029,ROBOT_ARM,2025-06-29,46.27,1.341,5572.7,16,0
M030,PUMP,2025-01-01,64.31,2.393,2382.3,18,0
M030,PUMP,2025-01-02,60.99,2.844,2399.7,19,0
M030,PUMP,2025-01-03,65.02,2.114,2408.3,20,0
M030,PUMP,2025-01-04,58.75,2.089,2417.6,21,0
M030,PUMP,2025-01-05,61.55,2.72,2427.6,22,0
M030,PUMP,2025-01-06,60.89,2.817,2446.6,23,0
M030,PUMP,2025-01-07,62.74,2.266,2465.7,24,0
M030,PUMP,2025-01-08,55.75,2.703,2479.0,25,0
M030,PUMP,2025-01-09,59.27,2.681,2488.2,26,0
M030,PUMP,2025-01-10,57.93,1.829,2502.8,27,0
M030,PUMP,2025-01-11,60.3,2.714,2515.9,28,0
M030,PUMP,2025-01-12,60.2,2.89,2534.9,29,0
M030,PUMP,2025-01-13,60.67,2.843,2545.5,30,0
M030,PUMP,2025-01-14,53.99,2.354,2557.1,31,0
M030,PUMP,2025-01-15,57.18,2.184,2567.8,0,0
M030,PUMP,2025-01-16,60.77,2.76,2577.0,1,0
M030,PUMP,2025-01-17,61.47,2.819,2591.5,2,0
M030,PUMP,2025-01-18,59.22,2.716,2599.7,3,0
M030,PUMP,2025-01-19,58.55,2.782,2614.9,4,0
M030,PUMP,2025-01-20,60.75,2.788,2627.6,5,0
M030,PUMP,2025-01-21,60.4,2.574,2638.2,6,0
M030,PUMP,2025-01-22,62.11,2.848,2646.0,7,0
M030,PUMP,2025-01-23,56.08,3.135,2659.1,8,0
M030,PUMP,2025-01-24,55.89,2.449,2672.4,9,0
M030,PUMP,2025-01-25,61.6,3.006,2686.9,10,0
M030,PUMP,2025-01-26,57.98,2.939,2704.1,11,0
M030,PUMP,2025-01-27,63.17,2.311,2715.5,12,0
M030,PUMP,2025-01-28,58.61,1.898,2722.4,13,0
M030,PUMP,2025-01-29,60.5,2.248,2730.9,14,0
M030,PUMP,2025-01-30,60.13,2.732,2740.9,15,0
M030,PUMP,2025-01-31,60.52,2.244,2750.2,16,0
M030,PUMP,2025-02-01,55.3,3.064,2758.8,17,0
M030,PUMP,2025-02-02,56.79,2.084,2778.7,18,0
M030,PUMP,2025-02-03,57.25,2.071,2786.4,19,0
M030,PUMP,2025-02-04,56.43,2.816,2792.5,20,0
M030,PUMP,2025-02-05,66.61,1.956,2808.1,21,0
M030,PUMP,2025-02-06,62.77,2.307,2822.0,22,0
M030,PUMP,2025-02-07,57.7,2.406,2828.6,23,0
M030,PUMP,2025-02-08,61.49,2.128,2846.5,24,0
M030,PUMP,2025-02-09,59.6,2.367,2852.8,25,0
M030,PUMP,2025-02-10,59.75,2.456,2869.6,26,0
M030,PUMP,2025-02-11,57.55,2.948,2888.8,27,0
M030,PUMP,2025-02-12,58.11,2.707,2902.6,28,0
M030,PUMP,2025-02-13,64.2,2.074,2913.2,29,0
M030,PUMP,2025-02-14,60.09,3.367,2928.0,30,0
M030,PUMP,2025-02-15,58.93,2.172,2940.5,31,0
M030,PUMP,2025-02-16,57.34,1.91,2957.8,32,0
M030,PUMP,2025-02-17,62.33,2.53,2971.3,33,0
M030,PUMP,2025-02-18,62.97,2.631,2983.8,0,0
M030,PUMP,2025-02-19,57.5,1.652,3001.6,1,0
M030,PUMP,2025-02-20,62.54,2.319,3010.0,2,0
M030,PUMP,2025-02-21,53.89,2.523,3018.8,3,0
M030,PUMP,2025-02-22,58.2,2.719,3028.5,4,0
M030,PUMP,2025-02-23,60.83,2.636,3035.5,5,0
M030,PUMP,2025-02-24,60.23,2.583,3051.0,6,0
M030,PUMP,2025-02-25,56.94,2.624,3064.6,7,0
M030,PUMP,2025-02-26,61.0,2.784,3074.8,8,0
M030,PUMP,2025-02-27,58.32,2.437,3094.5,9,0
M030,PUMP,2025-02-28,64.81,2.811,3100.8,10,0
M030,PUMP,2025-03-01,61.34,2.825,3114.9,11,0
M030,PUMP,2025-03-02,56.19,2.658,3125.7,12,0
M030,PUMP,2025-03-03,59.26,3.007,3133.3,13,0
M030,PUMP,2025-03-04,58.53,2.818,3144.1,14,0
M030,PUMP,2025-03-05,57.97,2.749,3163.7,15,0
M030,PUMP,2025-03-06,61.92,2.729,3171.5,16,0
M030,PUMP,2025-03-07,60.22,2.384,3181.6,17,0
M030,PUMP,2025-03-08,59.41,2.248,3196.7,18,0
M030,PUMP,2025-03-09,58.02,2.227,3205.2,19,0
M030,PUMP,2025-03-10,55.63,3.104,3215.6,20,0
M030,PUMP,2025-03-11,54.41,2.49,3232.4,21,0
M030,PUMP,2025-03-12,63.7,2.536,3240.5,22,0
M030,PUMP,2025-03-13,59.98,2.757,3249.9,23,0
M030,PUMP,2025-03-14,57.42,2.697,3257.4,24,0
M030,PUMP,2025-03-15,59.38,2.312,3263.6,25,0
M030,PUMP,2025-03-16,58.34,2.562,3283.1,26,0
M030,PUMP,2025-03-17,57.43,3.086,3298.4,27,0
M030,PUMP,2025-03-18,53.9,2.986,3315.2,28,0
M030,PUMP,2025-03-19,58.03,2.606,3323.1,29,0
M030,PUMP,2025-03-20,60.16,2.289,3340.2,30,0
M030,PUMP,2025-03-21,59.62,2.809,3350.3,31,0
M030,PUMP,2025-03-22,58.03,2.532,3364.8,0,0
M030,PUMP,2025-03-23,61.85,2.547,3379.3,1,0
M030,PUMP,2025-03-24,53.14,1.924,3391.8,2,0
M030,PUMP,2025-03-25,61.26,2.221,3403.4,3,0
M030,PUMP,2025-03-26,65.09,2.459,3412.1,4,0
M030,PUMP,2025-03-27,66.03,2.463,3419.3,5,0
M030,PUMP,2025-03-28,55.71,2.328,3437.4,6,0
M030,PUMP,2025-03-29,60.2,2.491,3453.1,7,0
M030,PUMP,2025-03-30,58.73,2.371,3462.6,8,0
M030,PUMP,2025-03-31,56.07,2.991,3475.6,9,0
M030,PUMP,2025-04-01,61.84,1.9,3486.1,10,0
M030,PUMP,2025-04-02,59.21,2.333,3495.0,11,0
M030,PUMP,2025-04-03,62.62,2.664,3509.4,12,0
M030,PUMP,2025-04-04,61.06,2.471,3520.3,13,0
M030,PUMP,2025-04-05,59.47,2.202,3537.0,14,0
M030,PUMP,2025-04-06,62.77,3.026,3552.1,15,0
M030,PUMP,2025-04-07,59.38,3.013,3558.3,16,0
M030,PUMP,2025-04-08,62.6,2.789,3577.9,17,0
M030,PUMP,2025-04-09,55.56,2.57,3588.3,18,0
M030,PUMP,2025-04-10,61.33,2.509,3602.5,19,0
M030,PUMP,2025-04-11,56.86,2.664,3617.4,20,0
M030,PUMP,2025-04-12,59.68,2.43,3628.8,21,0
M030,PUMP,2025-04-13,58.37,1.637,3642.4,22,0
M030,PUMP,2025-04-14,62.76,3.129,3660.3,23,0
M030,PUMP,2025-04-15,58.49,2.183,3676.6,24,0
M030,PUMP,2025-04-16,57.15,3.025,3686.5,25,0
M030,PUMP,2025-04-17,59.33,2.654,3694.7,26,0
M030,PUMP,2025-04-18,57.21,1.903,3713.4,27,0
M030,PUMP,2025-04-19,64.51,1.628,3732.0,28,0
M030,PUMP,2025-04-20,58.74,1.941,3745.2,29,0
M030,PUMP,2025-04-21,58.54,2.606,3756.9,0,0
M030,PUMP,2025-04-22,63.66,2.46,3767.7,1,0
M030,PUMP,2025-04-23,56.73,3.252,3781.1,2,0
M030,PUMP,2025-04-24,61.6,2.277,3794.9,3,0
M030,PUMP,2025-04-25,57.71,3.008,3808.2,4,0
M030,PUMP,2025-04-26,62.79,2.854,3823.3,5,0
M030,PUMP,2025-04-27,57.12,2.299,3835.0,6,0
M030,PUMP,2025-04-28,62.68,2.533,3843.5,7,0
M030,PUMP,2025-04-29,60.81,2.087,3862.3,8,0
M030,PUMP,2025-04-30,57.1,2.135,3880.4,9,0
M030,PUMP,2025-05-01,53.64,2.172,3888.1,10,0
M030,PUMP,2025-05-02,57.19,2.625,3896.1,11,0
M030,PUMP,2025-05-03,59.64,2.302,3915.9,12,0
M030,PUMP,2025-05-04,59.25,2.505,3923.6,13,0
M030,PUMP,2025-05-05,61.68,2.402,3935.3,14,0
M030,PUMP,2025-05-06,62.41,2.879,3943.2,15,0
M030,PUMP,2025-05-07,64.66,2.511,3950.6,16,0
M030,PUMP,2025-05-08,55.37,2.839,3966.7,17,0
M030,PUMP,2025-05-09,57.01,2.491,3985.5,18,0
M030,PUMP,2025-05-10,62.97,2.522,3991.5,19,0
M030,PUMP,2025-05-11,59.29,2.569,4004.4,20,0
M030,PUMP,2025-05-12,59.02,3.261,4021.8,21,0
M030,PUMP,2025-05-13,55.66,2.192,4040.0,22,0
M030,PUMP,2025-05-14,54.28,2.429,4052.5,23,0
M030,PUMP,2025-05-15,59.04,2.328,4070.0,24,0
M030,PUMP,2025-05-16,61.96,1.938,4089.9,25,0
M030,PUMP,2025-05-17,60.3,2.35,4100.7,26,0
M030,PUMP,2025-05-18,58.7,2.034,4111.3,0,0
M030,PUMP,2025-05-19,58.52,2.532,4129.6,1,0
M030,PUMP,2025-05-20,60.53,1.973,4138.8,2,0
M030,PUMP,2025-05-21,57.22,3.11,4154.3,3,0
M030,PUMP,2025-05-22,59.39,2.751,4167.6,4,0
M030,PUMP,2025-05-23,61.06,2.751,4177.4,5,0
M030,PUMP,2025-05-24,61.6,2.471,4185.9,6,0
M030,PUMP,2025-05-25,59.11,2.655,4202.9,7,0
M030,PUMP,2025-05-26,62.29,3.172,4209.9,8,0
M030,PUMP,2025-05-27,60.64,2.629,4221.0,9,0
M030,PUMP,2025-05-28,63.05,1.987,4237.7,10,0
M030,PUMP,2025-05-29,59.28,2.826,4255.3,11,0
M030,PUMP,2025-05-30,60.26,2.429,4272.8,12,0
M030,PUMP,2025-05-31,61.95,2.525,4278.9,13,0
M030,PUMP,2025-06-01,62.85,2.262,4297.3,14,0
M030,PUMP,2025-06-02,56.94,2.685,4309.7,15,0
M030,PUMP,2025-06-03,67.28,2.472,4325.3,16,0
M030,PUMP,2025-06-04,61.67,2.473,4336.7,17,0
M030,PUMP,2025-06-05,56.89,2.772,4347.2,18,0
M030,PUMP,2025-06-06,56.91,1.932,4359.7,19,0
M030,PUMP,2025-06-07,63.55,3.136,4374.6,20,0
M030,PUMP,2025-06-08,61.11,2.625,4392.2,21,0
M030,PUMP,2025-06-09,60.23,2.689,4412.1,22,0
M030,PUMP,2025-06-10,52.75,2.633,4426.4,23,0
M030,PUMP,2025-06-11,59.99,2.578,4444.1,24,0
M030,PUMP,2025-06-12,61.07,3.301,4463.7,25,0
M030,PUMP,2025-06-13,59.08,2.131,4471.2,26,0
M030,PUMP,2025-06-14,59.76,2.528,4490.4,0,0
M030,PUMP,2025-06-15,59.35,2.697,4506.4,1,0
M030,PUMP,2025-06-16,57.5,3.124,4514.4,2,0
M030,PUMP,2025-06-17,59.12,2.693,4524.0,3,0
M030,PUMP,2025-06-18,59.43,2.344,4534.4,4,0
M030,PUMP,2025-06-19,60.56,2.949,4549.8,5,0
M030,PUMP,2025-06-20,64.98,2.905,4563.1,6,0
M030,PUMP,2025-06-21,57.3,2.391,4574.5,7,0
M030,PUMP,2025-06-22,63.22,2.597,4585.8,8,0
M030,PUMP,2025-06-23,64.42,2.466,4592.8,9,0
M030,PUMP,2025-06-24,58.59,2.16,4607.3,10,0
M030,PUMP,2025-06-25,63.55,2.372,4614.3,11,0
M030,PUMP,2025-06-26,53.17,1.615,4624.5,12,0
M030,PUMP,2025-06-27,60.58,2.633,4644.2,13,0
M030,PUMP,2025-06-28,55.42,2.547,4662.0,14,0
M030,PUMP,2025-06-29,55.41,2.696,4677.7,15,0
M031,CNC_MILL,2025-01-01,55.11,1.584,4927.4,7,0
M031,CNC_MILL,2025-01-02,57.41,1.699,4941.5,8,0
M031,CNC_MILL,2025-01-03,54.85,2.049,4952.3,9,0
M031,CNC_MILL,2025-01-04,59.38,2.443,4970.4,10,0
M031,CNC_MILL,2025-01-05,55.19,2.165,4988.3,11,0
M031,CNC_MILL,2025-01-06,51.35,1.237,4998.2,12,0
M031,CNC_MILL,2025-01-07,56.27,1.974,5008.1,13,0
M031,CNC_MILL,2025-01-08,52.05,2.09,5017.6,14,0
M031,CNC_MILL,2025-01-09,56.2,1.736,5034.5,15,0
M031,CNC_MILL,2025-01-10,56.92,1.605,5051.6,16,0
M031,CNC_MILL,2025-01-11,56.42,1.935,5062.2,17,0
M031,CNC_MILL,2025-01-12,55.47,2.255,5069.2,18,0
M031,CNC_MILL,2025-01-13,53.34,1.831,5081.8,19,0
M031,CNC_MILL,2025-01-14,57.19,2.235,5096.2,20,0
M031,CNC_MILL,2025-01-15,59.23,2.312,5103.1,21,0
M031,CNC_MILL,2025-01-16,61.55,1.782,5122.5,22,0
M031,CNC_MILL,2025-01-17,55.83,2.626,5130.8,23,0
M031,CNC_MILL,2025-01-18,53.14,2.062,5136.9,24,0
M031,CNC_MILL,2025-01-19,57.41,1.557,5144.8,25,0
M031,CNC_MILL,2025-01-20,50.67,1.855,5158.0,26,0
M031,CNC_MILL,2025-01-21,54.93,1.789,5167.9,0,0
M031,CNC_MILL,2025-01-22,53.14,2.19,5184.2,1,0
M031,CNC_MILL,2025-01-23,51.26,1.641,5196.9,2,0
M031,CNC_MILL,2025-01-24,55.24,2.098,5205.2,3,0
M031,CNC_MILL,2025-01-25,55.11,1.584,5217.5,4,0
M031,CNC_MILL,2025-01-26,57.79,1.685,5236.5,5,0
M031,CNC_MILL,2025-01-27,54.77,1.854,5253.9,6,0
M031,CNC_MILL,2025-01-28,60.34,2.167,5273.9,7,0
M031,CNC_MILL,2025-01-29,53.17,2.122,5288.6,8,0
M031,CNC_MILL,2025-01-30,50.59,1.934,5306.7,9,0
M031,CNC_MILL,2025-01-31,53.06,2.173,5314.8,10,0
M031,CNC_MILL,2025-02-01,57.09,1.958,5325.1,11,0
M031,CNC_MILL,2025-02-02,52.86,2.497,5335.4,12,0
M031,CNC_MILL,2025-02-03,55.5,2.558,5353.1,13,0
M031,CNC_MILL,2025-02-04,55.74,2.221,5365.3,14,0
M031,CNC_MILL,2025-02-05,56.18,1.946,5375.6,15,0
M031,CNC_MILL,2025-02-06,56.9,2.439,5394.5,16,0
M031,CNC_MILL,2025-02-07,56.08,2.156,5410.6,17,0
M031,CNC_MILL,2025-02-08,51.46,2.224,5418.3,18,0
M031,CNC_MILL,2025-02-09,51.17,1.96,5424.9,19,0
M031,CNC_MILL,2025-02-10,52.59,2.163,5431.3,20,0
M031,CNC_MILL,2025-02-11,52.78,1.581,5450.3,21,0
M031,CNC_MILL,2025-02-12,55.99,1.789,5470.1,22,0
M031,CNC_MILL,2025-02-13,53.83,2.22,5486.6,23,0
M031,CNC_MILL,2025-02-14,57.47,2.498,5494.6,24,0
M031,CNC_MILL,2025-02-15,55.9,1.761,5506.8,25,0
M031,CNC_MILL,2025-02-16,55.19,2.023,5519.3,26,0
M031,CNC_MILL,2025-02-17,52.98,1.841,5536.8,27,0
M031,CNC_MILL,2025-02-18,54.95,1.337,5556.1,28,0
M031,CNC_MILL,2025-02-19,54.41,1.544,5564.6,0,0
M031,CNC_MILL,2025-02-20,55.33,1.679,5574.1,1,0
M031,CNC_MILL,2025-02-21,50.95,1.748,5587.2,2,0
M031,CNC_MILL,2025-02-22,61.94,1.934,5602.2,3,0
M031,CNC_MILL,2025-02-23,56.26,1.821,5616.4,4,0
M031,CNC_MILL,2025-02-24,54.61,2.965,5625.0,5,0
M031,CNC_MILL,2025-02-25,60.26,2.313,5631.4,6,0
M031,CNC_MILL,2025-02-26,57.48,1.807,5637.5,7,0
M031,CNC_MILL,2025-02-27,58.88,2.149,5654.4,8,0
M031,CNC_MILL,2025-02-28,57.56,1.907,5660.6,9,0
M031,CNC_MILL,2025-03-01,52.07,1.857,5671.3,10,0
M031,CNC_MILL,2025-03-02,53.15,2.254,5681.9,11,0
M031,CNC_MILL,2025-03-03,55.33,1.212,5699.3,12,0
M031,CNC_MILL,2025-03-04,54.7,2.022,5716.5,13,0
M031,CNC_MILL,2025-03-05,55.64,2.39,5734.7,14,0
M031,CNC_MILL,2025-03-06,59.22,1.982,5750.6,15,0
M031,CNC_MILL,2025-03-07,53.15,1.851,5767.3,16,0
M031,CNC_MILL,2025-03-08,54.68,2.095,5786.8,17,0
M031,CNC_MILL,2025-03-09,56.49,2.01,5805.5,18,0
M031,CNC_MILL,2025-03-10,51.49,2.141,5815.0,19,0
M031,CNC_MILL,2025-03-11,55.09,1.91,5823.2,20,0
M031,CNC_MILL,2025-03-12,55.15,1.8,5831.9,21,0
M031,CNC_MILL,2025-03-13,51.4,1.609,5844.2,22,0
M031,CNC_MILL,2025-03-14,58.19,2.136,5864.2,23,0
M031,CNC_MILL,2025-03-15,54.0,2.219,5873.6,24,0
M031,CNC_MILL,2025-03-16,58.84,2.603,5881.7,25,0
M031,CNC_MILL,2025-03-17,53.04,1.958,5900.0,26,0
M031,CNC_MILL,2025-03-18,55.1,1.96,5913.2,27,0
M031,CNC_MILL,2025-03-19,55.98,2.224,5933.2,28,0
M031,CNC_MILL,2025-03-20,55.78,1.443,5951.0,29,0
M031,CNC_MILL,2025-03-21,53.74,2.212,5969.8,30,0
M031,CNC_MILL,2025-03-22,51.1,2.244,5978.0,31,0
M031,CNC_MILL,2025-03-23,55.75,1.894,5992.1,0,0
M031,CNC_MILL,2025-03-24,48.56,2.299,6009.9,1,0
M031,CNC_MILL,2025-03-25,54.95,1.905,6017.1,2,0
M031,CNC_MILL,2025-03-26,55.96,2.098,6025.3,3,0
M031,CNC_MILL,2025-03-27,50.78,2.301,6037.3,4,0
M031,CNC_MILL,2025-03-28,60.2,2.07,6044.6,5,0
M031,CNC_MILL,2025-03-29,55.82,2.034,6058.5,6,0
M031,CNC_MILL,2025-03-30,55.65,2.035,6069.4,7,0
M031,CNC_MILL,2025-03-31,56.28,1.542,6086.6,8,0
M031,CNC_MILL,2025-04-01,55.35,1.688,6103.7,9,0
M031,CNC_MILL,2025-04-02,56.02,1.913,6111.3,10,0
M031,CNC_MILL,2025-04-03,48.31,1.921,6121.8,11,0
M031,CNC_MILL,2025-04-04,59.92,2.198,6133.7,12,0
M031,CNC_MILL,2025-04-05,54.67,1.588,6140.6,13,0
M031,CNC_MILL,2025-04-06,55.41,2.056,6160.1,14,0
M031,CNC_MILL,2025-04-07,54.05,2.284,6178.4,15,0
M031,CNC_MILL,2025-04-08,53.18,1.769,6186.2,16,0
M031,CNC_MILL,2025-04-09,59.27,2.356,6202.6,17,0
M031,CNC_MILL,2025-04-10,56.93,1.897,6215.6,18,0
M031,CNC_MILL,2025-04-11,59.13,1.759,6227.6,19,0
M031,CNC_MILL,2025-04-12,50.98,1.574,6247.3,20,0
M031,CNC_MILL,2025-04-13,51.19,2.088,6267.2,21,0
M031,CNC_MILL,2025-04-14,56.46,2.055,6285.1,22,0
M031,CNC_MILL,2025-04-15,58.26,2.241,6295.6,23,0
M031,CNC_MILL,2025-04-16,53.8,1.554,6314.1,24,0
M031,CNC_MILL,2025-04-17,54.15,2.184,6321.9,25,0
M031,CNC_MILL,2025-04-18,56.62,1.9,6337.6,26,0
M031,CNC_MILL,2025-04-19,58.9,1.802,6346.3,27,0
M031,CNC_MILL,2025-04-20,53.72,1.67,6360.7,28,0
M031,CNC_MILL,2025-04-21,52.73,2.083,6380.3,29,0
M031,CNC_MILL,2025-04-22,57.42,2.646,6389.2,30,0
M031,CNC_MILL,2025-04-23,51.67,1.897,6397.6,0,0
M031,CNC_MILL,2025-04-24,55.4,2.328,6404.2,1,0
M031,CNC_MILL,2025-04-25,56.74,2.244,6417.0,2,0
M031,CNC_MILL,2025-04-26,56.43,2.237,6434.5,3,0
M031,CNC_MILL,2025-04-27,56.95,2.565,6445.5,4,0
M031,CNC_MILL,2025-04-28,56.09,1.929,6452.8,5,0
M031,CNC_MILL,2025-04-29,52.87,1.701,6472.0,6,0
M031,CNC_MILL,2025-04-30,59.33,2.474,6481.0,7,0
M031,CNC_MILL,2025-05-01,54.38,2.07,6487.3,8,0
M031,CNC_MILL,2025-05-02,57.04,1.976,6498.8,9,0
M031,CNC_MILL,2025-05-03,57.54,2.217,6515.6,10,0
M031,CNC_MILL,2025-05-04,55.56,2.191,6524.2,11,0
M031,CNC_MILL,2025-05-05,54.55,2.348,6542.4,12,0
M031,CNC_MILL,2025-05-06,58.06,2.542,6551.0,13,0
M031,CNC_MILL,2025-05-07,52.56,2.07,6569.5,14,0
M031,CNC_MILL,2025-05-08,57.25,2.088,6587.4,15,0
M031,CNC_MILL,2025-05-09,58.17,1.27,6603.2,16,0
M031,CNC_MILL,2025-05-10,53.98,2.055,6609.9,17,0
M031,CNC_MILL,2025-05-11,59.08,1.987,6620.3,18,0
M031,CNC_MILL,2025-05-12,51.95,2.313,6629.2,19,0
M031,CNC_MILL,2025-05-13,53.73,1.96,6635.4,20,0
M031,CNC_MILL,2025-05-14,51.4,2.023,6652.1,21,0
M031,CNC_MILL,2025-05-15,60.79,2.308,6660.7,22,0
M031,CNC_MILL,2025-05-16,56.11,2.38,6672.6,23,0
M031,CNC_MILL,2025-05-17,54.09,1.843,6679.6,24,0
M031,CNC_MILL,2025-05-18,51.47,2.139,6688.5,25,0
M031,CNC_MILL,2025-05-19,54.95,1.519,6697.6,26,0
M031,CNC_MILL,2025-05-20,51.76,1.898,6712.2,27,0
M031,CNC_MILL,2025-05-21,53.74,2.067,6727.6,28,0
M031,CNC_MILL,2025-05-22,49.53,2.363,6746.0,29,0
M031,CNC_MILL,2025-05-23,53.1,1.689,6763.0,0,0
M031,CNC_MILL,2025-05-24,52.81,2.389,6776.7,1,0
M031,CNC_MILL,2025-05-25,55.49,2.123,6785.7,2,0
M031,CNC_MILL,2025-05-26,60.5,2.094,6794.7,3,0
M031,CNC_MILL,2025-05-27,54.34,2.118,6804.0,4,0
M031,CNC_MILL,2025-05-28,55.79,1.486,6821.7,5,0
M031,CNC_MILL,2025-05-29,56.56,2.31,6827.9,6,0
M031,CNC_MILL,2025-05-30,51.17,2.012,6842.8,7,0
M031,CNC_MILL,2025-05-31,51.04,2.296,6861.8,8,0
M031,CNC_MILL,2025-06-01,53.5,2.311,6873.8,9,0
M031,CNC_MILL,2025-06-02,55.05,2.146,6892.3,10,0
M031,CNC_MILL,2025-06-03,52.53,1.915,6906.8,11,0
M031,CNC_MILL,2025-06-04,57.2,2.239,6925.4,12,0
M031,CNC_MILL,2025-06-05,46.4,1.711,6941.5,13,0
M031,CNC_MILL,2025-06-06,58.26,1.899,6948.2,14,0
M031,CNC_MILL,2025-06-07,54.69,2.037,6964.3,15,0
M031,CNC_MILL,2025-06-08,60.84,1.868,6978.8,16,0
M031,CNC_MILL,2025-06-09,61.67,2.027,6997.5,17,0
M031,CNC_MILL,2025-06-10,56.21,1.984,7014.2,18,0
M031,CNC_MILL,2025-06-11,56.48,1.991,7027.9,19,0
M031,CNC_MILL,2025-06-12,56.62,2.504,7040.5,20,0
M031,CNC_MILL,2025-06-13,52.64,1.531,7054.2,21,0
M031,CNC_MILL,2025-06-14,54.02,1.981,7069.1,22,0
M031,CNC_MILL,2025-06-15,54.14,1.858,7075.8,23,0
M031,CNC_MILL,2025-06-16,52.75,2.186,7086.9,24,0
M031,CNC_MILL,2025-06-17,52.66,1.678,7100.6,25,0
M031,CNC_MILL,2025-06-18,56.74,1.285,7111.5,26,0
M031,CNC_MILL,2025-06-19,44.74,2.17,7127.2,27,0
M031,CNC_MILL,2025-06-20,54.55,1.23,7138.2,0,0
M031,CNC_MILL,2025-06-21,53.68,2.537,7144.4,1,0
M031,CNC_MILL,2025-06-22,55.05,2.106,7152.9,2,0
M031,CNC_MILL,2025-06-23,60.37,2.742,7164.8,3,0
M031,CNC_MILL,2025-06-24,61.26,2.401,7178.4,4,0
M031,CNC_MILL,2025-06-25,57.7,1.816,7186.0,5,0
M031,CNC_MILL,2025-06-26,57.2,1.847,7204.6,6,0
M031,CNC_MILL,2025-06-27,60.34,2.383,7214.2,7,0
M031,CNC_MILL,2025-06-28,51.38,1.267,7232.6,8,0
M031,CNC_MILL,2025-06-29,58.23,2.135,7251.0,9,0
M032,CONVEYOR,2025-01-01,38.6,0.972,2083.2,12,0
M032,CONVEYOR,2025-01-02,40.69,0.691,2099.4,13,0
M032,CONVEYOR,2025-01-03,38.91,1.163,2109.5,14,0
M032,CONVEYOR,2025-01-04,44.19,1.261,2126.0,15,0
M032,CONVEYOR,2025-01-05,41.53,1.274,2132.7,16,0
M032,CONVEYOR,2025-01-06,36.61,0.912,2145.6,17,0
M032,CONVEYOR,2025-01-07,41.13,1.082,2161.4,18,0
M032,CONVEYOR,2025-01-08,39.5,1.421,2176.8,19,0
M032,CONVEYOR,2025-01-09,36.92,1.377,2193.2,20,0
M032,CONVEYOR,2025-01-10,43.17,0.95,2203.1,21,0
M032,CONVEYOR,2025-01-11,41.64,1.242,2210.9,22,0
M032,CONVEYOR,2025-01-12,38.23,0.826,2222.0,23,0
M032,CONVEYOR,2025-01-13,40.75,0.955,2237.7,24,0
M032,CONVEYOR,2025-01-14,38.99,1.406,2254.4,25,0
M032,CONVEYOR,2025-01-15,39.82,1.308,2274.3,26,0
M032,CONVEYOR,2025-01-16,44.97,1.438,2293.3,27,0
M032,CONVEYOR,2025-01-17,38.85,1.207,2303.6,28,0
M032,CONVEYOR,2025-01-18,41.52,1.284,2312.2,0,0
M032,CONVEYOR,2025-01-19,40.04,1.095,2326.5,1,0
M032,CONVEYOR,2025-01-20,38.94,1.277,2344.8,2,0
M032,CONVEYOR,2025-01-21,40.04,1.446,2357.2,3,0
M032,CONVEYOR,2025-01-22,41.24,1.185,2366.2,4,0
M032,CONVEYOR,2025-01-23,38.51,0.957,2383.3,5,0
M032,CONVEYOR,2025-01-24,39.28,0.888,2394.8,6,0
M032,CONVEYOR,2025-01-25,43.32,1.113,2413.8,7,0
M032,CONVEYOR,2025-01-26,42.38,1.234,2433.2,8,0
M032,CONVEYOR,2025-01-27,38.41,1.185,2449.2,9,0
M032,CONVEYOR,2025-01-28,36.38,1.172,2465.3,10,0
M032,CONVEYOR,2025-01-29,41.41,1.153,2477.9,11,0
M032,CONVEYOR,2025-01-30,39.89,0.905,2485.2,12,0
M032,CONVEYOR,2025-01-31,38.65,1.439,2500.8,13,0
M032,CONVEYOR,2025-02-01,41.33,1.16,2512.1,14,0
M032,CONVEYOR,2025-02-02,40.64,1.407,2530.9,15,0
M032,CONVEYOR,2025-02-03,41.91,0.975,2545.7,16,0
M032,CONVEYOR,2025-02-04,39.74,1.048,2555.0,17,0
M032,CONVEYOR,2025-02-05,39.13,1.26,2573.5,18,0
M032,CONVEYOR,2025-02-06,37.79,1.357,2588.0,19,0
M032,CONVEYOR,2025-02-07,39.64,1.246,2597.4,20,0
M032,CONVEYOR,2025-02-08,42.36,1.159,2616.4,21,0
M032,CONVEYOR,2025-02-09,36.81,1.288,2629.6,22,0
M032,CONVEYOR,2025-02-10,39.61,1.352,2641.7,23,0
M032,CONVEYOR,2025-02-11,38.47,1.384,2651.1,24,0
M032,CONVEYOR,2025-02-12,42.22,1.371,2668.0,25,0
M032,CONVEYOR,2025-02-13,41.85,1.179,2675.2,26,0
M032,CONVEYOR,2025-02-14,40.01,0.586,2694.7,27,0
M032,CONVEYOR,2025-02-15,41.22,1.543,2701.2,28,0
M032,CONVEYOR,2025-02-16,39.42,1.477,2720.6,29,0
M032,CONVEYOR,2025-02-17,40.86,1.5,2736.4,0,0
M032,CONVEYOR,2025-02-18,40.09,1.015,2749.8,1,0
M032,CONVEYOR,2025-02-19,41.13,1.108,2762.5,2,0
M032,CONVEYOR,2025-02-20,40.23,1.249,2775.8,3,0
M032,CONVEYOR,2025-02-21,42.64,0.84,2792.0,4,0
M032,CONVEYOR,2025-02-22,38.88,1.539,2808.1,5,0
M032,CONVEYOR,2025-02-23,38.97,1.437,2823.4,6,0
M032,CONVEYOR,2025-02-24,39.63,0.887,2842.2,7,0
M032,CONVEYOR,2025-02-25,39.73,1.357,2856.4,8,0
M032,CONVEYOR,2025-02-26,38.19,1.135,2864.8,9,0
M032,CONVEYOR,2025-02-27,42.29,1.094,2882.7,10,0
M032,CONVEYOR,2025-02-28,39.88,1.089,2900.8,11,0
M032,CONVEYOR,2025-03-01,41.65,1.359,2907.6,12,0
M032,CONVEYOR,2025-03-02,42.91,1.372,2913.9,13,0
M032,CONVEYOR,2025-03-03,37.63,1.454,2923.3,14,0
M032,CONVEYOR,2025-03-04,44.87,1.389,2936.2,15,0
M032,CONVEYOR,2025-03-05,46.64,1.355,2948.2,16,0
M032,CONVEYOR,2025-03-06,42.31,1.096,2966.4,17,0
M032,CONVEYOR,2025-03-07,48.11,1.722,2976.8,18,0
M032,CONVEYOR,2025-03-08,39.14,1.843,2989.3,19,0
M032,CONVEYOR,2025-03-09,44.55,1.402,2996.1,20,0
M032,CONVEYOR,2025-03-10,50.78,1.628,3010.7,21,0
M032,CONVEYOR,2025-03-11,49.99,1.593,3029.7,22,0
M032,CONVEYOR,2025-03-12,45.65,1.898,3049.1,23,0
M032,CONVEYOR,2025-03-13,51.28,1.873,3061.6,24,0
M032,CONVEYOR,2025-03-14,49.63,2.0,3068.7,25,0
M032,CONVEYOR,2025-03-15,47.1,1.401,3080.9,26,0
M032,CONVEYOR,2025-03-16,42.55,1.457,3091.8,27,0
M032,CONVEYOR,2025-03-17,48.04,2.221,3099.6,28,0
M032,CONVEYOR,2025-03-18,49.39,2.199,3109.7,29,0
M032,CONVEYOR,2025-03-19,48.73,1.644,3124.0,0,0
M032,CONVEYOR,2025-03-20,55.02,2.167,3136.4,1,0
M032,CONVEYOR,2025-03-21,56.06,1.77,3150.4,2,1
M032,CONVEYOR,2025-03-22,47.18,2.217,3158.0,3,1
M032,CONVEYOR,2025-03-23,47.55,1.992,3171.5,4,1
M032,CONVEYOR,2025-03-24,52.07,1.607,3187.4,5,1
M032,CONVEYOR,2025-03-25,51.14,2.121,3205.5,6,1
M032,CONVEYOR,2025-03-26,52.92,2.505,3216.3,7,1
M032,CONVEYOR,2025-03-27,48.63,1.56,3228.3,8,1
M032,CONVEYOR,2025-03-28,39.39,1.479,3236.8,9,0
M033,PRESS,2025-01-01,61.82,3.131,2263.4,9,0
M033,PRESS,2025-01-02,69.27,2.933,2277.9,10,0
M033,PRESS,2025-01-03,71.39,3.047,2284.7,11,0
M033,PRESS,2025-01-04,67.4,2.974,2297.4,12,0
M033,PRESS,2025-01-05,69.03,2.716,2307.9,13,0
M033,PRESS,2025-01-06,68.18,2.985,2314.7,14,0
M033,PRESS,2025-01-07,67.56,3.678,2324.2,15,0
M033,PRESS,2025-01-08,64.23,3.354,2333.4,16,0
M033,PRESS,2025-01-09,57.71,2.565,2342.0,17,0
M033,PRESS,2025-01-10,62.43,3.201,2350.3,18,0
M033,PRESS,2025-01-11,66.75,2.821,2360.2,19,0
M033,PRESS,2025-01-12,57.16,3.256,2378.9,20,0
M033,PRESS,2025-01-13,69.96,3.128,2397.0,21,0
M033,PRESS,2025-01-14,71.16,3.365,2404.5,22,0
M033,PRESS,2025-01-15,62.42,3.011,2414.5,23,0
M033,PRESS,2025-01-16,67.35,3.177,2428.8,24,0
M033,PRESS,2025-01-17,65.35,2.632,2446.2,25,0
M033,PRESS,2025-01-18,69.35,3.209,2458.3,26,0
M033,PRESS,2025-01-19,65.29,3.279,2472.9,27,0
M033,PRESS,2025-01-20,69.81,2.776,2483.3,0,0
M033,PRESS,2025-01-21,70.4,2.174,2495.1,1,0
M033,PRESS,2025-01-22,68.29,2.826,2509.1,2,0
M033,PRESS,2025-01-23,71.57,2.968,2527.2,3,0
M033,PRESS,2025-01-24,66.01,3.223,2543.6,4,0
M033,PRESS,2025-01-25,68.34,3.398,2552.4,5,0
M033,PRESS,2025-01-26,64.68,3.104,2563.0,6,0
M033,PRESS,2025-01-27,65.93,2.696,2572.4,7,0
M033,PRESS,2025-01-28,65.17,3.056,2584.4,8,0
M033,PRESS,2025-01-29,59.02,2.201,2601.8,9,0
M033,PRESS,2025-01-30,64.42,2.425,2621.5,10,0
M033,PRESS,2025-01-31,68.46,3.557,2628.6,11,0
M033,PRESS,2025-02-01,65.19,3.969,2634.9,12,0
M033,PRESS,2025-02-02,63.4,3.16,2646.6,13,0
M033,PRESS,2025-02-03,57.96,3.004,2658.1,14,0
M033,PRESS,2025-02-04,63.82,3.364,2669.6,15,0
M033,PRESS,2025-02-05,59.99,3.327,2675.9,16,0
M033,PRESS,2025-02-06,58.13,2.811,2692.6,17,0
M033,PRESS,2025-02-07,63.99,3.182,2707.3,18,0
M033,PRESS,2025-02-08,60.74,2.929,2727.1,19,0
M033,PRESS,2025-02-09,54.67,3.678,2746.6,20,0
M033,PRESS,2025-02-10,68.13,3.458,2759.1,21,0
M033,PRESS,2025-02-11,62.76,3.021,2778.0,22,0
M033,PRESS,2025-02-12,67.09,2.859,2796.6,23,0
M033,PRESS,2025-02-13,64.16,3.306,2805.3,24,0
M033,PRESS,2025-02-14,65.01,2.914,2818.1,25,0
M033,PRESS,2025-02-15,63.71,3.15,2827.5,0,0
M033,PRESS,2025-02-16,60.86,3.148,2834.2,1,0
M033,PRESS,2025-02-17,64.3,3.312,2842.0,2,0
M033,PRESS,2025-02-18,67.87,3.806,2849.1,3,0
M033,PRESS,2025-02-19,65.15,3.664,2867.7,4,0
M033,PRESS,2025-02-20,67.48,4.097,2874.0,5,0
M033,PRESS,2025-02-21,65.7,2.99,2888.1,6,0
M033,PRESS,2025-02-22,68.89,3.216,2907.3,7,0
M033,PRESS,2025-02-23,57.06,2.896,2918.3,8,0
M033,PRESS,2025-02-24,67.82,2.853,2932.8,9,0
M033,PRESS,2025-02-25,64.12,3.067,2946.8,10,0
M033,PRESS,2025-02-26,61.63,3.391,2958.6,11,0
M033,PRESS,2025-02-27,63.56,3.379,2970.0,12,0
M033,PRESS,2025-02-28,65.88,2.955,2985.2,13,0
M033,PRESS,2025-03-01,60.42,3.082,2995.1,14,0
M033,PRESS,2025-03-02,65.98,2.966,3001.4,15,0
M033,PRESS,2025-03-03,64.23,2.967,3015.6,16,0
M033,PRESS,2025-03-04,65.24,3.06,3035.2,17,0
M033,PRESS,2025-03-05,60.76,2.707,3047.2,18,0
M033,PRESS,2025-03-06,62.32,3.048,3059.8,19,0
M033,PRESS,2025-03-07,68.91,3.465,3079.7,20,0
M033,PRESS,2025-03-08,60.23,3.398,3097.9,21,0
M033,PRESS,2025-03-09,67.66,3.137,3107.1,22,0
M033,PRESS,2025-03-10,61.79,2.285,3114.7,23,0
M033,PRESS,2025-03-11,61.53,3.342,3133.8,24,0
M033,PRESS,2025-03-12,62.72,2.63,3146.1,25,0
M033,PRESS,2025-03-13,60.96,2.763,3160.8,26,0
M033,PRESS,2025-03-14,63.66,3.333,3177.8,27,0
M033,PRESS,2025-03-15,59.82,3.148,3193.8,28,0
M033,PRESS,2025-03-16,62.34,2.383,3210.3,29,0
M033,PRESS,2025-03-17,63.54,2.837,3217.8,30,0
M033,PRESS,2025-03-18,69.5,3.122,3229.6,31,0
M033,PRESS,2025-03-19,70.83,3.275,3240.3,32,0
M033,PRESS,2025-03-20,64.99,3.009,3255.2,33,0
M033,PRESS,2025-03-21,64.07,2.407,3273.1,34,0
M033,PRESS,2025-03-22,67.05,3.422,3283.0,35,0
M033,PRESS,2025-03-23,58.57,2.528,3295.1,0,0
M033,PRESS,2025-03-24,70.47,3.074,3314.5,1,0
M033,PRESS,2025-03-25,65.17,2.939,3326.6,2,0
M033,PRESS,2025-03-26,67.63,2.978,3342.8,3,0
M033,PRESS,2025-03-27,64.81,3.479,3357.5,4,0
M033,PRESS,2025-03-28,58.92,2.857,3377.2,5,0
M033,PRESS,2025-03-29,60.65,2.218,3386.1,6,0
M033,PRESS,2025-03-30,70.01,2.585,3398.8,7,0
M033,PRESS,2025-03-31,70.69,3.195,3406.0,8,0
M033,PRESS,2025-04-01,62.79,2.348,3421.5,9,0
M033,PRESS,2025-04-02,65.71,3.0,3434.4,10,0
M033,PRESS,2025-04-03,71.11,2.836,3450.0,11,0
M033,PRESS,2025-04-04,67.9,3.597,3464.1,12,0
M033,PRESS,2025-04-05,64.11,2.806,3475.5,13,0
M033,PRESS,2025-04-06,65.07,2.42,3491.4,14,0
M033,PRESS,2025-04-07,67.6,3.724,3503.0,15,0
M033,PRESS,2025-04-08,60.15,3.345,3514.0,16,0
M033,PRESS,2025-04-09,65.51,2.754,3522.6,17,0
M033,PRESS,2025-04-10,63.46,3.067,3540.6,18,0
M033,PRESS,2025-04-11,64.93,3.877,3557.7,19,0
M033,PRESS,2025-04-12,70.89,2.759,3565.6,20,0
M033,PRESS,2025-04-13,60.58,3.41,3578.9,21,0
M033,PRESS,2025-04-14,70.48,2.65,3593.3,22,0
M033,PRESS,2025-04-15,61.98,3.759,3600.1,23,0
M033,PRESS,2025-04-16,63.64,3.211,3611.0,24,0
M033,PRESS,2025-04-17,62.15,2.86,3623.4,25,0
M033,PRESS,2025-04-18,67.86,2.481,3630.5,26,0
M033,PRESS,2025-04-19,67.2,3.264,3638.6,27,0
M033,PRESS,2025-04-20,63.08,2.589,3658.2,0,0
M033,PRESS,2025-04-21,64.91,3.69,3664.8,1,0
M033,PRESS,2025-04-22,56.12,2.939,3674.8,2,0
M033,PRESS,2025-04-23,66.69,3.126,3682.9,3,0
M033,PRESS,2025-04-24,63.14,2.372,3701.5,4,0
M033,PRESS,2025-04-25,63.18,2.838,3714.2,5,0
M033,PRESS,2025-04-26,65.6,2.603,3725.9,6,0
M033,PRESS,2025-04-27,58.17,2.665,3733.9,7,0
M033,PRESS,2025-04-28,68.96,3.361,3753.8,8,0
M033,PRESS,2025-04-29,71.4,3.682,3767.2,9,0
M033,PRESS,2025-04-30,61.82,2.712,3780.9,10,0
M033,PRESS,2025-05-01,62.06,3.008,3799.5,11,0
M033,PRESS,2025-05-02,56.91,3.218,3815.4,12,0
M033,PRESS,2025-05-03,62.31,3.41,3829.6,13,0
M033,PRESS,2025-05-04,60.16,2.954,3842.1,14,0
M033,PRESS,2025-05-05,60.01,3.083,3848.1,15,0
M033,PRESS,2025-05-06,63.33,3.567,3858.8,16,0
M033,PRESS,2025-05-07,68.79,2.921,3868.2,17,0
M033,PRESS,2025-05-08,73.92,3.048,3880.7,18,0
M033,PRESS,2025-05-09,66.35,3.077,3899.1,19,0
M033,PRESS,2025-05-10,65.22,3.266,3905.2,20,0
M033,PRESS,2025-05-11,56.04,3.618,3917.5,21,0
M033,PRESS,2025-05-12,64.09,3.269,3935.5,22,0
M033,PRESS,2025-05-13,66.59,3.074,3947.9,23,0
M033,PRESS,2025-05-14,62.21,2.88,3957.6,24,0
M033,PRESS,2025-05-15,61.09,2.255,3973.1,25,0
M033,PRESS,2025-05-16,69.63,2.666,3981.9,26,0
M033,PRESS,2025-05-17,62.61,3.635,3992.4,27,0
M033,PRESS,2025-05-18,67.28,2.586,4007.1,28,0
M033,PRESS,2025-05-19,63.96,3.597,4025.1,29,0
M033,PRESS,2025-05-20,65.34,3.34,4038.2,0,0
M033,PRESS,2025-05-21,68.92,2.743,4050.5,1,0
M033,PRESS,2025-05-22,65.65,3.255,4069.0,2,0
M033,PRESS,2025-05-23,60.39,2.963,4082.1,3,0
M033,PRESS,2025-05-24,63.74,3.017,4099.1,4,0
M033,PRESS,2025-05-25,65.63,3.229,4117.0,5,0
M033,PRESS,2025-05-26,68.35,3.286,4128.6,6,0
M033,PRESS,2025-05-27,59.44,2.94,4136.8,7,0
M033,PRESS,2025-05-28,69.56,3.181,4155.3,8,0
M033,PRESS,2025-05-29,64.59,2.513,4162.2,9,0
M033,PRESS,2025-05-30,71.96,3.19,4168.6,10,0
M033,PRESS,2025-05-31,69.39,2.779,4177.1,11,0
M033,PRESS,2025-06-01,60.13,3.278,4185.1,12,0
M033,PRESS,2025-06-02,59.99,2.925,4195.7,13,0
M033,PRESS,2025-06-03,65.4,2.877,4215.5,14,0
M033,PRESS,2025-06-04,64.41,3.052,4227.6,15,0
M033,PRESS,2025-06-05,70.96,3.542,4236.7,16,0
M033,PRESS,2025-06-06,62.16,3.106,4252.5,17,0
M033,PRESS,2025-06-07,75.03,2.86,4271.5,18,0
M033,PRESS,2025-06-08,69.42,3.018,4291.5,19,0
M033,PRESS,2025-06-09,64.84,2.591,4299.0,20,0
M033,PRESS,2025-06-10,61.01,3.321,4317.4,21,0
M033,PRESS,2025-06-11,61.87,3.314,4333.0,22,0
M033,PRESS,2025-06-12,66.29,2.687,4352.0,23,0
M033,PRESS,2025-06-13,67.77,2.764,4362.9,24,0
M033,PRESS,2025-06-14,72.01,2.893,4380.9,25,0
M033,PRESS,2025-06-15,67.72,2.555,4399.7,26,0
M033,PRESS,2025-06-16,66.29,3.028,4418.9,27,0
M033,PRESS,2025-06-17,66.09,2.59,4428.8,0,0
M033,PRESS,2025-06-18,64.25,2.835,4439.3,1,0
M033,PRESS,2025-06-19,57.94,3.036,4456.9,2,0
M033,PRESS,2025-06-20,62.96,3.078,4475.1,3,0
M033,PRESS,2025-06-21,70.75,2.267,4485.6,4,0
M033,PRESS,2025-06-22,63.84,3.091,4497.3,5,0
M033,PRESS,2025-06-23,63.97,3.38,4506.7,6,0
M033,PRESS,2025-06-24,60.07,3.232,4517.4,7,0
M033,PRESS,2025-06-25,61.76,2.673,4536.6,8,0
M033,PRESS,2025-06-26,59.05,2.948,4546.6,9,0
M033,PRESS,2025-06-27,62.01,3.396,4553.9,10,0
M033,PRESS,2025-06-28,66.83,3.466,4562.6,11,0
M033,PRESS,2025-06-29,62.7,3.099,4576.7,12,0
M034,ROBOT_ARM,2025-01-01,46.15,1.712,3742.6,4,0
M034,ROBOT_ARM,2025-01-02,47.3,1.797,3750.5,5,0
M034,ROBOT_ARM,2025-01-03,48.39,1.456,3760.0,6,0
M034,ROBOT_ARM,2025-01-04,46.1,1.556,3770.8,7,0
M034,ROBOT_ARM,2025-01-05,46.52,1.689,3779.8,8,0
M034,ROBOT_ARM,2025-01-06,47.31,1.423,3794.5,9,0
M034,ROBOT_ARM,2025-01-07,53.19,1.529,3801.8,10,0
M034,ROBOT_ARM,2025-01-08,45.56,1.586,3818.3,11,0
M034,ROBOT_ARM,2025-01-09,48.04,1.563,3828.3,12,0
M034,ROBOT_ARM,2025-01-10,46.54,1.333,3845.3,13,0
M034,ROBOT_ARM,2025-01-11,49.25,1.177,3854.0,14,0
M034,ROBOT_ARM,2025-01-12,52.03,1.347,3870.0,15,0
M034,ROBOT_ARM,2025-01-13,53.13,1.648,3886.8,16,0
M034,ROBOT_ARM,2025-01-14,45.79,1.461,3903.3,17,0
M034,ROBOT_ARM,2025-01-15,45.48,1.538,3921.8,18,0
M034,ROBOT_ARM,2025-01-16,50.45,1.622,3935.3,19,0
M034,ROBOT_ARM,2025-01-17,47.45,1.817,3953.3,20,0
M034,ROBOT_ARM,2025-01-18,46.24,1.274,3961.2,21,0
M034,ROBOT_ARM,2025-01-19,50.21,1.436,3975.2,22,0
M034,ROBOT_ARM,2025-01-20,54.41,1.333,3984.4,23,0
M034,ROBOT_ARM,2025-01-21,51.45,1.135,3991.4,24,0
M034,ROBOT_ARM,2025-01-22,47.07,1.705,3999.2,25,0
M034,ROBOT_ARM,2025-01-23,50.17,1.598,4014.2,26,0
M034,ROBOT_ARM,2025-01-24,52.35,1.629,4028.7,27,0
M034,ROBOT_ARM,2025-01-25,46.7,1.035,4036.0,0,0
M034,ROBOT_ARM,2025-01-26,45.55,1.538,4047.0,1,0
M034,ROBOT_ARM,2025-01-27,48.15,1.816,4063.3,2,0
M034,ROBOT_ARM,2025-01-28,45.79,1.283,4070.6,3,0
M034,ROBOT_ARM,2025-01-29,41.47,1.494,4078.9,4,0
M034,ROBOT_ARM,2025-01-30,46.1,1.615,4090.5,5,0
M034,ROBOT_ARM,2025-01-31,47.94,1.422,4106.7,6,0
M034,ROBOT_ARM,2025-02-01,49.34,1.414,4124.7,7,0
M034,ROBOT_ARM,2025-02-02,44.86,1.665,4141.9,8,0
M034,ROBOT_ARM,2025-02-03,50.78,1.839,4158.6,9,0
M034,ROBOT_ARM,2025-02-04,46.49,1.364,4164.8,10,0
M034,ROBOT_ARM,2025-02-05,47.58,1.52,4183.7,11,0
M034,ROBOT_ARM,2025-02-06,46.25,1.401,4192.4,12,0
M034,ROBOT_ARM,2025-02-07,44.35,1.296,4208.6,13,0
M034,ROBOT_ARM,2025-02-08,50.54,1.444,4218.3,14,0
M034,ROBOT_ARM,2025-02-09,47.9,1.311,4225.9,15,0
M034,ROBOT_ARM,2025-02-10,43.69,1.596,4237.6,16,0
M034,ROBOT_ARM,2025-02-11,43.8,1.223,4256.8,17,0
M034,ROBOT_ARM,2025-02-12,47.7,1.894,4276.0,18,0
M034,ROBOT_ARM,2025-02-13,46.85,1.546,4295.0,19,0
M034,ROBOT_ARM,2025-02-14,44.6,1.519,4314.2,20,0
M034,ROBOT_ARM,2025-02-15,51.88,1.651,4324.0,21,0
M034,ROBOT_ARM,2025-02-16,45.92,1.248,4344.0,22,0
M034,ROBOT_ARM,2025-02-17,44.52,1.769,4360.3,23,0
M034,ROBOT_ARM,2025-02-18,48.69,0.988,4372.3,24,0
M034,ROBOT_ARM,2025-02-19,52.13,1.496,4387.7,25,0
M034,ROBOT_ARM,2025-02-20,47.78,1.316,4404.0,26,0
M034,ROBOT_ARM,2025-02-21,48.6,1.531,4413.0,27,0
M034,ROBOT_ARM,2025-02-22,46.05,1.197,4429.2,28,0
M034,ROBOT_ARM,2025-02-23,46.63,1.466,4436.7,29,0
M034,ROBOT_ARM,2025-02-24,51.78,1.576,4445.4,30,0
M034,ROBOT_ARM,2025-02-25,46.14,1.598,4454.6,31,0
M034,ROBOT_ARM,2025-02-26,50.27,1.34,4462.5,0,0
M034,ROBOT_ARM,2025-02-27,42.51,1.275,4469.8,1,0
M034,ROBOT_ARM,2025-02-28,48.82,1.172,4476.5,2,0
M034,ROBOT_ARM,2025-03-01,53.38,1.364,4484.9,3,0
M034,ROBOT_ARM,2025-03-02,47.98,1.158,4496.1,4,0
M034,ROBOT_ARM,2025-03-03,48.62,1.763,4508.0,5,0
M034,ROBOT_ARM,2025-03-04,45.1,1.936,4521.0,6,0
M034,ROBOT_ARM,2025-03-05,46.91,1.387,4535.5,7,0
M034,ROBOT_ARM,2025-03-06,46.97,1.631,4541.8,8,0
M034,ROBOT_ARM,2025-03-07,47.44,1.454,4554.6,9,0
M034,ROBOT_ARM,2025-03-08,44.04,1.461,4571.0,10,0
M034,ROBOT_ARM,2025-03-09,49.58,1.057,4587.5,11,0
M034,ROBOT_ARM,2025-03-10,48.1,1.77,4594.3,12,0
M034,ROBOT_ARM,2025-03-11,49.12,1.109,4607.9,13,0
M034,ROBOT_ARM,2025-03-12,49.78,1.312,4622.2,14,0
M034,ROBOT_ARM,2025-03-13,49.87,1.191,4641.8,15,0
M034,ROBOT_ARM,2025-03-14,49.07,1.443,4655.9,16,0
M034,ROBOT_ARM,2025-03-15,53.29,1.736,4672.3,17,0
M034,ROBOT_ARM,2025-03-16,49.38,1.105,4690.1,18,0
M034,ROBOT_ARM,2025-03-17,54.73,1.443,4696.1,19,0
M034,ROBOT_ARM,2025-03-18,43.94,1.633,4711.8,20,0
M034,ROBOT_ARM,2025-03-19,45.59,1.958,4731.6,21,0
M034,ROBOT_ARM,2025-03-20,49.04,1.704,4741.9,22,0
M034,ROBOT_ARM,2025-03-21,46.38,1.573,4749.8,23,0
M034,ROBOT_ARM,2025-03-22,45.29,1.527,4763.6,24,0
M034,ROBOT_ARM,2025-03-23,57.09,1.324,4773.5,25,0
M034,ROBOT_ARM,2025-03-24,47.28,1.428,4791.0,26,0
M034,ROBOT_ARM,2025-03-25,44.56,1.96,4802.5,0,0
M034,ROBOT_ARM,2025-03-26,49.54,1.637,4814.8,1,0
M034,ROBOT_ARM,2025-03-27,50.44,2.249,4821.6,2,0
M034,ROBOT_ARM,2025-03-28,52.96,1.625,4838.4,3,0
M034,ROBOT_ARM,2025-03-29,44.24,1.334,4848.9,4,0
M034,ROBOT_ARM,2025-03-30,45.0,1.603,4858.6,5,0
M034,ROBOT_ARM,2025-03-31,48.86,1.831,4867.9,6,0
M034,ROBOT_ARM,2025-04-01,45.53,0.933,4875.1,7,0
M034,ROBOT_ARM,2025-04-02,45.64,1.62,4888.7,8,0
M034,ROBOT_ARM,2025-04-03,51.6,1.399,4899.2,9,0
M034,ROBOT_ARM,2025-04-04,43.18,1.481,4916.0,10,0
M034,ROBOT_ARM,2025-04-05,47.59,1.669,4933.1,11,0
M034,ROBOT_ARM,2025-04-06,45.99,1.114,4944.8,12,0
M034,ROBOT_ARM,2025-04-07,38.89,1.082,4963.4,13,0
M034,ROBOT_ARM,2025-04-08,50.12,1.209,4980.6,14,0
M034,ROBOT_ARM,2025-04-09,54.12,1.361,5000.2,15,0
M034,ROBOT_ARM,2025-04-10,53.15,1.66,5018.2,16,0
M034,ROBOT_ARM,2025-04-11,53.1,1.446,5024.9,17,0
M034,ROBOT_ARM,2025-04-12,48.37,1.524,5031.6,18,0
M034,ROBOT_ARM,2025-04-13,51.48,1.239,5047.9,19,0
M034,ROBOT_ARM,2025-04-14,52.87,1.495,5054.8,20,0
M034,ROBOT_ARM,2025-04-15,45.53,1.598,5065.4,21,0
M034,ROBOT_ARM,2025-04-16,43.23,1.137,5072.8,22,0
M034,ROBOT_ARM,2025-04-17,40.42,1.623,5090.3,23,0
M034,ROBOT_ARM,2025-04-18,47.13,1.079,5100.0,24,0
M034,ROBOT_ARM,2025-04-19,51.65,1.237,5117.4,25,0
M034,ROBOT_ARM,2025-04-20,45.67,1.602,5131.0,26,0
M034,ROBOT_ARM,2025-04-21,45.7,1.861,5149.4,27,0
M034,ROBOT_ARM,2025-04-22,47.62,1.77,5161.9,28,0
M034,ROBOT_ARM,2025-04-23,41.14,1.611,5180.0,29,0
M034,ROBOT_ARM,2025-04-24,48.26,1.095,5193.5,30,0
M034,ROBOT_ARM,2025-04-25,53.19,1.893,5212.5,31,0
M034,ROBOT_ARM,2025-04-26,48.8,1.63,5231.1,32,0
M034,ROBOT_ARM,2025-04-27,51.01,1.73,5243.3,33,0
M034,ROBOT_ARM,2025-04-28,48.86,1.49,5252.3,34,0
M034,ROBOT_ARM,2025-04-29,55.16,1.984,5267.1,35,0
M034,ROBOT_ARM,2025-04-30,49.73,1.953,5278.3,0,0
M034,ROBOT_ARM,2025-05-01,49.79,1.436,5294.9,1,0
M034,ROBOT_ARM,2025-05-02,43.58,1.622,5309.1,2,0
M034,ROBOT_ARM,2025-05-03,52.53,1.178,5323.1,3,0
M034,ROBOT_ARM,2025-05-04,49.66,2.032,5338.3,4,0
M034,ROBOT_ARM,2025-05-05,42.55,1.306,5353.2,5,0
M034,ROBOT_ARM,2025-05-06,45.69,1.31,5373.2,6,0
M034,ROBOT_ARM,2025-05-07,49.14,1.705,5384.3,7,0
M034,ROBOT_ARM,2025-05-08,52.26,1.092,5396.6,8,0
M034,ROBOT_ARM,2025-05-09,46.85,1.194,5403.5,9,0
M034,ROBOT_ARM,2025-05-10,46.64,1.37,5418.7,10,0
M034,ROBOT_ARM,2025-05-11,46.07,1.264,5426.3,11,0
M034,ROBOT_ARM,2025-05-12,47.01,1.761,5445.1,12,0
M034,ROBOT_ARM,2025-05-13,48.93,1.844,5455.6,13,0
M034,ROBOT_ARM,2025-05-14,50.36,1.063,5474.7,14,0
M034,ROBOT_ARM,2025-05-15,47.89,1.596,5493.9,15,0
M034,ROBOT_ARM,2025-05-16,45.43,1.26,5512.3,16,0
M034,ROBOT_ARM,2025-05-17,45.24,1.51,5532.2,17,0
M034,ROBOT_ARM,2025-05-18,54.1,1.232,5539.4,18,0
M034,ROBOT_ARM,2025-05-19,56.72,1.68,5551.2,19,0
M034,ROBOT_ARM,2025-05-20,48.03,1.314,5565.6,20,0
M034,ROBOT_ARM,2025-05-21,47.7,1.027,5574.7,21,0
M034,ROBOT_ARM,2025-05-22,42.52,1.591,5584.6,22,0
M034,ROBOT_ARM,2025-05-23,47.18,1.888,5596.0,23,0
M034,ROBOT_ARM,2025-05-24,52.32,1.707,5608.0,24,0
M034,ROBOT_ARM,2025-05-25,47.91,1.48,5620.7,25,0
M034,ROBOT_ARM,2025-05-26,41.7,0.975,5638.0,26,0
M034,ROBOT_ARM,2025-05-27,47.57,1.756,5657.1,27,0
M034,ROBOT_ARM,2025-05-28,52.0,1.221,5673.0,0,0
M034,ROBOT_ARM,2025-05-29,44.51,1.945,5679.6,1,0
M034,ROBOT_ARM,2025-05-30,47.16,1.514,5687.1,2,0
M034,ROBOT_ARM,2025-05-31,43.23,1.565,5695.8,3,0
M034,ROBOT_ARM,2025-06-01,48.63,1.559,5710.1,4,0
M034,ROBOT_ARM,2025-06-02,51.46,1.689,5717.7,5,0
M034,ROBOT_ARM,2025-06-03,45.48,1.785,5735.2,6,0
M034,ROBOT_ARM,2025-06-04,48.59,1.599,5746.9,7,0
M034,ROBOT_ARM,2025-06-05,46.19,1.17,5764.0,8,0
M034,ROBOT_ARM,2025-06-06,50.4,1.469,5779.9,9,0
M034,ROBOT_ARM,2025-06-07,50.5,1.54,5797.1,10,0
M034,ROBOT_ARM,2025-06-08,52.1,1.329,5806.3,11,0
M034,ROBOT_ARM,2025-06-09,42.93,1.356,5819.0,12,0
M034,ROBOT_ARM,2025-06-10,51.23,1.98,5832.8,13,0
M034,ROBOT_ARM,2025-06-11,42.96,1.744,5842.0,14,0
M034,ROBOT_ARM,2025-06-12,48.14,1.949,5853.5,15,0
M034,ROBOT_ARM,2025-06-13,45.5,1.856,5862.3,16,0
M034,ROBOT_ARM,2025-06-14,51.23,1.6,5869.1,17,0
M034,ROBOT_ARM,2025-06-15,50.19,1.713,5887.6,18,0
M034,ROBOT_ARM,2025-06-16,47.82,1.713,5895.6,19,0
M034,ROBOT_ARM,2025-06-17,48.48,1.495,5908.5,20,0
M034,ROBOT_ARM,2025-06-18,44.59,1.442,5917.2,21,0
M034,ROBOT_ARM,2025-06-19,48.8,1.314,5925.7,22,0
M034,ROBOT_ARM,2025-06-20,45.51,1.421,5937.8,23,0
M034,ROBOT_ARM,2025-06-21,44.48,1.063,5956.3,24,0
M034,ROBOT_ARM,2025-06-22,51.85,1.363,5972.9,25,0
M034,ROBOT_ARM,2025-06-23,49.04,1.379,5991.9,26,0
M034,ROBOT_ARM,2025-06-24,48.11,1.832,6001.8,27,0
M034,ROBOT_ARM,2025-06-25,51.1,1.626,6013.1,28,0
M034,ROBOT_ARM,2025-06-26,51.45,1.573,6021.6,29,0
M034,ROBOT_ARM,2025-06-27,48.09,1.967,6035.6,0,0
M034,ROBOT_ARM,2025-06-28,46.88,1.459,6044.9,1,0
M034,ROBOT_ARM,2025-06-29,52.32,1.339,6064.2,2,0
M035,PUMP,2025-01-01,58.23,2.132,4454.8,19,0
M035,PUMP,2025-01-02,56.59,2.762,4470.6,20,0
M035,PUMP,2025-01-03,65.56,2.701,4480.0,21,0
M035,PUMP,2025-01-04,61.79,2.659,4497.5,22,0
M035,PUMP,2025-01-05,58.28,3.196,4505.7,23,0
M035,PUMP,2025-01-06,58.55,2.196,4514.6,24,0
M035,PUMP,2025-01-07,61.75,2.495,4534.0,25,0
M035,PUMP,2025-01-08,61.79,2.955,4544.3,26,0
M035,PUMP,2025-01-09,59.59,2.226,4557.8,27,0
M035,PUMP,2025-01-10,61.72,3.066,4565.8,0,0
M035,PUMP,2025-01-11,60.13,2.232,4580.2,1,0
M035,PUMP,2025-01-12,62.94,1.891,4596.5,2,0
M035,PUMP,2025-01-13,56.12,2.144,4612.1,3,0
M035,PUMP,2025-01-14,57.05,2.392,4620.6,4,0
M035,PUMP,2025-01-15,60.11,3.391,4635.4,5,0
M035,PUMP,2025-01-16,57.85,2.46,4647.8,6,0
M035,PUMP,2025-01-17,57.29,2.775,4657.5,7,0
M035,PUMP,2025-01-18,62.83,2.69,4669.4,8,0
M035,PUMP,2025-01-19,58.46,2.832,4679.6,9,0
M035,PUMP,2025-01-20,61.08,2.044,4693.8,10,0
M035,PUMP,2025-01-21,56.85,2.594,4706.4,11,0
M035,PUMP,2025-01-22,60.29,2.028,4721.8,12,0
M035,PUMP,2025-01-23,62.57,2.967,4730.3,13,0
M035,PUMP,2025-01-24,63.38,2.624,4741.5,14,0
M035,PUMP,2025-01-25,61.14,2.66,4753.7,15,0
M035,PUMP,2025-01-26,54.33,2.785,4769.9,16,0
M035,PUMP,2025-01-27,56.74,3.26,4776.5,17,0
M035,PUMP,2025-01-28,62.9,2.394,4784.7,18,0
M035,PUMP,2025-01-29,57.49,2.377,4799.1,19,0
M035,PUMP,2025-01-30,68.29,2.173,4816.9,20,0
M035,PUMP,2025-01-31,61.76,2.388,4833.5,21,0
M035,PUMP,2025-02-01,63.28,2.92,4839.5,22,0
M035,PUMP,2025-02-02,59.49,2.362,4847.4,23,0
M035,PUMP,2025-02-03,60.7,2.348,4855.8,24,0
M035,PUMP,2025-02-04,58.99,2.221,4865.4,25,0
M035,PUMP,2025-02-05,59.86,2.457,4871.8,26,0
M035,PUMP,2025-02-06,57.99,2.503,4881.1,27,0
M035,PUMP,2025-02-07,60.16,2.847,4892.0,0,0
M035,PUMP,2025-02-08,58.87,2.415,4909.4,1,0
M035,PUMP,2025-02-09,63.05,2.38,4916.5,2,0
M035,PUMP,2025-02-10,62.02,1.883,4928.3,3,0
M035,PUMP,2025-02-11,58.44,2.426,4938.4,4,0
M035,PUMP,2025-02-12,59.01,2.462,4944.9,5,0
M035,PUMP,2025-02-13,64.38,2.594,4960.6,6,0
M035,PUMP,2025-02-14,60.69,2.608,4973.3,7,0
M035,PUMP,2025-02-15,57.51,1.777,4985.3,8,0
M035,PUMP,2025-02-16,61.59,2.126,4997.7,9,0
M035,PUMP,2025-02-17,58.84,1.965,5006.6,10,0
M035,PUMP,2025-02-18,60.28,2.413,5015.6,11,0
M035,PUMP,2025-02-19,68.14,2.903,5033.9,12,0
M035,PUMP,2025-02-20,62.43,2.301,5044.3,13,0
M035,PUMP,2025-02-21,56.56,2.281,5063.0,14,0
M035,PUMP,2025-02-22,63.83,2.215,5078.2,15,0
M035,PUMP,2025-02-23,58.38,2.475,5092.7,16,0
M035,PUMP,2025-02-24,56.08,2.128,5101.6,17,0
M035,PUMP,2025-02-25,57.88,2.486,5109.1,18,0
M035,PUMP,2025-02-26,61.67,2.626,5116.8,19,0
M035,PUMP,2025-02-27,56.4,2.743,5136.4,20,0
M035,PUMP,2025-02-28,61.31,1.791,5148.5,21,0
M035,PUMP,2025-03-01,63.95,2.436,5154.7,22,0
M035,PUMP,2025-03-02,58.19,2.311,5171.5,23,0
M035,PUMP,2025-03-03,57.93,2.279,5183.4,24,0
M035,PUMP,2025-03-04,60.89,2.829,5195.1,25,0
M035,PUMP,2025-03-05,59.26,2.114,5201.8,26,0
M035,PUMP,2025-03-06,57.01,2.769,5210.7,0,0
M035,PUMP,2025-03-07,53.23,2.702,5222.1,1,0
M035,PUMP,2025-03-08,59.05,2.971,5237.6,2,0
M035,PUMP,2025-03-09,57.89,2.505,5245.7,3,0
M035,PUMP,2025-03-10,57.84,2.525,5261.4,4,0
M035,PUMP,2025-03-11,62.97,2.587,5273.2,5,0
M035,PUMP,2025-03-12,65.47,2.476,5286.4,6,0
M035,PUMP,2025-03-13,61.56,2.501,5293.6,7,0
M035,PUMP,2025-03-14,61.85,2.912,5307.8,8,0
M035,PUMP,2025-03-15,58.35,2.241,5324.3,9,0
M035,PUMP,2025-03-16,60.8,2.48,5331.8,10,0
M035,PUMP,2025-03-17,53.25,2.0,5342.5,11,0
M035,PUMP,2025-03-18,60.71,2.616,5357.7,12,0
M035,PUMP,2025-03-19,62.24,2.768,5370.9,13,0
M035,PUMP,2025-03-20,62.33,2.568,5384.7,14,0
M035,PUMP,2025-03-21,64.4,2.145,5395.2,15,0
M035,PUMP,2025-03-22,57.64,2.318,5407.6,16,0
M035,PUMP,2025-03-23,57.49,2.79,5420.1,17,0
M035,PUMP,2025-03-24,57.32,2.194,5431.0,18,0
M035,PUMP,2025-03-25,63.54,2.36,5439.7,19,0
M035,PUMP,2025-03-26,63.99,3.016,5454.1,20,0
M035,PUMP,2025-03-27,56.98,3.179,5460.4,21,0
M035,PUMP,2025-03-28,58.34,2.617,5470.2,22,0
M035,PUMP,2025-03-29,58.56,2.59,5489.2,23,0
M035,PUMP,2025-03-30,55.48,2.408,5497.5,24,0
M035,PUMP,2025-03-31,55.54,2.672,5505.8,25,0
M035,PUMP,2025-04-01,62.53,1.868,5513.2,26,0
M035,PUMP,2025-04-02,62.6,1.817,5530.4,27,0
M035,PUMP,2025-04-03,57.43,2.532,5549.0,28,0
M035,PUMP,2025-04-04,58.08,2.7,5565.1,29,0
M035,PUMP,2025-04-05,52.83,2.64,5577.7,30,0
M035,PUMP,2025-04-06,60.45,2.737,5595.7,31,0
M035,PUMP,2025-04-07,61.58,2.484,5613.3,32,0
M035,PUMP,2025-04-08,62.95,2.181,5630.6,0,0
M035,PUMP,2025-04-09,65.63,2.231,5644.1,1,0
M035,PUMP,2025-04-10,56.49,2.504,5661.9,2,0
M035,PUMP,2025-04-11,67.06,2.295,5669.4,3,0
M035,PUMP,2025-04-12,64.33,2.764,5685.2,4,0
M035,PUMP,2025-04-13,57.19,2.794,5703.6,5,0
M035,PUMP,2025-04-14,56.56,2.629,5721.6,6,0
M035,PUMP,2025-04-15,61.65,2.308,5731.9,7,0
M035,PUMP,2025-04-16,61.44,2.166,5747.5,8,0
M035,PUMP,2025-04-17,56.53,2.378,5756.2,9,0
M035,PUMP,2025-04-18,57.57,2.716,5766.1,10,0
M035,PUMP,2025-04-19,60.42,2.652,5778.4,11,0
M035,PUMP,2025-04-20,55.69,2.332,5789.9,12,0
M035,PUMP,2025-04-21,56.33,2.038,5798.6,13,0
M035,PUMP,2025-04-22,59.68,2.651,5817.3,14,0
M035,PUMP,2025-04-23,60.06,2.002,5832.6,15,0
M035,PUMP,2025-04-24,54.34,2.746,5844.6,16,0
M035,PUMP,2025-04-25,59.03,2.471,5860.9,17,0
M035,PUMP,2025-04-26,56.57,2.609,5869.6,18,0
M035,PUMP,2025-04-27,58.78,2.482,5877.9,19,0
M035,PUMP,2025-04-28,59.81,2.99,5895.6,20,0
M035,PUMP,2025-04-29,59.51,2.094,5908.2,21,0
M035,PUMP,2025-04-30,62.01,1.824,5919.1,22,0
M035,PUMP,2025-05-01,53.99,2.855,5935.9,23,0
M035,PUMP,2025-05-02,63.26,2.174,5949.6,24,0
M035,PUMP,2025-05-03,63.19,2.706,5969.3,25,0
M035,PUMP,2025-05-04,55.55,2.555,5976.6,0,0
M035,PUMP,2025-05-05,61.97,2.357,5986.5,1,0
M035,PUMP,2025-05-06,62.23,2.313,6002.4,2,0
M035,PUMP,2025-05-07,60.8,2.262,6016.0,3,0
M035,PUMP,2025-05-08,59.14,2.109,6033.1,4,0
M035,PUMP,2025-05-09,60.52,2.343,6042.4,5,0
M035,PUMP,2025-05-10,61.76,2.54,6058.2,6,0
M035,PUMP,2025-05-11,64.76,2.87,6067.6,7,0
M035,PUMP,2025-05-12,64.22,2.98,6084.6,8,0
M035,PUMP,2025-05-13,61.77,3.016,6095.9,9,0
M035,PUMP,2025-05-14,55.57,2.358,6105.7,10,0
M035,PUMP,2025-05-15,61.63,1.977,6119.2,11,0
M035,PUMP,2025-05-16,63.38,2.228,6136.3,12,0
M035,PUMP,2025-05-17,58.86,2.541,6143.3,13,0
M035,PUMP,2025-05-18,60.19,2.369,6161.1,14,0
M035,PUMP,2025-05-19,61.48,1.87,6178.6,15,0
M035,PUMP,2025-05-20,55.63,2.648,6184.9,16,0
M035,PUMP,2025-05-21,61.59,2.361,6197.4,17,0
M035,PUMP,2025-05-22,63.4,2.153,6205.5,18,0
M035,PUMP,2025-05-23,61.65,2.804,6220.7,19,0
M035,PUMP,2025-05-24,66.1,2.0,6233.7,20,0
M035,PUMP,2025-05-25,58.9,2.173,6245.6,21,0
M035,PUMP,2025-05-26,59.8,2.621,6255.1,22,0
M035,PUMP,2025-05-27,63.93,2.821,6263.8,23,0
M035,PUMP,2025-05-28,60.19,1.874,6277.7,24,0
M035,PUMP,2025-05-29,63.69,2.25,6285.6,25,0
M035,PUMP,2025-05-30,58.51,2.322,6293.0,0,0
M035,PUMP,2025-05-31,57.08,3.247,6301.2,1,0
M035,PUMP,2025-06-01,61.98,2.602,6309.1,2,0
M035,PUMP,2025-06-02,55.52,2.289,6315.5,3,0
M035,PUMP,2025-06-03,59.26,2.242,6332.6,4,0
M035,PUMP,2025-06-04,59.1,2.293,6349.8,5,0
M035,PUMP,2025-06-05,58.28,3.041,6366.1,6,0
M035,PUMP,2025-06-06,60.25,2.392,6377.6,7,0
M035,PUMP,2025-06-07,60.89,2.712,6396.8,8,0
M035,PUMP,2025-06-08,64.61,2.198,6411.0,9,0
M035,PUMP,2025-06-09,64.13,2.869,6422.1,10,0
M035,PUMP,2025-06-10,57.8,2.996,6440.2,11,0
M035,PUMP,2025-06-11,61.74,3.236,6453.8,12,0
M035,PUMP,2025-06-12,57.74,2.036,6471.8,13,0
M035,PUMP,2025-06-13,60.07,3.206,6486.0,14,0
M035,PUMP,2025-06-14,56.12,2.586,6500.9,15,0
M035,PUMP,2025-06-15,58.41,2.89,6507.9,16,0
M035,PUMP,2025-06-16,56.36,2.228,6523.6,17,0
M035,PUMP,2025-06-17,60.72,2.865,6534.7,18,0
M035,PUMP,2025-06-18,55.81,2.911,6551.2,19,0
M035,PUMP,2025-06-19,59.3,2.522,6566.0,20,0
M035,PUMP,2025-06-20,57.83,2.84,6582.0,21,0
M035,PUMP,2025-06-21,63.46,2.457,6594.5,22,0
M035,PUMP,2025-06-22,56.5,2.793,6613.3,23,0
M035,PUMP,2025-06-23,56.72,2.652,6630.0,24,0
M035,PUMP,2025-06-24,56.49,2.856,6647.2,25,0
M035,PUMP,2025-06-25,65.16,2.223,6656.9,26,0
M035,PUMP,2025-06-26,55.96,2.833,6669.8,27,0
M035,PUMP,2025-06-27,60.75,2.555,6688.9,28,0
M035,PUMP,2025-06-28,56.55,2.477,6706.0,29,0
M035,PUMP,2025-06-29,62.28,2.648,6714.8,0,0
M036,CNC_MILL,2025-01-01,55.16,1.778,4932.4,14,0
M036,CNC_MILL,2025-01-02,61.19,1.693,4951.0,15,0
M036,CNC_MILL,2025-01-03,55.02,1.823,4957.8,16,0
M036,CNC_MILL,2025-01-04,50.36,1.6,4970.4,17,0
M036,CNC_MILL,2025-01-05,54.52,1.979,4984.2,18,0
M036,CNC_MILL,2025-01-06,60.24,1.596,5002.8,19,0
M036,CNC_MILL,2025-01-07,56.86,1.756,5015.8,20,0
M036,CNC_MILL,2025-01-08,51.74,1.995,5029.8,21,0
M036,CNC_MILL,2025-01-09,51.63,1.559,5042.3,22,0
M036,CNC_MILL,2025-01-10,54.48,1.707,5051.2,23,0
M036,CNC_MILL,2025-01-11,55.75,1.469,5066.0,24,0
M036,CNC_MILL,2025-01-12,52.51,1.443,5072.9,25,0
M036,CNC_MILL,2025-01-13,57.53,2.002,5084.7,26,0
M036,CNC_MILL,2025-01-14,60.23,2.16,5103.2,27,0
M036,CNC_MILL,2025-01-15,54.92,1.958,5122.1,0,0
M036,CNC_MILL,2025-01-16,54.17,1.829,5135.1,1,0
M036,CNC_MILL,2025-01-17,49.07,2.308,5153.6,2,0
M036,CNC_MILL,2025-01-18,56.34,2.018,5164.4,3,0
M036,CNC_MILL,2025-01-19,53.37,2.088,5179.2,4,0
M036,CNC_MILL,2025-01-20,54.0,2.085,5189.5,5,0
M036,CNC_MILL,2025-01-21,51.21,2.074,5209.4,6,0
M036,CNC_MILL,2025-01-22,55.98,2.017,5223.4,7,0
M036,CNC_MILL,2025-01-23,53.24,2.139,5239.2,8,0
M036,CNC_MILL,2025-01-24,52.12,2.43,5257.3,9,0
M036,CNC_MILL,2025-01-25,55.76,2.076,5269.9,10,0
M036,CNC_MILL,2025-01-26,50.74,2.046,5282.1,11,0
M036,CNC_MILL,2025-01-27,52.63,1.813,5292.5,12,0
M036,CNC_MILL,2025-01-28,59.9,1.322,5307.0,13,0
M036,CNC_MILL,2025-01-29,56.91,1.533,5317.0,14,0
M036,CNC_MILL,2025-01-30,52.51,2.129,5332.3,15,0
M036,CNC_MILL,2025-01-31,53.98,2.088,5349.3,16,0
M036,CNC_MILL,2025-02-01,54.43,2.468,5363.5,17,0
M036,CNC_MILL,2025-02-02,60.02,2.093,5380.6,18,0
M036,CNC_MILL,2025-02-03,55.48,1.694,5390.3,19,0
M036,CNC_MILL,2025-02-04,54.88,1.869,5397.3,20,0
M036,CNC_MILL,2025-02-05,55.24,2.101,5408.7,21,0
M036,CNC_MILL,2025-02-06,57.57,2.134,5428.2,22,0
M036,CNC_MILL,2025-02-07,53.04,2.445,5434.6,23,0
M036,CNC_MILL,2025-02-08,55.1,1.696,5447.9,24,0
M036,CNC_MILL,2025-02-09,57.07,1.612,5456.2,25,0
M036,CNC_MILL,2025-02-10,56.09,1.843,5471.9,26,0
M036,CNC_MILL,2025-02-11,56.0,2.031,5486.1,27,0
M036,CNC_MILL,2025-02-12,51.57,1.875,5502.2,28,0
M036,CNC_MILL,2025-02-13,53.6,1.877,5509.3,0,0
M036,CNC_MILL,2025-02-14,56.29,1.435,5524.0,1,0
M036,CNC_MILL,2025-02-15,59.89,1.803,5542.2,2,0
M036,CNC_MILL,2025-02-16,51.79,2.406,5561.9,3,0
M036,CNC_MILL,2025-02-17,56.97,1.797,5577.3,4,0
M036,CNC_MILL,2025-02-18,58.2,2.274,5589.7,5,0
M036,CNC_MILL,2025-02-19,55.71,1.937,5606.5,6,0
M036,CNC_MILL,2025-02-20,52.65,2.084,5613.1,7,0
M036,CNC_MILL,2025-02-21,54.58,2.394,5622.2,8,0
M036,CNC_MILL,2025-02-22,52.61,1.792,5638.5,9,0
M036,CNC_MILL,2025-02-23,53.0,2.498,5656.9,10,0
M036,CNC_MILL,2025-02-24,57.55,2.119,5670.0,11,0
M036,CNC_MILL,2025-02-25,57.72,2.262,5684.2,12,0
M036,CNC_MILL,2025-02-26,55.69,2.448,5693.8,13,0
M036,CNC_MILL,2025-02-27,55.4,1.795,5703.7,14,0
M036,CNC_MILL,2025-02-28,50.87,1.535,5722.1,15,0
M036,CNC_MILL,2025-03-01,57.3,2.648,5737.5,16,0
M036,CNC_MILL,2025-03-02,49.43,2.121,5752.7,17,0
M036,CNC_MILL,2025-03-03,53.13,1.971,5772.6,18,0
M036,CNC_MILL,2025-03-04,58.21,1.852,5783.4,19,0
M036,CNC_MILL,2025-03-05,57.22,2.302,5791.4,20,0
M036,CNC_MILL,2025-03-06,50.94,1.762,5800.6,21,0
M036,CNC_MILL,2025-03-07,52.19,1.757,5818.8,22,0
M036,CNC_MILL,2025-03-08,63.36,2.295,5829.4,23,0
M036,CNC_MILL,2025-03-09,61.84,1.936,5836.9,24,0
M036,CNC_MILL,2025-03-10,54.0,2.084,5846.9,25,0
M036,CNC_MILL,2025-03-11,56.74,1.482,5866.7,26,0
M036,CNC_MILL,2025-03-12,54.05,1.957,5877.9,27,0
M036,CNC_MILL,2025-03-13,51.54,2.21,5885.8,28,0
M036,CNC_MILL,2025-03-14,52.11,1.88,5894.0,29,0
M036,CNC_MILL,2025-03-15,53.95,2.073,5903.3,30,0
M036,CNC_MILL,2025-03-16,55.25,2.127,5919.3,31,0
M036,CNC_MILL,2025-03-17,53.38,1.916,5938.0,32,0
M036,CNC_MILL,2025-03-18,59.1,1.413,5951.9,33,0
M036,CNC_MILL,2025-03-19,57.51,2.469,5958.2,34,0
M036,CNC_MILL,2025-03-20,46.85,1.673,5971.4,0,0
M036,CNC_MILL,2025-03-21,50.21,1.978,5986.1,1,0
M036,CNC_MILL,2025-03-22,55.21,2.189,5998.5,2,0
M036,CNC_MILL,2025-03-23,53.57,2.352,6014.3,3,0
M036,CNC_MILL,2025-03-24,54.84,1.963,6024.2,4,0
M036,CNC_MILL,2025-03-25,49.4,2.146,6037.3,5,0
M036,CNC_MILL,2025-03-26,55.91,1.819,6043.4,6,0
M036,CNC_MILL,2025-03-27,56.7,2.243,6061.6,7,0
M036,CNC_MILL,2025-03-28,55.36,1.63,6081.2,8,0
M036,CNC_MILL,2025-03-29,52.1,1.388,6100.1,9,0
M036,CNC_MILL,2025-03-30,53.7,2.34,6106.2,10,0
M036,CNC_MILL,2025-03-31,59.56,2.219,6113.4,11,0
M036,CNC_MILL,2025-04-01,59.24,2.126,6126.4,12,0
M036,CNC_MILL,2025-04-02,50.55,1.719,6135.9,13,0
M036,CNC_MILL,2025-04-03,55.56,2.334,6147.3,14,0
M036,CNC_MILL,2025-04-04,55.33,2.863,6160.2,15,0
M036,CNC_MILL,2025-04-05,55.09,2.635,6170.8,16,0
M036,CNC_MILL,2025-04-06,52.55,2.156,6188.2,17,0
M036,CNC_MILL,2025-04-07,62.43,2.022,6201.1,18,0
M036,CNC_MILL,2025-04-08,54.61,1.897,6217.2,19,0
M036,CNC_MILL,2025-04-09,56.24,1.626,6226.0,20,0
M036,CNC_MILL,2025-04-10,56.25,2.028,6239.0,21,0
M036,CNC_MILL,2025-04-11,59.7,1.816,6248.7,22,0
M036,CNC_MILL,2025-04-12,61.18,2.056,6255.6,23,0
M036,CNC_MILL,2025-04-13,51.88,2.688,6274.7,24,0
M036,CNC_MILL,2025-04-14,52.88,2.591,6284.8,25,0
M036,CNC_MILL,2025-04-15,58.33,1.8,6294.9,26,0
M036,CNC_MILL,2025-04-16,57.85,2.432,6314.0,27,0
M036,CNC_MILL,2025-04-17,50.67,2.087,6326.3,28,0
M036,CNC_MILL,2025-04-18,50.08,1.902,6339.6,29,0
M036,CNC_MILL,2025-04-19,58.46,1.722,6349.2,0,0
M036,CNC_MILL,2025-04-20,54.6,1.823,6359.9,1,0
M036,CNC_MILL,2025-04-21,62.08,2.263,6372.5,2,0
M036,CNC_MILL,2025-04-22,55.45,1.937,6385.7,3,0
M036,CNC_MILL,2025-04-23,54.64,1.779,6402.1,4,0
M036,CNC_MILL,2025-04-24,57.39,1.934,6420.1,5,0
M036,CNC_MILL,2025-04-25,52.18,1.615,6438.1,6,0
M036,CNC_MILL,2025-04-26,53.51,2.35,6457.9,7,0
M036,CNC_MILL,2025-04-27,53.05,1.654,6466.7,8,0
M036,CNC_MILL,2025-04-28,59.66,2.116,6484.8,9,0
M036,CNC_MILL,2025-04-29,57.1,2.673,6498.7,10,0
M036,CNC_MILL,2025-04-30,55.56,2.101,6511.6,11,0
M036,CNC_MILL,2025-05-01,58.39,2.161,6530.9,12,0
M036,CNC_MILL,2025-05-02,56.42,2.042,6538.0,13,0
M036,CNC_MILL,2025-05-03,52.01,1.993,6550.5,14,0
M036,CNC_MILL,2025-05-04,48.59,1.895,6565.3,15,0
M036,CNC_MILL,2025-05-05,54.29,1.903,6573.7,16,0
M036,CNC_MILL,2025-05-06,50.52,1.714,6591.3,17,0
M036,CNC_MILL,2025-05-07,55.98,2.134,6598.5,18,0
M036,CNC_MILL,2025-05-08,57.7,1.632,6606.5,19,0
M036,CNC_MILL,2025-05-09,60.73,2.208,6614.1,20,0
M036,CNC_MILL,2025-05-10,54.58,2.137,6632.4,21,0
M036,CNC_MILL,2025-05-11,57.79,2.393,6640.8,22,0
M036,CNC_MILL,2025-05-12,58.6,2.031,6660.1,23,0
M036,CNC_MILL,2025-05-13,60.95,2.718,6677.9,24,0
M036,CNC_MILL,2025-05-14,51.67,2.199,6694.1,25,0
M036,CNC_MILL,2025-05-15,60.8,1.839,6703.8,26,0
M036,CNC_MILL,2025-05-16,52.23,1.929,6719.9,27,0
M036,CNC_MILL,2025-05-17,52.31,2.227,6739.3,28,0
M036,CNC_MILL,2025-05-18,55.86,2.133,6754.2,29,0
M036,CNC_MILL,2025-05-19,60.15,1.605,6772.5,30,0
M036,CNC_MILL,2025-05-20,54.58,2.413,6788.6,31,0
M036,CNC_MILL,2025-05-21,56.83,1.749,6801.5,32,0
M036,CNC_MILL,2025-05-22,56.62,1.294,6817.0,33,0
M036,CNC_MILL,2025-05-23,57.85,1.427,6835.7,0,0
M036,CNC_MILL,2025-05-24,53.01,1.823,6851.2,1,0
M036,CNC_MILL,2025-05-25,54.96,1.989,6868.5,2,0
M036,CNC_MILL,2025-05-26,57.53,2.283,6878.4,3,0
M036,CNC_MILL,2025-05-27,53.66,1.7,6898.1,4,0
M036,CNC_MILL,2025-05-28,58.35,2.423,6909.4,5,0
M036,CNC_MILL,2025-05-29,54.58,1.852,6922.2,6,0
M036,CNC_MILL,2025-05-30,56.1,1.948,6934.5,7,0
M036,CNC_MILL,2025-05-31,57.03,1.995,6953.8,8,0
M036,CNC_MILL,2025-06-01,52.38,2.305,6964.3,9,0
M036,CNC_MILL,2025-06-02,59.62,1.962,6981.1,10,0
M036,CNC_MILL,2025-06-03,51.45,1.732,6993.4,11,0
M036,CNC_MILL,2025-06-04,56.92,1.968,7006.4,12,0
M036,CNC_MILL,2025-06-05,57.91,1.728,7013.0,13,0
M036,CNC_MILL,2025-06-06,57.02,2.333,7020.4,14,0
M036,CNC_MILL,2025-06-07,54.35,1.898,7031.6,15,0
M036,CNC_MILL,2025-06-08,57.93,1.422,7049.9,16,0
M036,CNC_MILL,2025-06-09,51.74,2.12,7060.9,17,0
M036,CNC_MILL,2025-06-10,55.36,1.834,7074.3,18,0
M036,CNC_MILL,2025-06-11,53.73,1.702,7082.4,19,0
M036,CNC_MILL,2025-06-12,56.84,2.087,7101.9,20,0
M036,CNC_MILL,2025-06-13,52.94,1.723,7120.1,21,0
M036,CNC_MILL,2025-06-14,54.7,2.095,7136.4,22,0
M036,CNC_MILL,2025-06-15,53.88,2.134,7151.7,23,0
M036,CNC_MILL,2025-06-16,51.92,2.261,7161.7,24,0
M036,CNC_MILL,2025-06-17,58.03,2.224,7171.6,25,0
M036,CNC_MILL,2025-06-18,56.72,1.959,7187.1,26,0
M036,CNC_MILL,2025-06-19,53.12,1.67,7202.4,27,0
M036,CNC_MILL,2025-06-20,58.46,2.062,7208.6,28,0
M036,CNC_MILL,2025-06-21,52.92,2.147,7223.3,29,0
M036,CNC_MILL,2025-06-22,50.61,2.265,7231.5,30,0
M036,CNC_MILL,2025-06-23,56.25,1.779,7250.4,31,0
M036,CNC_MILL,2025-06-24,57.45,2.203,7258.8,32,0
M036,CNC_MILL,2025-06-25,51.59,1.215,7272.7,33,0
M036,CNC_MILL,2025-06-26,56.32,1.778,7279.2,0,0
M036,CNC_MILL,2025-06-27,53.4,1.973,7295.6,1,0
M036,CNC_MILL,2025-06-28,54.93,2.216,7307.9,2,0
M036,CNC_MILL,2025-06-29,54.7,2.198,7323.2,3,0
M037,CONVEYOR,2025-01-01,39.0,1.341,2931.9,15,0
M037,CONVEYOR,2025-01-02,39.08,1.001,2947.2,16,0
M037,CONVEYOR,2025-01-03,40.06,1.039,2954.4,17,0
M037,CONVEYOR,2025-01-04,40.25,1.016,2965.0,18,0
M037,CONVEYOR,2025-01-05,36.51,1.114,2978.3,19,0
M037,CONVEYOR,2025-01-06,41.78,1.38,2998.1,20,0
M037,CONVEYOR,2025-01-07,41.91,1.278,3012.2,21,0
M037,CONVEYOR,2025-01-08,38.77,1.225,3032.0,22,0
M037,CONVEYOR,2025-01-09,40.36,1.299,3046.1,23,0
M037,CONVEYOR,2025-01-10,37.02,1.069,3059.9,24,0
M037,CONVEYOR,2025-01-11,36.55,0.973,3073.8,25,0
M037,CONVEYOR,2025-01-12,39.31,1.28,3084.4,26,0
M037,CONVEYOR,2025-01-13,38.27,1.236,3098.4,27,0
M037,CONVEYOR,2025-01-14,42.46,0.922,3117.9,28,0
M037,CONVEYOR,2025-01-15,44.43,1.241,3124.7,29,0
M037,CONVEYOR,2025-01-16,38.13,1.475,3133.7,30,0
M037,CONVEYOR,2025-01-17,38.2,1.099,3141.7,0,0
M037,CONVEYOR,2025-01-18,39.16,1.437,3156.1,1,0
M037,CONVEYOR,2025-01-19,38.34,1.359,3175.1,2,0
M037,CONVEYOR,2025-01-20,39.68,1.105,3189.8,3,0
M037,CONVEYOR,2025-01-21,40.14,1.125,3205.6,4,0
M037,CONVEYOR,2025-01-22,38.18,1.058,3215.2,5,0
M037,CONVEYOR,2025-01-23,38.61,1.683,3225.9,6,0
M037,CONVEYOR,2025-01-24,38.53,0.931,3245.7,7,0
M037,CONVEYOR,2025-01-25,41.58,1.422,3257.4,8,0
M037,CONVEYOR,2025-01-26,39.14,1.111,3263.7,9,0
M037,CONVEYOR,2025-01-27,41.38,1.364,3272.2,10,0
M037,CONVEYOR,2025-01-28,43.0,1.111,3289.9,11,0
M037,CONVEYOR,2025-01-29,41.79,1.592,3300.3,12,0
M037,CONVEYOR,2025-01-30,37.67,1.098,3315.7,13,0
M037,CONVEYOR,2025-01-31,39.15,1.362,3321.7,14,0
M037,CONVEYOR,2025-02-01,37.98,1.336,3340.8,15,0
M037,CONVEYOR,2025-02-02,35.32,0.916,3356.5,16,0
M037,CONVEYOR,2025-02-03,37.11,1.431,3368.4,17,0
M037,CONVEYOR,2025-02-04,44.3,1.286,3378.2,18,0
M037,CONVEYOR,2025-02-05,39.15,1.027,3386.5,19,0
M037,CONVEYOR,2025-02-06,36.51,1.342,3402.9,20,0
M037,CONVEYOR,2025-02-07,39.26,1.229,3421.8,21,0
M037,CONVEYOR,2025-02-08,39.26,1.105,3436.8,22,0
M037,CONVEYOR,2025-02-09,40.2,1.303,3448.3,23,0
M037,CONVEYOR,2025-02-10,36.78,1.231,3457.2,24,0
M037,CONVEYOR,2025-02-11,40.17,1.157,3472.7,25,0
M037,CONVEYOR,2025-02-12,37.52,1.312,3487.2,26,0
M037,CONVEYOR,2025-02-13,40.99,0.978,3498.0,27,0
M037,CONVEYOR,2025-02-14,47.21,1.208,3512.9,28,0
M037,CONVEYOR,2025-02-15,36.46,1.159,3531.1,29,0
M037,CONVEYOR,2025-02-16,40.64,1.513,3540.6,30,0
M037,CONVEYOR,2025-02-17,37.87,0.955,3553.7,31,0
M037,CONVEYOR,2025-02-18,39.5,1.48,3564.3,32,0
M037,CONVEYOR,2025-02-19,42.63,1.307,3571.3,0,0
M037,CONVEYOR,2025-02-20,37.7,0.956,3584.3,1,0
M037,CONVEYOR,2025-02-21,40.2,1.648,3603.7,2,0
M037,CONVEYOR,2025-02-22,43.31,1.423,3612.7,3,0
M037,CONVEYOR,2025-02-23,39.48,1.099,3632.5,4,0
M037,CONVEYOR,2025-02-24,40.31,1.069,3652.5,5,0
M037,CONVEYOR,2025-02-25,40.71,1.512,3661.7,6,0
M037,CONVEYOR,2025-02-26,39.32,1.058,3668.9,7,0
M037,CONVEYOR,2025-02-27,43.59,0.934,3684.9,8,0
M037,CONVEYOR,2025-02-28,39.11,1.233,3691.3,9,0
M037,CONVEYOR,2025-03-01,39.11,1.231,3697.6,10,0
M037,CONVEYOR,2025-03-02,43.05,1.511,3707.3,11,0
M037,CONVEYOR,2025-03-03,40.56,1.175,3714.6,12,0
M037,CONVEYOR,2025-03-04,41.43,1.358,3724.2,13,0
M037,CONVEYOR,2025-03-05,39.85,1.296,3738.6,14,0
M037,CONVEYOR,2025-03-06,39.79,0.987,3754.9,15,0
M037,CONVEYOR,2025-03-07,39.4,1.16,3767.6,16,0
M037,CONVEYOR,2025-03-08,40.1,1.108,3783.1,17,0
M037,CONVEYOR,2025-03-09,38.16,1.323,3796.2,18,0
M037,CONVEYOR,2025-03-10,40.01,1.334,3808.8,19,0
M037,CONVEYOR,2025-03-11,39.19,0.871,3823.8,20,0
M037,CONVEYOR,2025-03-12,43.96,0.805,3834.6,21,0
M037,CONVEYOR,2025-03-13,42.93,1.152,3841.9,22,0
M037,CONVEYOR,2025-03-14,36.77,1.248,3853.3,23,0
M037,CONVEYOR,2025-03-15,38.19,1.208,3861.6,24,0
M037,CONVEYOR,2025-03-16,38.26,1.308,3874.3,25,0
M037,CONVEYOR,2025-03-17,46.33,1.067,3880.7,26,0
M037,CONVEYOR,2025-03-18,39.12,1.288,3897.4,27,0
M037,CONVEYOR,2025-03-19,36.71,1.127,3905.6,28,0
M037,CONVEYOR,2025-03-20,38.71,1.466,3913.8,0,0
M037,CONVEYOR,2025-03-21,40.01,1.308,3923.6,1,0
M037,CONVEYOR,2025-03-22,40.71,1.579,3938.1,2,0
M037,CONVEYOR,2025-03-23,42.95,1.402,3952.1,3,0
M037,CONVEYOR,2025-03-24,37.89,1.268,3963.9,4,0
M037,CONVEYOR,2025-03-25,39.2,0.986,3982.5,5,0
M037,CONVEYOR,2025-03-26,41.45,1.332,3998.9,6,0
M037,CONVEYOR,2025-03-27,37.83,1.243,4008.7,7,0
M037,CONVEYOR,2025-03-28,38.9,1.068,4023.9,8,0
M037,CONVEYOR,2025-03-29,37.09,1.426,4037.6,9,0
M037,CONVEYOR,2025-03-30,40.63,1.18,4043.7,10,0
M037,CONVEYOR,2025-03-31,42.07,1.269,4051.4,11,0
M037,CONVEYOR,2025-04-01,42.05,1.394,4060.4,12,0
M037,CONVEYOR,2025-04-02,40.27,1.388,4079.5,13,0
M037,CONVEYOR,2025-04-03,40.74,1.16,4088.8,14,0
M037,CONVEYOR,2025-04-04,37.82,1.493,4097.4,15,0
M037,CONVEYOR,2025-04-05,41.83,0.86,4116.3,16,0
M037,CONVEYOR,2025-04-06,38.68,1.148,4135.1,17,0
M037,CONVEYOR,2025-04-07,37.72,1.083,4153.6,18,0
M037,CONVEYOR,2025-04-08,41.68,1.312,4170.3,19,0
M037,CONVEYOR,2025-04-09,39.93,1.615,4184.3,20,0
M037,CONVEYOR,2025-04-10,39.25,0.971,4201.8,21,0
M037,CONVEYOR,2025-04-11,39.99,1.424,4212.9,22,0
M037,CONVEYOR,2025-04-12,41.69,1.107,4226.0,23,0
M037,CONVEYOR,2025-04-13,38.02,1.074,4243.3,24,0
M037,CONVEYOR,2025-04-14,42.47,0.918,4252.7,25,0
M037,CONVEYOR,2025-04-15,34.68,1.259,4272.6,26,0
M037,CONVEYOR,2025-04-16,42.15,1.435,4285.2,27,0
M037,CONVEYOR,2025-04-17,37.53,1.023,4303.2,28,0
M037,CONVEYOR,2025-04-18,41.62,1.204,4321.3,29,0
M037,CONVEYOR,2025-04-19,43.86,1.189,4327.4,30,0
M037,CONVEYOR,2025-04-20,37.01,1.244,4344.0,31,0
M037,CONVEYOR,2025-04-21,39.71,1.239,4352.7,32,0
M037,CONVEYOR,2025-04-22,38.67,1.168,4369.3,33,0
M037,CONVEYOR,2025-04-23,41.79,1.107,4382.8,0,0
M037,CONVEYOR,2025-04-24,38.35,1.049,4400.9,1,0
M037,CONVEYOR,2025-04-25,43.1,1.249,4412.4,2,0
M037,CONVEYOR,2025-04-26,39.92,0.972,4425.1,3,0
M037,CONVEYOR,2025-04-27,39.68,1.069,4442.8,4,0
M037,CONVEYOR,2025-04-28,40.98,1.097,4456.9,5,0
M037,CONVEYOR,2025-04-29,39.69,1.204,4476.7,6,0
M037,CONVEYOR,2025-04-30,40.65,1.305,4489.5,7,0
M037,CONVEYOR,2025-05-01,44.03,1.095,4499.6,8,0
M037,CONVEYOR,2025-05-02,37.99,1.039,4510.2,9,0
M037,CONVEYOR,2025-05-03,40.53,0.838,4526.6,10,0
M037,CONVEYOR,2025-05-04,39.53,1.365,4544.7,11,0
M037,CONVEYOR,2025-05-05,36.77,1.344,4556.7,12,0
M037,CONVEYOR,2025-05-06,38.18,1.27,4574.2,13,0
M037,CONVEYOR,2025-05-07,37.02,1.2,4589.1,14,0
M037,CONVEYOR,2025-05-08,42.94,1.026,4606.8,15,0
M037,CONVEYOR,2025-05-09,36.65,1.269,4619.4,16,0
M037,CONVEYOR,2025-05-10,39.66,1.252,4626.8,17,0
M037,CONVEYOR,2025-05-11,39.51,1.045,4638.7,18,0
M037,CONVEYOR,2025-05-12,38.09,1.136,4653.2,19,0
M037,CONVEYOR,2025-05-13,36.72,1.177,4667.9,20,0
M037,CONVEYOR,2025-05-14,41.75,1.28,4687.6,21,0
M037,CONVEYOR,2025-05-15,40.93,1.338,4706.0,22,0
M037,CONVEYOR,2025-05-16,39.88,1.354,4713.9,23,0
M037,CONVEYOR,2025-05-17,42.71,1.583,4727.9,24,0
M037,CONVEYOR,2025-05-18,37.73,1.027,4738.7,25,0
M037,CONVEYOR,2025-05-19,37.35,1.335,4745.4,26,0
M037,CONVEYOR,2025-05-20,41.84,1.441,4756.6,27,0
M037,CONVEYOR,2025-05-21,40.16,1.171,4767.9,28,0
M037,CONVEYOR,2025-05-22,36.38,1.458,4775.3,29,0
M037,CONVEYOR,2025-05-23,40.01,1.223,4794.4,30,0
M037,CONVEYOR,2025-05-24,38.92,1.221,4803.7,31,0
M037,CONVEYOR,2025-05-25,37.96,1.037,4823.6,0,0
M037,CONVEYOR,2025-05-26,43.59,1.13,4832.7,1,0
M037,CONVEYOR,2025-05-27,40.86,1.172,4848.5,2,0
M037,CONVEYOR,2025-05-28,34.58,0.998,4867.7,3,0
M037,CONVEYOR,2025-05-29,35.4,1.169,4879.5,4,0
M037,CONVEYOR,2025-05-30,41.26,1.534,4895.5,5,0
M037,CONVEYOR,2025-05-31,39.72,1.068,4913.3,6,0
M037,CONVEYOR,2025-06-01,39.3,0.908,4933.0,7,0
M037,CONVEYOR,2025-06-02,40.6,1.264,4951.5,8,0
M037,CONVEYOR,2025-06-03,39.25,1.215,4958.7,9,0
M037,CONVEYOR,2025-06-04,38.17,0.946,4967.8,10,0
M037,CONVEYOR,2025-06-05,41.68,1.145,4982.4,11,0
M037,CONVEYOR,2025-06-06,38.23,1.212,4994.9,12,0
M037,CONVEYOR,2025-06-07,41.15,1.456,5004.4,13,0
M037,CONVEYOR,2025-06-08,36.88,1.021,5012.3,14,0
M037,CONVEYOR,2025-06-09,37.07,1.39,5030.3,15,0
M037,CONVEYOR,2025-06-10,40.28,0.87,5036.7,16,0
M037,CONVEYOR,2025-06-11,37.45,1.258,5046.3,17,0
M037,CONVEYOR,2025-06-12,39.09,1.56,5056.6,18,0
M037,CONVEYOR,2025-06-13,40.12,1.064,5067.8,19,0
M037,CONVEYOR,2025-06-14,40.56,1.373,5087.5,20,0
M037,CONVEYOR,2025-06-15,40.51,1.171,5106.5,21,0
M037,CONVEYOR,2025-06-16,40.8,1.236,5117.8,22,0
M037,CONVEYOR,2025-06-17,40.23,1.433,5129.7,23,0
M037,CONVEYOR,2025-06-18,41.07,1.305,5137.3,24,0
M037,CONVEYOR,2025-06-19,41.19,1.207,5150.1,25,0
M037,CONVEYOR,2025-06-20,41.39,1.203,5161.7,26,0
M037,CONVEYOR,2025-06-21,40.54,1.019,5173.2,27,0
M037,CONVEYOR,2025-06-22,37.82,1.226,5179.3,28,0
M037,CONVEYOR,2025-06-23,43.1,1.354,5196.9,29,0
M037,CONVEYOR,2025-06-24,41.91,1.231,5208.2,30,0
M037,CONVEYOR,2025-06-25,37.12,1.149,5218.3,31,0
M037,CONVEYOR,2025-06-26,39.46,1.298,5226.1,0,0
M037,CONVEYOR,2025-06-27,41.58,1.229,5240.2,1,0
M037,CONVEYOR,2025-06-28,42.49,1.3,5251.0,2,0
M037,CONVEYOR,2025-06-29,39.12,1.167,5261.5,3,0
M038,PRESS,2025-01-01,64.09,3.044,3419.9,20,0
M038,PRESS,2025-01-02,67.04,3.142,3429.8,21,0
M038,PRESS,2025-01-03,63.21,2.889,3440.3,22,0
M038,PRESS,2025-01-04,64.64,2.001,3448.7,23,0
M038,PRESS,2025-01-05,63.53,2.85,3457.4,24,0
M038,PRESS,2025-01-06,75.82,3.554,3468.4,25,0
M038,PRESS,2025-01-07,56.88,2.864,3478.1,26,0
M038,PRESS,2025-01-08,65.63,3.321,3495.2,27,0
M038,PRESS,2025-01-09,67.37,2.621,3506.9,28,0
M038,PRESS,2025-01-10,61.4,3.244,3520.8,29,0
M038,PRESS,2025-01-11,70.04,3.671,3537.2,30,0
M038,PRESS,2025-01-12,65.4,3.086,3555.4,31,0
M038,PRESS,2025-01-13,69.21,3.397,3571.4,32,0
M038,PRESS,2025-01-14,62.23,3.183,3589.4,33,0
M038,PRESS,2025-01-15,68.71,2.961,3604.5,0,0
M038,PRESS,2025-01-16,65.33,2.355,3621.0,1,0
M038,PRESS,2025-01-17,62.0,3.846,3635.6,2,0
M038,PRESS,2025-01-18,65.7,3.149,3645.4,3,0
M038,PRESS,2025-01-19,62.25,2.925,3661.8,4,0
M038,PRESS,2025-01-20,72.61,2.995,3678.6,5,0
M038,PRESS,2025-01-21,72.18,3.309,3693.9,6,0
M038,PRESS,2025-01-22,59.79,2.537,3707.9,7,0
M038,PRESS,2025-01-23,66.07,3.515,3725.7,8,0
M038,PRESS,2025-01-24,65.4,3.417,3732.3,9,0
M038,PRESS,2025-01-25,58.92,3.038,3749.0,10,0
M038,PRESS,2025-01-26,64.72,2.186,3756.8,11,0
M038,PRESS,2025-01-27,60.97,2.761,3769.5,12,0
M038,PRESS,2025-01-28,64.56,2.975,3777.2,13,0
M038,PRESS,2025-01-29,74.04,2.823,3793.0,14,0
M038,PRESS,2025-01-30,70.6,2.792,3811.1,15,0
M038,PRESS,2025-01-31,76.48,3.713,3828.7,16,0
M038,PRESS,2025-02-01,60.22,3.053,3846.1,17,0
M038,PRESS,2025-02-02,68.36,3.484,3861.1,18,0
M038,PRESS,2025-02-03,55.23,2.763,3877.2,19,0
M038,PRESS,2025-02-04,60.07,2.981,3894.8,20,0
M038,PRESS,2025-02-05,62.72,2.045,3906.7,21,0
M038,PRESS,2025-02-06,63.78,3.288,3920.8,22,0
M038,PRESS,2025-02-07,59.09,2.796,3931.1,23,0
M038,PRESS,2025-02-08,65.96,2.763,3943.7,24,0
M038,PRESS,2025-02-09,60.92,3.429,3962.6,25,0
M038,PRESS,2025-02-10,65.58,2.259,3977.9,26,0
M038,PRESS,2025-02-11,66.0,2.625,3997.7,27,0
M038,PRESS,2025-02-12,58.25,3.314,4013.1,28,0
M038,PRESS,2025-02-13,69.33,2.587,4022.7,0,0
M038,PRESS,2025-02-14,64.07,3.43,4033.5,1,0
M038,PRESS,2025-02-15,65.47,2.375,4045.2,2,0
M038,PRESS,2025-02-16,59.78,2.342,4052.8,3,0
M038,PRESS,2025-02-17,64.37,3.577,4070.0,4,0
M038,PRESS,2025-02-18,62.31,2.675,4078.6,5,0
M038,PRESS,2025-02-19,69.81,3.202,4094.8,6,0
M038,PRESS,2025-02-20,71.37,2.471,4114.1,7,0
M038,PRESS,2025-02-21,71.91,3.12,4127.8,8,0
M038,PRESS,2025-02-22,61.8,2.249,4140.9,9,0
M038,PRESS,2025-02-23,61.56,3.609,4152.2,10,0
M038,PRESS,2025-02-24,63.27,3.227,4162.7,11,0
M038,PRESS,2025-02-25,64.06,2.774,4174.9,12,0
M038,PRESS,2025-02-26,67.06,2.663,4182.9,13,0
M038,PRESS,2025-02-27,66.01,3.639,4193.5,14,0
M038,PRESS,2025-02-28,62.84,2.33,4202.0,15,0
M038,PRESS,2025-03-01,63.95,3.465,4218.3,16,0
M038,PRESS,2025-03-02,66.79,2.207,4232.6,17,0
M038,PRESS,2025-03-03,67.65,3.851,4245.2,18,0
M038,PRESS,2025-03-04,70.82,2.076,4263.7,19,0
M038,PRESS,2025-03-05,62.96,3.049,4279.8,20,0
M038,PRESS,2025-03-06,63.39,3.027,4299.8,21,0
M038,PRESS,2025-03-07,55.16,3.176,4313.7,22,0
M038,PRESS,2025-03-08,62.44,3.339,4323.3,23,0
M038,PRESS,2025-03-09,64.38,2.656,4332.6,24,0
M038,PRESS,2025-03-10,54.72,2.85,4339.9,25,0
M038,PRESS,2025-03-11,67.97,2.672,4346.8,26,0
M038,PRESS,2025-03-12,69.55,3.57,4365.7,27,0
M038,PRESS,2025-03-13,59.88,2.847,4380.9,28,0
M038,PRESS,2025-03-14,64.06,2.924,4400.2,29,0
M038,PRESS,2025-03-15,58.14,3.478,4415.5,30,0
M038,PRESS,2025-03-16,62.05,3.09,4426.2,31,0
M038,PRESS,2025-03-17,73.32,3.037,4433.8,0,0
M038,PRESS,2025-03-18,59.9,2.683,4442.9,1,0
M038,PRESS,2025-03-19,61.89,3.467,4453.0,2,0
M038,PRESS,2025-03-20,59.86,2.455,4462.7,3,0
M038,PRESS,2025-03-21,64.47,2.858,4472.7,4,0
M038,PRESS,2025-03-22,71.98,2.989,4492.3,5,0
M038,PRESS,2025-03-23,60.22,2.793,4502.3,6,0
M038,PRESS,2025-03-24,60.87,2.086,4518.1,7,0
M038,PRESS,2025-03-25,64.19,3.47,4530.9,8,0
M038,PRESS,2025-03-26,61.21,2.879,4548.3,9,0
M038,PRESS,2025-03-27,73.2,3.128,4556.5,10,0
M038,PRESS,2025-03-28,70.03,3.003,4563.6,11,0
M038,PRESS,2025-03-29,71.96,3.431,4583.2,12,0
M038,PRESS,2025-03-30,65.3,2.85,4593.1,13,0
M038,PRESS,2025-03-31,63.48,3.434,4608.9,14,0
M038,PRESS,2025-04-01,69.39,3.663,4615.3,15,0
M038,PRESS,2025-04-02,61.96,2.515,4631.2,16,0
M038,PRESS,2025-04-03,63.6,2.578,4637.8,17,0
M038,PRESS,2025-04-04,80.61,3.923,4656.8,18,0
M038,PRESS,2025-04-05,69.6,3.252,4672.6,19,0
M038,PRESS,2025-04-06,69.29,3.089,4686.3,20,0
M038,PRESS,2025-04-07,72.17,3.14,4701.4,21,0
M038,PRESS,2025-04-08,63.72,3.558,4707.7,22,0
M038,PRESS,2025-04-09,64.4,2.464,4722.7,23,0
M038,PRESS,2025-04-10,66.19,3.076,4737.1,24,0
M038,PRESS,2025-04-11,72.52,2.533,4755.4,25,0
M038,PRESS,2025-04-12,68.22,2.849,4766.4,26,0
M038,PRESS,2025-04-13,72.65,3.004,4772.9,27,0
M038,PRESS,2025-04-14,72.17,3.898,4784.1,28,0
M038,PRESS,2025-04-15,71.73,2.876,4792.3,0,0
M038,PRESS,2025-04-16,69.19,2.562,4809.8,1,0
M038,PRESS,2025-04-17,59.99,3.435,4822.0,2,0
M038,PRESS,2025-04-18,63.39,3.621,4833.1,3,0
M038,PRESS,2025-04-19,54.24,2.891,4852.0,4,0
M038,PRESS,2025-04-20,67.11,2.982,4868.3,5,0
M038,PRESS,2025-04-21,63.25,2.691,4883.0,6,0
M038,PRESS,2025-04-22,62.49,2.652,4900.9,7,0
M038,PRESS,2025-04-23,66.01,2.976,4910.3,8,0
M038,PRESS,2025-04-24,69.81,3.11,4919.3,9,0
M038,PRESS,2025-04-25,64.32,2.112,4936.4,10,0
M038,PRESS,2025-04-26,64.14,3.204,4944.9,11,0
M038,PRESS,2025-04-27,67.74,3.31,4960.9,12,0
M038,PRESS,2025-04-28,73.8,3.011,4980.3,13,0
M038,PRESS,2025-04-29,67.97,2.791,4997.9,14,0
M038,PRESS,2025-04-30,65.43,3.236,5005.3,15,0
M038,PRESS,2025-05-01,65.9,2.931,5020.8,16,0
M038,PRESS,2025-05-02,57.65,2.364,5031.1,17,0
M038,PRESS,2025-05-03,66.27,2.561,5046.3,18,0
M038,PRESS,2025-05-04,72.47,2.663,5057.7,19,0
M038,PRESS,2025-05-05,63.95,3.042,5074.6,20,0
M038,PRESS,2025-05-06,63.31,3.063,5089.8,21,0
M038,PRESS,2025-05-07,70.04,3.508,5105.7,22,0
M038,PRESS,2025-05-08,63.71,3.564,5117.8,23,0
M038,PRESS,2025-05-09,64.66,2.739,5127.3,24,0
M038,PRESS,2025-05-10,65.58,3.314,5143.5,25,0
M038,PRESS,2025-05-11,62.72,2.246,5158.9,26,0
M038,PRESS,2025-05-12,66.39,3.158,5174.7,27,0
M038,PRESS,2025-05-13,67.74,2.693,5182.6,0,0
M038,PRESS,2025-05-14,59.75,3.224,5192.0,1,0
M038,PRESS,2025-05-15,68.13,2.761,5205.2,2,0
M038,PRESS,2025-05-16,72.97,2.866,5219.2,3,0
M038,PRESS,2025-05-17,61.07,3.969,5232.8,4,0
M038,PRESS,2025-05-18,63.89,2.91,5249.0,5,0
M038,PRESS,2025-05-19,65.78,3.025,5257.5,6,0
M038,PRESS,2025-05-20,68.75,3.569,5271.4,7,0
M038,PRESS,2025-05-21,64.41,2.657,5285.0,8,0
M038,PRESS,2025-05-22,69.78,3.035,5299.9,9,0
M038,PRESS,2025-05-23,71.08,3.014,5315.7,10,0
M038,PRESS,2025-05-24,73.61,3.354,5325.6,11,0
M038,PRESS,2025-05-25,64.5,3.209,5345.0,12,0
M038,PRESS,2025-05-26,65.72,3.208,5353.2,13,0
M038,PRESS,2025-05-27,69.3,3.049,5364.1,14,0
M038,PRESS,2025-05-28,63.14,3.288,5382.0,15,0
M038,PRESS,2025-05-29,65.3,2.783,5389.7,16,0
M038,PRESS,2025-05-30,63.9,3.098,5400.7,17,0
M038,PRESS,2025-05-31,73.01,3.333,5411.1,18,0
M038,PRESS,2025-06-01,61.09,2.959,5431.1,19,0
M038,PRESS,2025-06-02,67.3,3.196,5451.0,20,0
M038,PRESS,2025-06-03,70.75,3.208,5465.5,21,0
M038,PRESS,2025-06-04,67.37,2.764,5472.0,22,0
M038,PRESS,2025-06-05,69.62,2.923,5480.7,23,0
M038,PRESS,2025-06-06,60.83,3.064,5495.0,24,0
M038,PRESS,2025-06-07,70.03,3.236,5506.5,25,0
M038,PRESS,2025-06-08,66.15,3.28,5525.4,26,0
M038,PRESS,2025-06-09,63.26,2.917,5538.1,27,0
M038,PRESS,2025-06-10,60.68,3.546,5554.2,28,0
M038,PRESS,2025-06-11,69.82,2.756,5569.2,29,0
M038,PRESS,2025-06-12,69.67,3.289,5583.5,30,0
M038,PRESS,2025-06-13,61.32,3.495,5590.4,0,0
M038,PRESS,2025-06-14,63.11,3.088,5604.6,1,0
M038,PRESS,2025-06-15,60.01,2.818,5618.8,2,0
M038,PRESS,2025-06-16,65.18,2.636,5631.0,3,0
M038,PRESS,2025-06-17,61.29,3.132,5640.3,4,0
M038,PRESS,2025-06-18,64.41,3.441,5653.3,5,0
M038,PRESS,2025-06-19,68.52,2.968,5665.3,6,0
M038,PRESS,2025-06-20,60.17,2.734,5681.7,7,0
M038,PRESS,2025-06-21,72.53,2.783,5691.1,8,0
M038,PRESS,2025-06-22,57.45,3.225,5708.0,9,0
M038,PRESS,2025-06-23,65.82,3.428,5723.0,10,0
M038,PRESS,2025-06-24,61.09,3.051,5740.4,11,0
M038,PRESS,2025-06-25,63.11,3.196,5750.2,12,0
M038,PRESS,2025-06-26,63.59,3.173,5757.1,13,0
M038,PRESS,2025-06-27,70.66,3.031,5768.7,14,0
M038,PRESS,2025-06-28,65.21,2.847,5775.2,15,0
M038,PRESS,2025-06-29,67.16,2.722,5789.4,16,0
M039,ROBOT_ARM,2025-01-01,48.92,1.406,1260.0,18,0
M039,ROBOT_ARM,2025-01-02,51.2,1.672,1272.2,19,0
M039,ROBOT_ARM,2025-01-03,49.7,1.948,1281.2,20,0
M039,ROBOT_ARM,2025-01-04,50.69,1.694,1298.6,21,0
M039,ROBOT_ARM,2025-01-05,43.32,1.43,1318.2,22,0
M039,ROBOT_ARM,2025-01-06,48.45,1.847,1335.7,23,0
M039,ROBOT_ARM,2025-01-07,47.36,1.568,1346.7,24,0
M039,ROBOT_ARM,2025-01-08,49.26,1.165,1362.5,25,0
M039,ROBOT_ARM,2025-01-09,45.47,1.678,1375.8,26,0
M039,ROBOT_ARM,2025-01-10,48.07,1.678,1395.4,27,0
M039,ROBOT_ARM,2025-01-11,50.0,1.702,1410.6,28,0
M039,ROBOT_ARM,2025-01-12,49.18,1.72,1417.0,29,0
M039,ROBOT_ARM,2025-01-13,45.77,1.856,1427.6,30,0
M039,ROBOT_ARM,2025-01-14,49.56,1.528,1441.1,31,0
M039,ROBOT_ARM,2025-01-15,48.62,1.866,1451.6,32,0
M039,ROBOT_ARM,2025-01-16,48.65,1.532,1467.2,0,0
M039,ROBOT_ARM,2025-01-17,48.57,1.425,1482.0,1,0
M039,ROBOT_ARM,2025-01-18,47.45,1.669,1497.9,2,0
M039,ROBOT_ARM,2025-01-19,52.79,1.364,1508.0,3,0
M039,ROBOT_ARM,2025-01-20,46.76,1.831,1520.7,4,0
M039,ROBOT_ARM,2025-01-21,52.78,1.24,1528.2,5,0
M039,ROBOT_ARM,2025-01-22,48.88,1.137,1535.4,6,0
M039,ROBOT_ARM,2025-01-23,45.19,1.327,1548.9,7,0
M039,ROBOT_ARM,2025-01-24,44.37,1.218,1555.4,8,0
M039,ROBOT_ARM,2025-01-25,46.29,1.532,1567.0,9,0
M039,ROBOT_ARM,2025-01-26,46.99,1.183,1579.5,10,0
M039,ROBOT_ARM,2025-01-27,46.87,1.454,1592.5,11,0
M039,ROBOT_ARM,2025-01-28,42.45,1.612,1603.5,12,0
M039,ROBOT_ARM,2025-01-29,49.38,1.924,1620.7,13,0
M039,ROBOT_ARM,2025-01-30,49.2,1.073,1635.3,14,0
M039,ROBOT_ARM,2025-01-31,47.82,1.389,1649.7,15,0
M039,ROBOT_ARM,2025-02-01,46.88,1.66,1662.8,16,0
M039,ROBOT_ARM,2025-02-02,48.34,1.693,1670.8,17,0
M039,ROBOT_ARM,2025-02-03,50.27,1.735,1687.2,18,0
M039,ROBOT_ARM,2025-02-04,48.36,1.622,1703.3,19,0
M039,ROBOT_ARM,2025-02-05,45.88,1.486,1713.2,20,0
M039,ROBOT_ARM,2025-02-06,48.92,1.702,1727.0,21,0
M039,ROBOT_ARM,2025-02-07,51.75,1.684,1740.8,22,0
M039,ROBOT_ARM,2025-02-08,49.23,1.457,1748.7,23,0
M039,ROBOT_ARM,2025-02-09,50.41,1.724,1768.5,24,0
M039,ROBOT_ARM,2025-02-10,44.59,1.422,1779.2,25,0
M039,ROBOT_ARM,2025-02-11,43.51,1.489,1797.9,26,0
M039,ROBOT_ARM,2025-02-12,49.94,1.538,1813.2,27,0
M039,ROBOT_ARM,2025-02-13,51.37,1.606,1826.2,28,0
M039,ROBOT_ARM,2025-02-14,51.23,1.804,1838.7,29,0
M039,ROBOT_ARM,2025-02-15,50.08,1.099,1851.6,30,0
M039,ROBOT_ARM,2025-02-16,53.72,0.945,1866.5,31,0
M039,ROBOT_ARM,2025-02-17,50.44,1.581,1880.3,32,0
M039,ROBOT_ARM,2025-02-18,48.46,1.451,1891.2,33,0
M039,ROBOT_ARM,2025-02-19,47.05,1.234,1906.5,34,0
M039,ROBOT_ARM,2025-02-20,51.22,1.657,1922.2,0,0
M039,ROBOT_ARM,2025-02-21,39.99,1.775,1935.8,1,0
M039,ROBOT_ARM,2025-02-22,46.48,1.112,1944.5,2,0
M039,ROBOT_ARM,2025-02-23,50.39,1.78,1963.8,3,0
M039,ROBOT_ARM,2025-02-24,48.64,1.406,1969.9,4,0
M039,ROBOT_ARM,2025-02-25,46.04,1.529,1986.8,5,0
M039,ROBOT_ARM,2025-02-26,45.93,1.773,1994.7,6,0
M039,ROBOT_ARM,2025-02-27,50.79,1.472,2004.9,7,0
M039,ROBOT_ARM,2025-02-28,43.88,1.612,2014.0,8,0
M039,ROBOT_ARM,2025-03-01,46.63,1.585,2026.1,9,0
M039,ROBOT_ARM,2025-03-02,46.12,1.467,2042.0,10,0
M039,ROBOT_ARM,2025-03-03,45.25,1.307,2052.2,11,0
M039,ROBOT_ARM,2025-03-04,48.65,1.269,2068.4,12,0
M039,ROBOT_ARM,2025-03-05,46.78,1.163,2082.4,13,0
M039,ROBOT_ARM,2025-03-06,48.9,1.425,2097.6,14,0
M039,ROBOT_ARM,2025-03-07,47.94,1.551,2105.6,15,0
M039,ROBOT_ARM,2025-03-08,46.77,1.485,2113.4,16,0
M039,ROBOT_ARM,2025-03-09,49.84,1.463,2125.0,17,0
M039,ROBOT_ARM,2025-03-10,49.33,1.676,2142.7,18,0
M039,ROBOT_ARM,2025-03-11,44.7,1.873,2154.4,19,0
M039,ROBOT_ARM,2025-03-12,52.27,1.404,2160.8,20,0
M039,ROBOT_ARM,2025-03-13,51.14,1.648,2168.5,21,0
M039,ROBOT_ARM,2025-03-14,49.79,0.915,2180.6,22,0
M039,ROBOT_ARM,2025-03-15,44.83,1.07,2188.3,23,0
M039,ROBOT_ARM,2025-03-16,43.0,1.811,2196.7,24,0
M039,ROBOT_ARM,2025-03-17,45.89,1.762,2203.0,25,0
M039,ROBOT_ARM,2025-03-18,51.0,1.605,2216.8,26,0
M039,ROBOT_ARM,2025-03-19,46.86,1.458,2227.2,27,0
M039,ROBOT_ARM,2025-03-20,48.56,1.565,2239.7,0,0
M039,ROBOT_ARM,2025-03-21,51.69,1.397,2252.9,1,0
M039,ROBOT_ARM,2025-03-22,46.65,1.296,2265.4,2,0
M039,ROBOT_ARM,2025-03-23,50.89,1.233,2281.3,3,0
M039,ROBOT_ARM,2025-03-24,48.87,1.298,2300.6,4,0
M039,ROBOT_ARM,2025-03-25,48.7,1.65,2311.0,5,0
M039,ROBOT_ARM,2025-03-26,48.6,1.481,2330.7,6,0
M039,ROBOT_ARM,2025-03-27,51.81,1.242,2340.8,7,0
M039,ROBOT_ARM,2025-03-28,43.58,1.381,2360.2,8,0
M039,ROBOT_ARM,2025-03-29,50.54,1.517,2379.4,9,0
M039,ROBOT_ARM,2025-03-30,46.79,1.532,2397.4,10,0
M039,ROBOT_ARM,2025-03-31,48.85,1.847,2406.1,11,0
M039,ROBOT_ARM,2025-04-01,44.65,1.227,2420.5,12,0
M039,ROBOT_ARM,2025-04-02,45.14,1.284,2431.5,13,0
M039,ROBOT_ARM,2025-04-03,51.07,1.727,2439.9,14,0
M039,ROBOT_ARM,2025-04-04,48.51,1.372,2451.2,15,0
M039,ROBOT_ARM,2025-04-05,46.86,1.68,2459.1,16,0
M039,ROBOT_ARM,2025-04-06,52.35,1.691,2469.0,17,0
M039,ROBOT_ARM,2025-04-07,49.02,1.629,2485.7,18,0
M039,ROBOT_ARM,2025-04-08,51.26,1.411,2497.0,19,0
M039,ROBOT_ARM,2025-04-09,43.2,1.514,2515.9,20,0
M039,ROBOT_ARM,2025-04-10,46.86,1.484,2535.3,21,0
M039,ROBOT_ARM,2025-04-11,46.78,1.119,2553.5,22,0
M039,ROBOT_ARM,2025-04-12,48.68,1.169,2571.9,23,0
M039,ROBOT_ARM,2025-04-13,45.15,1.078,2590.6,24,0
M039,ROBOT_ARM,2025-04-14,44.22,1.564,2603.6,25,0
M039,ROBOT_ARM,2025-04-15,46.06,1.16,2621.3,26,0
M039,ROBOT_ARM,2025-04-16,50.46,1.037,2627.9,27,0
M039,ROBOT_ARM,2025-04-17,50.79,1.21,2643.8,28,0
M039,ROBOT_ARM,2025-04-18,48.34,1.878,2655.0,29,0
M039,ROBOT_ARM,2025-04-19,48.95,1.786,2662.6,0,0
M039,ROBOT_ARM,2025-04-20,45.41,1.527,2677.9,1,0
M039,ROBOT_ARM,2025-04-21,46.69,1.469,2695.0,2,0
M039,ROBOT_ARM,2025-04-22,49.21,1.293,2701.8,3,0
M039,ROBOT_ARM,2025-04-23,46.16,1.736,2721.8,4,0
M039,ROBOT_ARM,2025-04-24,49.21,1.504,2737.5,5,0
M039,ROBOT_ARM,2025-04-25,50.56,1.452,2747.7,6,0
M039,ROBOT_ARM,2025-04-26,48.44,1.641,2763.4,7,0
M039,ROBOT_ARM,2025-04-27,49.42,1.364,2776.4,8,0
M039,ROBOT_ARM,2025-04-28,47.91,1.295,2793.5,9,0
M039,ROBOT_ARM,2025-04-29,50.73,1.639,2802.0,10,0
M039,ROBOT_ARM,2025-04-30,51.81,1.79,2813.1,11,0
M039,ROBOT_ARM,2025-05-01,49.75,1.557,2820.9,12,0
M039,ROBOT_ARM,2025-05-02,44.12,1.41,2837.5,13,0
M039,ROBOT_ARM,2025-05-03,46.35,1.653,2843.6,14,0
M039,ROBOT_ARM,2025-05-04,51.69,1.632,2857.3,15,0
M039,ROBOT_ARM,2025-05-05,44.96,1.295,2865.4,16,0
M039,ROBOT_ARM,2025-05-06,47.06,1.613,2875.1,17,0
M039,ROBOT_ARM,2025-05-07,46.98,1.809,2886.0,18,0
M039,ROBOT_ARM,2025-05-08,48.62,0.885,2893.5,19,0
M039,ROBOT_ARM,2025-05-09,47.53,1.229,2907.9,20,0
M039,ROBOT_ARM,2025-05-10,45.45,1.3,2921.8,21,0
M039,ROBOT_ARM,2025-05-11,42.93,1.099,2940.3,22,0
M039,ROBOT_ARM,2025-05-12,52.27,1.622,2960.0,23,0
M039,ROBOT_ARM,2025-05-13,53.2,1.819,2972.1,24,0
M039,ROBOT_ARM,2025-05-14,48.46,1.414,2983.8,25,0
M039,ROBOT_ARM,2025-05-15,44.32,1.119,2996.3,26,0
M039,ROBOT_ARM,2025-05-16,48.66,1.132,3009.1,27,0
M039,ROBOT_ARM,2025-05-17,50.25,1.008,3022.9,28,0
M039,ROBOT_ARM,2025-05-18,48.34,1.616,3029.0,29,0
M039,ROBOT_ARM,2025-05-19,47.08,1.478,3041.0,30,0
M039,ROBOT_ARM,2025-05-20,40.23,1.78,3056.7,31,0
M039,ROBOT_ARM,2025-05-21,44.89,1.895,3067.9,0,0
M039,ROBOT_ARM,2025-05-22,48.4,1.075,3082.6,1,0
M039,ROBOT_ARM,2025-05-23,48.2,1.765,3089.1,2,0
M039,ROBOT_ARM,2025-05-24,49.95,1.545,3107.5,3,0
M039,ROBOT_ARM,2025-05-25,49.06,1.008,3113.8,4,0
M039,ROBOT_ARM,2025-05-26,45.98,1.145,3126.9,5,0
M039,ROBOT_ARM,2025-05-27,49.71,1.689,3145.7,6,0
M039,ROBOT_ARM,2025-05-28,51.08,1.814,3164.4,7,0
M039,ROBOT_ARM,2025-05-29,52.07,1.698,3177.8,8,0
M039,ROBOT_ARM,2025-05-30,46.46,1.339,3197.3,9,0
M039,ROBOT_ARM,2025-05-31,50.34,1.244,3216.0,10,0
M039,ROBOT_ARM,2025-06-01,46.13,1.428,3235.0,11,0
M039,ROBOT_ARM,2025-06-02,53.08,1.637,3252.8,12,0
M039,ROBOT_ARM,2025-06-03,48.42,1.548,3270.2,13,0
M039,ROBOT_ARM,2025-06-04,46.49,1.22,3276.7,14,0
M039,ROBOT_ARM,2025-06-05,54.64,1.477,3288.8,15,0
M039,ROBOT_ARM,2025-06-06,49.05,1.346,3296.8,16,0
M039,ROBOT_ARM,2025-06-07,45.9,1.391,3304.6,17,0
M039,ROBOT_ARM,2025-06-08,49.51,0.927,3320.9,18,0
M039,ROBOT_ARM,2025-06-09,49.96,1.373,3339.0,19,0
M039,ROBOT_ARM,2025-06-10,45.91,1.328,3347.4,20,0
M039,ROBOT_ARM,2025-06-11,46.99,1.368,3358.9,21,0
M039,ROBOT_ARM,2025-06-12,53.11,1.462,3372.0,22,0
M039,ROBOT_ARM,2025-06-13,47.18,1.532,3378.9,23,0
M039,ROBOT_ARM,2025-06-14,43.03,1.658,3394.8,24,0
M039,ROBOT_ARM,2025-06-15,53.99,1.232,3413.3,25,0
M039,ROBOT_ARM,2025-06-16,47.47,1.305,3422.8,26,0
M039,ROBOT_ARM,2025-06-17,51.35,1.215,3433.6,27,0
M039,ROBOT_ARM,2025-06-18,43.82,1.709,3448.5,0,0
M039,ROBOT_ARM,2025-06-19,45.14,1.175,3465.5,1,0
M039,ROBOT_ARM,2025-06-20,45.0,1.295,3476.0,2,0
M039,ROBOT_ARM,2025-06-21,48.9,1.382,3486.1,3,0
M039,ROBOT_ARM,2025-06-22,45.78,1.406,3505.2,4,0
M039,ROBOT_ARM,2025-06-23,49.34,1.488,3522.7,5,0
M039,ROBOT_ARM,2025-06-24,45.47,1.258,3540.3,6,0
M039,ROBOT_ARM,2025-06-25,47.09,1.57,3560.3,7,0
M039,ROBOT_ARM,2025-06-26,49.84,1.504,3577.7,8,0
M039,ROBOT_ARM,2025-06-27,48.22,1.245,3592.4,9,0
M039,ROBOT_ARM,2025-06-28,52.37,1.369,3603.8,10,0
M039,ROBOT_ARM,2025-06-29,46.13,1.294,3621.3,11,0
M040,PUMP,2025-01-01,60.49,3.017,3554.3,9,0
M040,PUMP,2025-01-02,60.13,2.518,3561.5,10,0
M040,PUMP,2025-01-03,57.65,2.964,3577.6,11,0
M040,PUMP,2025-01-04,59.75,2.489,3595.2,12,0
M040,PUMP,2025-01-05,53.46,2.027,3603.7,13,0
M040,PUMP,2025-01-06,63.67,2.642,3616.7,14,0
M040,PUMP,2025-01-07,60.51,2.29,3629.9,15,0
M040,PUMP,2025-01-08,62.21,2.108,3637.8,16,0
M040,PUMP,2025-01-09,61.09,2.366,3651.9,17,0
M040,PUMP,2025-01-10,65.62,2.706,3667.7,18,0
M040,PUMP,2025-01-11,60.54,2.763,3683.9,19,0
M040,PUMP,2025-01-12,57.91,2.482,3696.6,20,0
M040,PUMP,2025-01-13,64.08,3.123,3713.7,21,0
M040,PUMP,2025-01-14,58.7,2.617,3723.5,22,0
M040,PUMP,2025-01-15,58.32,2.011,3733.9,23,0
M040,PUMP,2025-01-16,64.53,2.542,3743.6,24,0
M040,PUMP,2025-01-17,64.69,2.445,3761.7,25,0
M040,PUMP,2025-01-18,64.76,2.299,3771.7,26,0
M040,PUMP,2025-01-19,57.12,2.33,3779.9,0,0
M040,PUMP,2025-01-20,60.53,2.44,3794.7,1,0
M040,PUMP,2025-01-21,61.5,2.599,3811.5,2,0
M040,PUMP,2025-01-22,62.68,2.469,3829.7,3,0
M040,PUMP,2025-01-23,57.65,2.635,3846.9,4,0
M040,PUMP,2025-01-24,54.92,2.249,3854.1,5,0
M040,PUMP,2025-01-25,61.4,2.229,3870.1,6,0
M040,PUMP,2025-01-26,63.47,2.725,3884.6,7,0
M040,PUMP,2025-01-27,61.95,2.844,3898.6,8,0
M040,PUMP,2025-01-28,57.1,2.56,3916.9,9,0
M040,PUMP,2025-01-29,58.86,2.351,3932.1,10,0
M040,PUMP,2025-01-30,56.18,2.519,3945.9,11,0
M040,PUMP,2025-01-31,57.62,3.085,3962.2,12,0
M040,PUMP,2025-02-01,58.54,2.321,3973.9,13,0
M040,PUMP,2025-02-02,63.02,2.792,3980.8,14,0
M040,PUMP,2025-02-03,62.77,2.248,3992.1,15,0
M040,PUMP,2025-02-04,62.58,2.606,4004.5,16,0
M040,PUMP,2025-02-05,60.28,2.441,4024.2,17,0
M040,PUMP,2025-02-06,59.88,2.489,4034.5,18,0
M040,PUMP,2025-02-07,63.61,1.836,4049.2,19,0
M040,PUMP,2025-02-08,61.42,3.065,4064.6,20,0
M040,PUMP,2025-02-09,64.07,2.632,4081.3,21,0
M040,PUMP,2025-02-10,54.53,2.062,4100.3,22,0
M040,PUMP,2025-02-11,61.63,1.981,4114.1,23,0
M040,PUMP,2025-02-12,58.7,2.777,4131.5,24,0
M040,PUMP,2025-02-13,62.61,2.642,4144.8,25,0
M040,PUMP,2025-02-14,60.18,2.408,4164.2,26,0
M040,PUMP,2025-02-15,57.23,2.827,4177.2,27,0
M040,PUMP,2025-02-16,59.91,2.133,4187.8,28,0
M040,PUMP,2025-02-17,62.04,1.906,4197.6,29,0
M040,PUMP,2025-02-18,61.73,2.614,4217.5,0,0
M040,PUMP,2025-02-19,55.98,2.457,4231.7,1,0
M040,PUMP,2025-02-20,52.05,2.315,4247.8,2,0
M040,PUMP,2025-02-21,64.48,2.785,4266.3,3,0
M040,PUMP,2025-02-22,59.36,2.784,4276.7,4,0
M040,PUMP,2025-02-23,58.53,2.992,4296.0,5,0
M040,PUMP,2025-02-24,57.29,2.309,4309.6,6,0
M040,PUMP,2025-02-25,62.3,2.219,4318.8,7,0
M040,PUMP,2025-02-26,62.11,1.883,4327.7,8,0
M040,PUMP,2025-02-27,60.56,2.776,4345.5,9,0
M040,PUMP,2025-02-28,57.43,2.81,4360.7,10,0
M040,PUMP,2025-03-01,58.97,1.756,4372.3,11,0
M040,PUMP,2025-03-02,56.13,2.31,4388.8,12,0
M040,PUMP,2025-03-03,58.86,1.873,4405.2,13,0
M040,PUMP,2025-03-04,58.0,1.816,4423.8,14,0
M040,PUMP,2025-03-05,63.41,2.792,4436.5,15,0
M040,PUMP,2025-03-06,59.15,2.497,4452.3,16,0
M040,PUMP,2025-03-07,56.61,2.334,4470.5,17,0
M040,PUMP,2025-03-08,64.84,2.262,4486.0,18,0
M040,PUMP,2025-03-09,64.45,1.642,4495.7,19,0
M040,PUMP,2025-03-10,59.85,3.019,4501.8,20,0
M040,PUMP,2025-03-11,63.54,2.631,4509.1,21,0
M040,PUMP,2025-03-12,57.68,2.373,4522.7,22,0
M040,PUMP,2025-03-13,65.38,2.233,4536.0,23,0
M040,PUMP,2025-03-14,67.61,2.71,4552.2,24,0
M040,PUMP,2025-03-15,60.07,2.82,4562.5,25,0
M040,PUMP,2025-03-16,60.46,3.061,4569.4,26,0
M040,PUMP,2025-03-17,61.9,2.057,4579.4,27,0
M040,PUMP,2025-03-18,60.51,2.162,4598.3,28,0
M040,PUMP,2025-03-19,57.55,2.439,4605.9,29,0
M040,PUMP,2025-03-20,65.58,2.314,4613.8,30,0
M040,PUMP,2025-03-21,61.17,1.999,4625.0,0,0
M040,PUMP,2025-03-22,53.12,2.748,4641.3,1,0
M040,PUMP,2025-03-23,60.07,2.446,4656.1,2,0
M040,PUMP,2025-03-24,58.65,2.814,4671.6,3,0
M040,PUMP,2025-03-25,53.97,2.945,4681.4,4,0
M040,PUMP,2025-03-26,63.4,2.937,4693.4,5,0
M040,PUMP,2025-03-27,59.4,1.853,4704.2,6,0
M040,PUMP,2025-03-28,61.7,2.157,4711.0,7,0
M040,PUMP,2025-03-29,61.7,2.223,4729.4,8,0
M040,PUMP,2025-03-30,61.27,2.087,4738.7,9,0
M040,PUMP,2025-03-31,54.46,1.893,4747.3,10,0
M040,PUMP,2025-04-01,62.09,2.199,4754.9,11,0
M040,PUMP,2025-04-02,56.68,2.485,4762.3,12,0
M040,PUMP,2025-04-03,56.78,3.011,4768.5,13,0
M040,PUMP,2025-04-04,62.33,2.318,4776.6,14,0
M040,PUMP,2025-04-05,57.0,2.231,4782.8,15,0
M040,PUMP,2025-04-06,62.2,2.099,4800.5,16,0
M040,PUMP,2025-04-07,58.7,2.81,4807.5,17,0
M040,PUMP,2025-04-08,59.16,2.377,4819.2,18,0
M040,PUMP,2025-04-09,60.9,3.348,4833.5,19,0
M040,PUMP,2025-04-10,60.73,2.496,4840.7,20,0
M040,PUMP,2025-04-11,56.82,2.316,4847.1,21,0
M040,PUMP,2025-04-12,61.54,2.447,4859.9,22,0
M040,PUMP,2025-04-13,62.29,2.297,4869.7,23,0
M040,PUMP,2025-04-14,64.85,2.403,4885.6,24,0
M040,PUMP,2025-04-15,59.87,2.494,4898.8,25,0
M040,PUMP,2025-04-16,56.56,2.522,4910.8,26,0
M040,PUMP,2025-04-17,59.56,2.278,4921.0,27,0
M040,PUMP,2025-04-18,59.17,2.494,4929.3,0,0
M040,PUMP,2025-04-19,58.52,2.224,4938.2,1,0
M040,PUMP,2025-04-20,58.5,2.752,4944.7,2,0
M040,PUMP,2025-04-21,54.98,2.856,4951.3,3,0
M040,PUMP,2025-04-22,55.51,2.102,4971.2,4,0
M040,PUMP,2025-04-23,61.06,2.619,4980.8,5,0
M040,PUMP,2025-04-24,56.84,2.453,4989.8,6,0
M040,PUMP,2025-04-25,59.12,2.685,5003.9,7,0
M040,PUMP,2025-04-26,58.52,2.168,5010.9,8,0
M040,PUMP,2025-04-27,62.5,2.489,5023.9,9,0
M040,PUMP,2025-04-28,54.46,2.421,5039.7,10,0
M040,PUMP,2025-04-29,64.08,2.641,5057.1,11,0
M040,PUMP,2025-04-30,61.58,2.098,5064.4,12,0
M040,PUMP,2025-05-01,56.5,3.033,5075.3,13,0
M040,PUMP,2025-05-02,55.62,2.403,5086.2,14,0
M040,PUMP,2025-05-03,53.97,2.846,5094.2,15,0
M040,PUMP,2025-05-04,61.77,2.334,5114.0,16,0
M040,PUMP,2025-05-05,62.87,2.18,5130.1,17,0
M040,PUMP,2025-05-06,66.45,2.71,5144.9,18,0
M040,PUMP,2025-05-07,64.19,2.902,5161.1,19,0
M040,PUMP,2025-05-08,56.54,2.247,5178.7,20,0
M040,PUMP,2025-05-09,58.87,2.736,5190.4,21,0
M040,PUMP,2025-05-10,56.88,2.246,5209.8,22,0
M040,PUMP,2025-05-11,58.66,3.044,5225.3,23,0
M040,PUMP,2025-05-12,62.68,2.821,5243.3,24,0
M040,PUMP,2025-05-13,59.78,2.602,5250.2,25,0
M040,PUMP,2025-05-14,60.9,2.1,5268.7,0,0
M040,PUMP,2025-05-15,63.21,3.045,5279.9,1,0
M040,PUMP,2025-05-16,60.71,2.149,5293.0,2,0
M040,PUMP,2025-05-17,57.91,2.945,5300.6,3,0
M040,PUMP,2025-05-18,56.06,3.158,5319.5,4,0
M040,PUMP,2025-05-19,62.36,2.713,5339.2,5,0
M040,PUMP,2025-05-20,62.46,1.96,5356.6,6,0
M040,PUMP,2025-05-21,55.71,2.555,5374.2,7,0
M040,PUMP,2025-05-22,57.78,2.288,5382.5,8,0
M040,PUMP,2025-05-23,63.1,2.752,5388.9,9,0
M040,PUMP,2025-05-24,60.6,3.387,5401.6,10,0
M040,PUMP,2025-05-25,59.71,1.802,5409.9,11,0
M040,PUMP,2025-05-26,56.44,2.027,5420.2,12,0
M040,PUMP,2025-05-27,58.63,2.62,5430.0,13,0
M040,PUMP,2025-05-28,61.67,2.477,5444.6,14,0
M040,PUMP,2025-05-29,56.99,2.726,5455.3,15,0
M040,PUMP,2025-05-30,58.92,2.736,5462.5,16,0
M040,PUMP,2025-05-31,58.15,2.439,5469.9,17,0
M040,PUMP,2025-06-01,63.65,2.815,5483.1,18,0
M040,PUMP,2025-06-02,62.06,2.293,5500.8,19,0
M040,PUMP,2025-06-03,61.62,2.37,5515.9,20,0
M040,PUMP,2025-06-04,54.5,2.361,5524.0,21,0
M040,PUMP,2025-06-05,63.68,2.605,5535.1,22,0
M040,PUMP,2025-06-06,66.46,2.333,5551.6,23,0
M040,PUMP,2025-06-07,59.96,2.302,5561.2,24,0
M040,PUMP,2025-06-08,58.56,1.949,5579.6,25,0
M040,PUMP,2025-06-09,61.39,2.77,5589.4,26,0
M040,PUMP,2025-06-10,65.44,1.988,5606.8,27,0
M040,PUMP,2025-06-11,62.17,2.147,5616.1,0,0
M040,PUMP,2025-06-12,63.35,2.363,5635.0,1,0
M040,PUMP,2025-06-13,64.81,3.125,5649.1,2,0
M040,PUMP,2025-06-14,65.97,2.011,5664.5,3,0
M040,PUMP,2025-06-15,60.26,2.367,5675.1,4,0
M040,PUMP,2025-06-16,52.45,2.08,5685.8,5,0
M040,PUMP,2025-06-17,59.46,2.588,5697.8,6,0
M040,PUMP,2025-06-18,58.16,2.091,5706.2,7,0
M040,PUMP,2025-06-19,63.1,2.775,5718.6,8,0
M040,PUMP,2025-06-20,59.04,2.659,5732.8,9,0
M040,PUMP,2025-06-21,62.98,2.233,5744.5,10,0
M040,PUMP,2025-06-22,67.43,2.088,5756.9,11,0
M040,PUMP,2025-06-23,57.88,2.529,5768.1,12,0
M040,PUMP,2025-06-24,61.38,2.008,5776.2,13,0
M040,PUMP,2025-06-25,63.29,2.745,5786.0,14,0
M040,PUMP,2025-06-26,56.78,2.401,5795.9,15,0
M040,PUMP,2025-06-27,60.89,2.889,5807.5,16,0
M040,PUMP,2025-06-28,61.59,2.454,5818.7,17,0
M040,PUMP,2025-06-29,59.36,2.685,5827.6,18,0
M041,CNC_MILL,2025-01-01,52.22,2.198,687.0,18,0
M041,CNC_MILL,2025-01-02,52.3,2.153,695.2,19,0
M041,CNC_MILL,2025-01-03,52.62,2.328,714.9,20,0
M041,CNC_MILL,2025-01-04,55.04,1.79,728.8,21,0
M041,CNC_MILL,2025-01-05,55.2,1.25,737.4,22,0
M041,CNC_MILL,2025-01-06,55.78,2.323,754.3,23,0
M041,CNC_MILL,2025-01-07,52.53,2.79,772.4,24,0
M041,CNC_MILL,2025-01-08,55.71,1.663,783.5,25,0
M041,CNC_MILL,2025-01-09,55.3,1.938,790.4,26,0
M041,CNC_MILL,2025-01-10,51.6,2.433,808.7,27,0
M041,CNC_MILL,2025-01-11,56.08,2.01,826.4,0,0
M041,CNC_MILL,2025-01-12,53.3,2.191,838.9,1,0
M041,CNC_MILL,2025-01-13,57.23,2.425,851.7,2,0
M041,CNC_MILL,2025-01-14,53.1,2.253,869.2,3,0
M041,CNC_MILL,2025-01-15,54.07,2.356,884.1,4,0
M041,CNC_MILL,2025-01-16,51.69,2.736,899.2,5,0
M041,CNC_MILL,2025-01-17,57.61,1.852,915.0,6,0
M041,CNC_MILL,2025-01-18,51.33,2.231,930.0,7,0
M041,CNC_MILL,2025-01-19,55.83,2.099,945.2,8,0
M041,CNC_MILL,2025-01-20,52.76,2.2,952.5,9,0
M041,CNC_MILL,2025-01-21,56.27,2.45,959.0,10,0
M041,CNC_MILL,2025-01-22,56.58,1.911,968.3,11,0
M041,CNC_MILL,2025-01-23,56.03,1.829,979.4,12,0
M041,CNC_MILL,2025-01-24,55.45,2.428,992.2,13,0
M041,CNC_MILL,2025-01-25,59.0,1.899,999.6,14,0
M041,CNC_MILL,2025-01-26,54.84,2.159,1016.2,15,0
M041,CNC_MILL,2025-01-27,62.07,2.109,1035.5,16,0
M041,CNC_MILL,2025-01-28,55.3,1.968,1052.0,17,0
M041,CNC_MILL,2025-01-29,56.32,2.326,1069.6,18,0
M041,CNC_MILL,2025-01-30,59.1,1.787,1081.6,19,0
M041,CNC_MILL,2025-01-31,53.34,2.049,1092.8,20,0
M041,CNC_MILL,2025-02-01,58.68,2.658,1107.4,21,0
M041,CNC_MILL,2025-02-02,60.71,2.746,1118.5,22,0
M041,CNC_MILL,2025-02-03,55.05,2.431,1128.8,23,0
M041,CNC_MILL,2025-02-04,53.59,2.14,1145.1,24,0
M041,CNC_MILL,2025-02-05,59.05,1.689,1155.7,25,0
M041,CNC_MILL,2025-02-06,55.46,1.613,1167.2,26,0
M041,CNC_MILL,2025-02-07,58.59,1.698,1186.9,27,0
M041,CNC_MILL,2025-02-08,49.91,2.045,1202.3,28,0
M041,CNC_MILL,2025-02-09,51.91,1.799,1210.1,29,0
M041,CNC_MILL,2025-02-10,55.26,1.794,1222.1,30,0
M041,CNC_MILL,2025-02-11,55.91,1.931,1240.3,31,0
M041,CNC_MILL,2025-02-12,51.09,2.054,1258.0,0,0
M041,CNC_MILL,2025-02-13,58.67,1.824,1273.6,1,0
M041,CNC_MILL,2025-02-14,56.11,1.796,1293.2,2,0
M041,CNC_MILL,2025-02-15,55.16,1.975,1308.8,3,0
M041,CNC_MILL,2025-02-16,60.46,1.961,1319.8,4,0
M041,CNC_MILL,2025-02-17,55.31,2.323,1339.5,5,0
M041,CNC_MILL,2025-02-18,55.48,1.77,1345.7,6,0
M041,CNC_MILL,2025-02-19,55.82,1.599,1356.9,7,0
M041,CNC_MILL,2025-02-20,54.9,2.013,1364.1,8,0
M041,CNC_MILL,2025-02-21,54.54,1.831,1378.2,9,0
M041,CNC_MILL,2025-02-22,50.96,1.868,1393.0,10,0
M041,CNC_MILL,2025-02-23,44.68,1.65,1405.4,11,0
M041,CNC_MILL,2025-02-24,55.55,1.961,1422.5,12,0
M041,CNC_MILL,2025-02-25,56.87,1.457,1432.2,13,0
M041,CNC_MILL,2025-02-26,54.14,1.844,1439.8,14,0
M041,CNC_MILL,2025-02-27,59.3,2.208,1455.9,15,0
M041,CNC_MILL,2025-02-28,55.8,2.099,1472.5,16,0
M041,CNC_MILL,2025-03-01,54.68,2.159,1481.6,17,0
M041,CNC_MILL,2025-03-02,50.35,1.865,1497.6,18,0
M041,CNC_MILL,2025-03-03,54.33,2.197,1513.3,19,0
M041,CNC_MILL,2025-03-04,54.55,2.115,1524.2,20,0
M041,CNC_MILL,2025-03-05,57.02,1.521,1535.6,21,0
M041,CNC_MILL,2025-03-06,57.12,2.244,1554.2,22,0
M041,CNC_MILL,2025-03-07,60.12,1.456,1573.9,23,0
M041,CNC_MILL,2025-03-08,58.54,1.887,1592.5,24,0
M041,CNC_MILL,2025-03-09,57.6,1.591,1602.9,25,0
M041,CNC_MILL,2025-03-10,54.58,2.065,1617.0,26,0
M041,CNC_MILL,2025-03-11,52.43,2.127,1624.7,0,0
M041,CNC_MILL,2025-03-12,54.43,1.919,1641.4,1,0
M041,CNC_MILL,2025-03-13,53.57,2.102,1659.6,2,0
M041,CNC_MILL,2025-03-14,55.27,2.414,1666.1,3,0
M041,CNC_MILL,2025-03-15,54.21,2.04,1682.0,4,0
M041,CNC_MILL,2025-03-16,60.18,2.463,1692.2,5,0
M041,CNC_MILL,2025-03-17,55.15,2.193,1706.4,6,0
M041,CNC_MILL,2025-03-18,50.28,1.77,1722.3,7,0
M041,CNC_MILL,2025-03-19,54.54,1.971,1737.5,8,0
M041,CNC_MILL,2025-03-20,53.62,1.928,1747.3,9,0
M041,CNC_MILL,2025-03-21,58.02,2.124,1759.1,10,0
M041,CNC_MILL,2025-03-22,59.21,2.499,1766.9,11,0
M041,CNC_MILL,2025-03-23,55.8,2.123,1775.2,12,0
M041,CNC_MILL,2025-03-24,58.42,1.199,1786.8,13,0
M041,CNC_MILL,2025-03-25,54.28,2.132,1805.3,14,0
M041,CNC_MILL,2025-03-26,59.76,1.885,1820.2,15,0
M041,CNC_MILL,2025-03-27,50.57,2.075,1826.6,16,0
M041,CNC_MILL,2025-03-28,51.53,2.172,1842.3,17,0
M041,CNC_MILL,2025-03-29,48.38,2.326,1852.5,18,0
M041,CNC_MILL,2025-03-30,53.76,1.872,1860.1,19,0
M041,CNC_MILL,2025-03-31,53.09,2.328,1872.5,20,0
M041,CNC_MILL,2025-04-01,52.76,1.324,1882.3,21,0
M041,CNC_MILL,2025-04-02,51.36,1.745,1900.1,22,0
M041,CNC_MILL,2025-04-03,56.92,2.229,1916.9,23,0
M041,CNC_MILL,2025-04-04,59.76,1.819,1925.4,24,0
M041,CNC_MILL,2025-04-05,52.8,2.843,1937.4,25,0
M041,CNC_MILL,2025-04-06,56.15,1.791,1952.5,26,0
M041,CNC_MILL,2025-04-07,57.07,2.491,1965.2,0,0
M041,CNC_MILL,2025-04-08,58.14,2.039,1980.2,1,0
M041,CNC_MILL,2025-04-09,55.66,2.261,1996.0,2,0
M041,CNC_MILL,2025-04-10,57.56,1.713,2013.1,3,0
M041,CNC_MILL,2025-04-11,54.01,2.199,2021.0,4,0
M041,CNC_MILL,2025-04-12,56.74,2.387,2034.8,5,0
M041,CNC_MILL,2025-04-13,61.13,2.313,2054.5,6,0
M041,CNC_MILL,2025-04-14,56.96,2.389,2072.0,7,0
M041,CNC_MILL,2025-04-15,60.04,2.455,2090.7,8,0
M041,CNC_MILL,2025-04-16,54.03,1.54,2108.8,9,0
M041,CNC_MILL,2025-04-17,56.46,2.028,2116.2,10,0
M041,CNC_MILL,2025-04-18,61.46,2.312,2122.7,11,0
M041,CNC_MILL,2025-04-19,51.83,1.837,2136.1,12,0
M041,CNC_MILL,2025-04-20,56.63,2.096,2144.5,13,0
M041,CNC_MILL,2025-04-21,61.26,1.764,2153.2,14,0
M041,CNC_MILL,2025-04-22,53.7,1.894,2169.8,15,0
M041,CNC_MILL,2025-04-23,57.44,1.737,2186.1,16,0
M041,CNC_MILL,2025-04-24,51.98,1.514,2198.4,17,0
M041,CNC_MILL,2025-04-25,56.49,1.399,2215.8,18,0
M041,CNC_MILL,2025-04-26,50.82,2.064,2227.6,19,0
M041,CNC_MILL,2025-04-27,56.32,2.009,2234.2,20,0
M041,CNC_MILL,2025-04-28,53.18,1.664,2243.4,21,0
M041,CNC_MILL,2025-04-29,58.28,1.43,2253.1,22,0
M041,CNC_MILL,2025-04-30,54.42,2.412,2261.2,23,0
M041,CNC_MILL,2025-05-01,48.99,1.897,2269.3,24,0
M041,CNC_MILL,2025-05-02,58.66,2.259,2281.8,25,0
M041,CNC_MILL,2025-05-03,56.31,1.894,2299.9,26,0
M041,CNC_MILL,2025-05-04,53.15,2.714,2318.7,0,0
M041,CNC_MILL,2025-05-05,54.67,2.121,2332.3,1,0
M041,CNC_MILL,2025-05-06,54.03,1.81,2341.3,2,0
M041,CNC_MILL,2025-05-07,57.95,1.929,2358.7,3,0
M041,CNC_MILL,2025-05-08,57.15,1.963,2367.0,4,0
M041,CNC_MILL,2025-05-09,55.91,1.415,2376.9,5,0
M041,CNC_MILL,2025-05-10,55.66,2.059,2390.8,6,0
M041,CNC_MILL,2025-05-11,62.41,2.069,2407.5,7,0
M041,CNC_MILL,2025-05-12,53.95,1.977,2425.2,8,0
M041,CNC_MILL,2025-05-13,53.82,1.897,2435.3,9,0
M041,CNC_MILL,2025-05-14,48.88,2.034,2445.9,10,0
M041,CNC_MILL,2025-05-15,56.82,1.952,2455.7,11,0
M041,CNC_MILL,2025-05-16,59.13,2.59,2464.0,12,0
M041,CNC_MILL,2025-05-17,56.31,2.282,2481.5,13,0
M041,CNC_MILL,2025-05-18,58.08,1.784,2496.7,14,0
M041,CNC_MILL,2025-05-19,60.41,1.935,2516.4,15,0
M041,CNC_MILL,2025-05-20,55.12,2.237,2531.4,16,0
M041,CNC_MILL,2025-05-21,50.23,1.47,2544.8,17,0
M041,CNC_MILL,2025-05-22,50.56,1.558,2555.8,18,0
M041,CNC_MILL,2025-05-23,56.95,1.982,2574.4,19,0
M041,CNC_MILL,2025-05-24,48.24,1.853,2588.3,20,0
M041,CNC_MILL,2025-05-25,55.06,1.991,2598.8,21,0
M041,CNC_MILL,2025-05-26,53.39,1.356,2612.6,22,0
M041,CNC_MILL,2025-05-27,52.62,1.781,2619.0,23,0
M041,CNC_MILL,2025-05-28,51.31,2.124,2625.9,24,0
M041,CNC_MILL,2025-05-29,51.68,2.031,2632.6,25,0
M041,CNC_MILL,2025-05-30,55.07,1.812,2649.8,26,0
M041,CNC_MILL,2025-05-31,56.11,1.705,2661.4,27,0
M041,CNC_MILL,2025-06-01,53.22,2.32,2669.5,28,0
M041,CNC_MILL,2025-06-02,53.32,1.687,2682.9,29,0
M041,CNC_MILL,2025-06-03,52.4,1.897,2696.5,30,0
M041,CNC_MILL,2025-06-04,54.61,1.56,2706.5,31,0
M041,CNC_MILL,2025-06-05,53.62,2.449,2715.3,32,0
M041,CNC_MILL,2025-06-06,53.32,1.969,2725.6,33,0
M041,CNC_MILL,2025-06-07,50.79,1.323,2735.7,34,0
M041,CNC_MILL,2025-06-08,50.62,1.962,2743.0,35,0
M041,CNC_MILL,2025-06-09,56.59,1.368,2759.5,36,0
M041,CNC_MILL,2025-06-10,59.15,1.563,2772.0,0,0
M041,CNC_MILL,2025-06-11,51.49,2.076,2785.2,1,0
M041,CNC_MILL,2025-06-12,53.71,1.865,2798.3,2,0
M041,CNC_MILL,2025-06-13,56.37,1.804,2812.6,3,0
M041,CNC_MILL,2025-06-14,59.02,1.668,2820.2,4,0
M041,CNC_MILL,2025-06-15,50.84,2.435,2838.9,5,0
M041,CNC_MILL,2025-06-16,53.52,1.989,2851.6,6,0
M041,CNC_MILL,2025-06-17,55.85,2.027,2869.5,7,0
M041,CNC_MILL,2025-06-18,57.5,1.592,2885.7,8,0
M041,CNC_MILL,2025-06-19,59.46,1.989,2898.6,9,0
M041,CNC_MILL,2025-06-20,53.7,1.273,2910.8,10,0
M041,CNC_MILL,2025-06-21,59.76,2.222,2924.2,11,0
M041,CNC_MILL,2025-06-22,52.26,1.726,2942.2,12,0
M041,CNC_MILL,2025-06-23,54.65,1.746,2951.9,13,0
M041,CNC_MILL,2025-06-24,59.12,1.62,2965.7,14,0
M041,CNC_MILL,2025-06-25,55.94,2.083,2981.6,15,0
M041,CNC_MILL,2025-06-26,52.71,1.843,2990.1,16,0
M041,CNC_MILL,2025-06-27,54.12,1.725,2999.8,17,0
M041,CNC_MILL,2025-06-28,48.26,1.965,3013.5,18,0
M041,CNC_MILL,2025-06-29,56.01,2.236,3032.9,19,0
M042,CONVEYOR,2025-01-01,39.54,1.214,3052.0,12,0
M042,CONVEYOR,2025-01-02,40.01,1.118,3067.2,13,0
M042,CONVEYOR,2025-01-03,41.48,0.915,3086.4,14,0
M042,CONVEYOR,2025-01-04,37.37,1.057,3100.4,15,0
M042,CONVEYOR,2025-01-05,36.08,0.863,3109.6,16,0
M042,CONVEYOR,2025-01-06,36.06,1.052,3121.8,17,0
M042,CONVEYOR,2025-01-07,38.32,1.443,3140.4,18,0
M042,CONVEYOR,2025-01-08,41.42,1.103,3152.1,19,0
M042,CONVEYOR,2025-01-09,40.51,1.07,3166.6,20,0
M042,CONVEYOR,2025-01-10,41.58,1.087,3183.0,21,0
M042,CONVEYOR,2025-01-11,37.98,1.311,3198.4,22,0
M042,CONVEYOR,2025-01-12,40.34,1.102,3214.7,23,0
M042,CONVEYOR,2025-01-13,34.68,1.026,3227.0,24,0
M042,CONVEYOR,2025-01-14,39.82,1.088,3234.4,25,0
M042,CONVEYOR,2025-01-15,41.92,1.249,3247.3,26,0
M042,CONVEYOR,2025-01-16,44.38,1.493,3259.9,27,0
M042,CONVEYOR,2025-01-17,38.45,0.986,3270.3,28,0
M042,CONVEYOR,2025-01-18,42.13,1.065,3277.0,0,0
M042,CONVEYOR,2025-01-19,40.19,1.472,3295.8,1,0
M042,CONVEYOR,2025-01-20,40.05,1.281,3309.0,2,0
M042,CONVEYOR,2025-01-21,37.6,1.144,3319.0,3,0
M042,CONVEYOR,2025-01-22,40.23,1.159,3332.8,4,0
M042,CONVEYOR,2025-01-23,40.82,1.409,3341.2,5,0
M042,CONVEYOR,2025-01-24,38.92,1.296,3356.9,6,0
M042,CONVEYOR,2025-01-25,42.12,1.222,3363.6,7,0
M042,CONVEYOR,2025-01-26,42.21,0.977,3380.5,8,0
M042,CONVEYOR,2025-01-27,43.19,1.771,3395.2,9,0
M042,CONVEYOR,2025-01-28,38.47,1.184,3413.7,10,0
M042,CONVEYOR,2025-01-29,38.56,1.427,3432.7,11,0
M042,CONVEYOR,2025-01-30,39.1,1.195,3449.5,12,0
M042,CONVEYOR,2025-01-31,36.83,1.33,3459.1,13,0
M042,CONVEYOR,2025-02-01,39.39,1.194,3476.4,14,0
M042,CONVEYOR,2025-02-02,37.84,1.483,3491.9,15,0
M042,CONVEYOR,2025-02-03,37.46,1.176,3498.5,16,0
M042,CONVEYOR,2025-02-04,40.77,0.999,3513.9,17,0
M042,CONVEYOR,2025-02-05,42.68,1.195,3531.7,18,0
M042,CONVEYOR,2025-02-06,37.48,1.367,3538.5,19,0
M042,CONVEYOR,2025-02-07,43.86,1.302,3545.3,20,0
M042,CONVEYOR,2025-02-08,40.02,0.87,3553.6,21,0
M042,CONVEYOR,2025-02-09,41.12,1.522,3564.1,22,0
M042,CONVEYOR,2025-02-10,38.56,1.138,3576.8,23,0
M042,CONVEYOR,2025-02-11,41.86,1.394,3588.0,24,0
M042,CONVEYOR,2025-02-12,43.35,1.174,3600.8,25,0
M042,CONVEYOR,2025-02-13,42.46,0.992,3614.3,26,0
M042,CONVEYOR,2025-02-14,40.19,1.314,3630.8,27,0
M042,CONVEYOR,2025-02-15,40.59,1.416,3645.0,28,0
M042,CONVEYOR,2025-02-16,39.54,1.098,3660.4,29,0
M042,CONVEYOR,2025-02-17,41.4,1.217,3677.8,30,0
M042,CONVEYOR,2025-02-18,37.34,0.995,3692.8,0,0
M042,CONVEYOR,2025-02-19,39.97,1.304,3710.3,1,0
M042,CONVEYOR,2025-02-20,41.45,1.259,3719.8,2,0
M042,CONVEYOR,2025-02-21,39.44,1.358,3729.9,3,0
M042,CONVEYOR,2025-02-22,40.4,1.709,3746.8,4,0
M042,CONVEYOR,2025-02-23,38.05,1.251,3766.5,5,0
M042,CONVEYOR,2025-02-24,41.07,1.329,3782.5,6,0
M042,CONVEYOR,2025-02-25,40.6,1.067,3792.2,7,0
M042,CONVEYOR,2025-02-26,37.82,1.207,3802.1,8,0
M042,CONVEYOR,2025-02-27,39.82,1.34,3815.4,9,0
M042,CONVEYOR,2025-02-28,41.33,1.201,3834.3,10,0
M042,CONVEYOR,2025-03-01,38.65,1.228,3847.2,11,0
M042,CONVEYOR,2025-03-02,40.25,1.193,3858.2,12,0
M042,CONVEYOR,2025-03-03,37.87,0.981,3869.6,13,0
M042,CONVEYOR,2025-03-04,42.77,1.467,3884.2,14,0
M042,CONVEYOR,2025-03-05,38.25,1.129,3892.2,15,0
M042,CONVEYOR,2025-03-06,38.07,1.865,3901.7,16,0
M042,CONVEYOR,2025-03-07,38.76,1.158,3919.7,17,0
M042,CONVEYOR,2025-03-08,43.17,1.45,3936.2,18,0
M042,CONVEYOR,2025-03-09,43.83,1.654,3951.6,19,0
M042,CONVEYOR,2025-03-10,37.38,0.963,3961.4,20,0
M042,CONVEYOR,2025-03-11,37.89,1.503,3970.2,21,0
M042,CONVEYOR,2025-03-12,43.62,1.546,3981.6,22,0
M042,CONVEYOR,2025-03-13,39.5,1.344,3997.4,23,0
M042,CONVEYOR,2025-03-14,40.58,1.352,4014.2,24,0
M042,CONVEYOR,2025-03-15,41.91,1.274,4032.6,25,0
M042,CONVEYOR,2025-03-16,38.91,1.358,4048.7,26,0
M042,CONVEYOR,2025-03-17,39.64,1.365,4066.6,27,0
M042,CONVEYOR,2025-03-18,45.18,1.001,4072.7,28,0
M042,CONVEYOR,2025-03-19,39.62,1.157,4089.9,29,0
M042,CONVEYOR,2025-03-20,41.77,1.311,4107.4,30,0
M042,CONVEYOR,2025-03-21,38.22,1.232,4114.2,31,0
M042,CONVEYOR,2025-03-22,39.56,1.332,4131.1,32,0
M042,CONVEYOR,2025-03-23,39.72,1.071,4146.3,33,0
M042,CONVEYOR,2025-03-24,37.79,1.085,4159.4,0,0
M042,CONVEYOR,2025-03-25,37.89,1.216,4168.9,1,0
M042,CONVEYOR,2025-03-26,43.31,1.558,4176.0,2,0
M042,CONVEYOR,2025-03-27,40.05,1.379,4192.1,3,0
M042,CONVEYOR,2025-03-28,38.52,1.279,4207.4,4,0
M042,CONVEYOR,2025-03-29,41.08,0.888,4225.2,5,0
M042,CONVEYOR,2025-03-30,40.5,1.365,4237.1,6,0
M042,CONVEYOR,2025-03-31,40.16,0.908,4249.6,7,0
M042,CONVEYOR,2025-04-01,40.9,1.066,4257.5,8,0
M042,CONVEYOR,2025-04-02,41.29,1.228,4275.7,9,0
M042,CONVEYOR,2025-04-03,38.58,1.32,4284.1,10,0
M042,CONVEYOR,2025-04-04,40.92,1.351,4298.1,11,0
M042,CONVEYOR,2025-04-05,40.46,1.256,4315.1,12,0
M042,CONVEYOR,2025-04-06,38.39,1.317,4329.6,13,0
M042,CONVEYOR,2025-04-07,39.23,1.515,4344.4,14,0
M042,CONVEYOR,2025-04-08,38.48,1.256,4357.0,15,0
M042,CONVEYOR,2025-04-09,41.14,1.594,4374.2,16,0
M042,CONVEYOR,2025-04-10,41.93,1.508,4392.2,17,0
M042,CONVEYOR,2025-04-11,38.79,1.185,4402.4,18,0
M042,CONVEYOR,2025-04-12,42.82,1.291,4414.0,19,0
M042,CONVEYOR,2025-04-13,38.5,1.027,4420.7,20,0
M042,CONVEYOR,2025-04-14,40.52,1.436,4440.2,21,0
M042,CONVEYOR,2025-04-15,43.48,1.303,4456.7,22,0
M042,CONVEYOR,2025-04-16,42.78,1.215,4471.8,23,0
M042,CONVEYOR,2025-04-17,44.84,1.192,4491.3,24,0
M042,CONVEYOR,2025-04-18,41.33,1.571,4503.7,25,0
M042,CONVEYOR,2025-04-19,40.76,1.219,4511.4,26,0
M042,CONVEYOR,2025-04-20,38.68,1.162,4523.8,27,0
M042,CONVEYOR,2025-04-21,39.46,1.312,4540.4,28,0
M042,CONVEYOR,2025-04-22,39.86,1.231,4554.1,29,0
M042,CONVEYOR,2025-04-23,41.14,1.203,4572.0,30,0
M042,CONVEYOR,2025-04-24,39.4,1.2,4581.6,0,0
M042,CONVEYOR,2025-04-25,40.72,1.318,4587.9,1,0
M042,CONVEYOR,2025-04-26,37.24,1.117,4606.0,2,0
M042,CONVEYOR,2025-04-27,38.24,1.103,4622.1,3,0
M042,CONVEYOR,2025-04-28,40.73,1.354,4632.0,4,0
M042,CONVEYOR,2025-04-29,40.74,0.774,4641.9,5,0
M042,CONVEYOR,2025-04-30,36.58,1.036,4661.0,6,0
M042,CONVEYOR,2025-05-01,41.09,1.242,4668.0,7,0
M042,CONVEYOR,2025-05-02,38.87,1.01,4681.8,8,0
M042,CONVEYOR,2025-05-03,36.51,1.212,4688.9,9,0
M042,CONVEYOR,2025-05-04,39.36,1.352,4697.2,10,0
M042,CONVEYOR,2025-05-05,38.15,1.148,4706.3,11,0
M042,CONVEYOR,2025-05-06,38.69,1.532,4725.1,12,0
M042,CONVEYOR,2025-05-07,37.9,1.17,4735.6,13,0
M042,CONVEYOR,2025-05-08,37.17,1.335,4743.1,14,0
M042,CONVEYOR,2025-05-09,39.04,1.331,4751.1,15,0
M042,CONVEYOR,2025-05-10,38.71,1.445,4757.2,16,0
M042,CONVEYOR,2025-05-11,40.91,1.18,4772.8,17,0
M042,CONVEYOR,2025-05-12,41.02,1.197,4782.4,18,0
M042,CONVEYOR,2025-05-13,42.47,0.854,4798.1,19,0
M042,CONVEYOR,2025-05-14,38.37,1.009,4812.5,20,0
M042,CONVEYOR,2025-05-15,42.44,0.944,4821.0,21,0
M042,CONVEYOR,2025-05-16,41.47,1.092,4832.9,22,0
M042,CONVEYOR,2025-05-17,37.74,1.623,4846.6,23,0
M042,CONVEYOR,2025-05-18,39.57,1.681,4859.0,24,0
M042,CONVEYOR,2025-05-19,36.69,1.305,4872.4,25,0
M042,CONVEYOR,2025-05-20,38.84,1.162,4881.7,26,0
M042,CONVEYOR,2025-05-21,38.89,1.04,4900.6,27,0
M042,CONVEYOR,2025-05-22,39.19,1.116,4907.0,28,0
M042,CONVEYOR,2025-05-23,41.59,1.162,4925.4,29,0
M042,CONVEYOR,2025-05-24,41.31,1.423,4934.8,0,0
M042,CONVEYOR,2025-05-25,40.6,1.264,4953.5,1,0
M042,CONVEYOR,2025-05-26,39.92,1.348,4960.4,2,0
M042,CONVEYOR,2025-05-27,39.69,0.93,4973.5,3,0
M042,CONVEYOR,2025-05-28,38.15,1.315,4986.6,4,0
M042,CONVEYOR,2025-05-29,43.96,1.402,4993.3,5,0
M042,CONVEYOR,2025-05-30,39.25,0.918,5011.1,6,0
M042,CONVEYOR,2025-05-31,38.14,1.144,5026.6,7,0
M042,CONVEYOR,2025-06-01,41.71,1.288,5036.7,8,0
M042,CONVEYOR,2025-06-02,40.87,1.33,5044.9,9,0
M042,CONVEYOR,2025-06-03,42.28,1.28,5057.1,10,0
M042,CONVEYOR,2025-06-04,37.02,1.079,5072.0,11,0
M042,CONVEYOR,2025-06-05,43.32,1.401,5080.4,12,0
M042,CONVEYOR,2025-06-06,41.77,1.309,5092.1,13,0
M042,CONVEYOR,2025-06-07,38.83,0.843,5110.6,14,0
M042,CONVEYOR,2025-06-08,38.81,0.907,5129.8,15,0
M042,CONVEYOR,2025-06-09,37.47,1.396,5149.1,16,0
M042,CONVEYOR,2025-06-10,42.98,1.413,5158.8,17,0
M042,CONVEYOR,2025-06-11,37.03,1.175,5175.6,18,0
M042,CONVEYOR,2025-06-12,41.4,0.895,5184.5,19,0
M042,CONVEYOR,2025-06-13,40.16,1.256,5204.3,20,0
M042,CONVEYOR,2025-06-14,38.32,1.186,5217.4,21,0
M042,CONVEYOR,2025-06-15,42.66,1.2,5229.2,22,0
M042,CONVEYOR,2025-06-16,40.9,1.492,5248.0,23,0
M042,CONVEYOR,2025-06-17,40.09,1.26,5267.7,24,0
M042,CONVEYOR,2025-06-18,38.97,1.201,5282.4,25,0
M042,CONVEYOR,2025-06-19,42.66,1.269,5296.3,26,0
M042,CONVEYOR,2025-06-20,41.23,1.081,5306.6,27,0
M042,CONVEYOR,2025-06-21,40.4,1.211,5314.3,28,0
M042,CONVEYOR,2025-06-22,40.4,0.991,5331.2,29,0
M042,CONVEYOR,2025-06-23,41.28,0.826,5340.8,30,0
M042,CONVEYOR,2025-06-24,39.25,1.192,5356.5,31,0
M042,CONVEYOR,2025-06-25,40.41,0.621,5364.3,0,0
M042,CONVEYOR,2025-06-26,41.69,1.241,5373.1,1,0
M042,CONVEYOR,2025-06-27,43.54,1.277,5392.6,2,0
M042,CONVEYOR,2025-06-28,40.72,1.37,5402.9,3,0
M042,CONVEYOR,2025-06-29,39.87,0.996,5415.7,4,0
M043,PRESS,2025-01-01,65.87,2.66,2302.8,14,0
M043,PRESS,2025-01-02,65.43,2.672,2310.8,15,0
M043,PRESS,2025-01-03,62.72,2.357,2324.3,16,0
M043,PRESS,2025-01-04,64.68,3.351,2331.5,17,0
M043,PRESS,2025-01-05,75.81,2.468,2345.8,18,0
M043,PRESS,2025-01-06,64.21,2.933,2352.5,19,0
M043,PRESS,2025-01-07,65.46,3.037,2359.2,20,0
M043,PRESS,2025-01-08,64.97,3.326,2377.3,21,0
M043,PRESS,2025-01-09,56.58,2.461,2384.0,22,0
M043,PRESS,2025-01-10,69.16,2.673,2391.0,23,0
M043,PRESS,2025-01-11,60.91,2.65,2408.7,24,0
M043,PRESS,2025-01-12,63.26,2.942,2425.2,25,0
M043,PRESS,2025-01-13,58.58,2.936,2442.8,26,0
M043,PRESS,2025-01-14,67.05,3.032,2460.9,27,0
M043,PRESS,2025-01-15,63.86,2.543,2471.1,28,0
M043,PRESS,2025-01-16,64.97,3.283,2482.1,0,0
M043,PRESS,2025-01-17,59.74,2.584,2497.5,1,0
M043,PRESS,2025-01-18,63.25,3.238,2504.1,2,0
M043,PRESS,2025-01-19,60.82,2.796,2511.2,3,0
M043,PRESS,2025-01-20,64.31,2.79,2528.0,4,0
M043,PRESS,2025-01-21,71.51,2.944,2539.0,5,0
M043,PRESS,2025-01-22,66.23,3.325,2556.4,6,0
M043,PRESS,2025-01-23,61.34,3.525,2573.6,7,0
M043,PRESS,2025-01-24,63.14,3.264,2579.7,8,0
M043,PRESS,2025-01-25,65.42,2.877,2597.6,9,0
M043,PRESS,2025-01-26,66.7,2.566,2609.8,10,0
M043,PRESS,2025-01-27,70.69,2.224,2623.1,11,0
M043,PRESS,2025-01-28,68.51,2.777,2629.3,12,0
M043,PRESS,2025-01-29,63.98,3.025,2638.3,13,0
M043,PRESS,2025-01-30,64.89,2.69,2648.8,14,0
M043,PRESS,2025-01-31,65.97,2.391,2668.8,15,0
M043,PRESS,2025-02-01,66.28,3.705,2686.4,16,0
M043,PRESS,2025-02-02,62.41,3.023,2701.7,17,0
M043,PRESS,2025-02-03,60.88,4.265,2707.8,18,0
M043,PRESS,2025-02-04,74.75,3.183,2727.4,19,0
M043,PRESS,2025-02-05,61.9,2.813,2742.4,20,0
M043,PRESS,2025-02-06,66.17,2.736,2756.2,21,0
M043,PRESS,2025-02-07,65.75,2.953,2763.2,22,0
M043,PRESS,2025-02-08,64.34,2.557,2778.4,23,0
M043,PRESS,2025-02-09,72.44,2.669,2787.7,24,0
M043,PRESS,2025-02-10,58.53,3.013,2799.0,25,0
M043,PRESS,2025-02-11,65.21,2.896,2805.5,26,0
M043,PRESS,2025-02-12,62.98,3.279,2812.5,27,0
M043,PRESS,2025-02-13,58.62,3.36,2824.8,28,0
M043,PRESS,2025-02-14,61.73,2.569,2842.6,0,0
M043,PRESS,2025-02-15,62.0,2.436,2858.8,1,0
M043,PRESS,2025-02-16,68.35,3.025,2872.6,2,0
M043,PRESS,2025-02-17,63.67,3.499,2884.9,3,0
M043,PRESS,2025-02-18,62.92,2.76,2895.3,4,0
M043,PRESS,2025-02-19,59.15,2.475,2915.3,5,0
M043,PRESS,2025-02-20,67.59,2.971,2925.2,6,0
M043,PRESS,2025-02-21,63.4,3.041,2938.6,7,0
M043,PRESS,2025-02-22,62.99,2.382,2955.5,8,0
M043,PRESS,2025-02-23,64.27,3.604,2974.3,9,0
M043,PRESS,2025-02-24,66.18,2.95,2993.8,10,0
M043,PRESS,2025-02-25,66.9,3.189,3000.0,11,0
M043,PRESS,2025-02-26,63.57,3.726,3013.8,12,0
M043,PRESS,2025-02-27,65.58,3.385,3032.7,13,0
M043,PRESS,2025-02-28,60.95,2.403,3045.5,14,0
M043,PRESS,2025-03-01,72.78,3.124,3054.6,15,0
M043,PRESS,2025-03-02,65.42,2.542,3069.2,16,0
M043,PRESS,2025-03-03,67.75,2.629,3077.7,17,0
M043,PRESS,2025-03-04,65.23,2.731,3088.4,18,0
M043,PRESS,2025-03-05,71.19,3.141,3104.0,19,0
M043,PRESS,2025-03-06,64.64,3.57,3122.1,20,0
M043,PRESS,2025-03-07,71.63,3.083,3136.0,21,0
M043,PRESS,2025-03-08,59.9,3.256,3155.4,22,0
M043,PRESS,2025-03-09,65.76,3.24,3173.9,23,0
M043,PRESS,2025-03-10,71.72,3.551,3193.2,24,0
M043,PRESS,2025-03-11,74.9,3.733,3210.9,25,0
M043,PRESS,2025-03-12,73.61,3.734,3229.9,26,0
M043,PRESS,2025-03-13,72.97,4.335,3236.2,27,0
M043,PRESS,2025-03-14,74.52,3.085,3250.3,28,0
M043,PRESS,2025-03-15,80.03,3.74,3256.7,0,0
M043,PRESS,2025-03-16,79.59,4.282,3273.8,1,0
M043,PRESS,2025-03-17,79.46,4.396,3291.0,2,0
M043,PRESS,2025-03-18,81.5,4.408,3305.1,3,0
M043,PRESS,2025-03-19,75.3,4.997,3315.6,4,0
M043,PRESS,2025-03-20,82.19,4.339,3335.2,5,0
M043,PRESS,2025-03-21,75.26,4.875,3342.9,6,0
M043,PRESS,2025-03-22,86.24,4.922,3349.0,7,0
M043,PRESS,2025-03-23,81.95,5.041,3365.1,8,0
M043,PRESS,2025-03-24,78.83,5.69,3381.1,9,0
M043,PRESS,2025-03-25,68.35,4.45,3392.0,10,0
M043,PRESS,2025-03-26,90.48,4.984,3406.0,11,0
M043,PRESS,2025-03-27,77.93,4.869,3423.0,12,0
M043,PRESS,2025-03-28,68.17,5.296,3431.6,13,1
M043,PRESS,2025-03-29,83.85,5.755,3442.1,14,1
M043,PRESS,2025-03-30,76.84,5.322,3457.8,15,1
M043,PRESS,2025-03-31,75.19,5.345,3473.4,16,1
M043,PRESS,2025-04-01,84.66,6.405,3487.2,17,1
M043,PRESS,2025-04-02,83.4,6.728,3500.9,18,1
M043,PRESS,2025-04-03,84.38,4.411,3518.5,19,1
M043,PRESS,2025-04-04,58.95,2.555,3538.0,20,0
M044,ROBOT_ARM,2025-01-01,50.89,1.129,2100.8,3,0
M044,ROBOT_ARM,2025-01-02,41.53,1.56,2114.4,4,0
M044,ROBOT_ARM,2025-01-03,47.79,1.299,2130.3,5,0
M044,ROBOT_ARM,2025-01-04,41.35,1.481,2140.7,6,0
M044,ROBOT_ARM,2025-01-05,50.95,1.5,2158.1,7,0
M044,ROBOT_ARM,2025-01-06,43.15,1.632,2171.1,8,0
M044,ROBOT_ARM,2025-01-07,56.72,1.267,2178.3,9,0
M044,ROBOT_ARM,2025-01-08,50.64,1.659,2192.4,10,0
M044,ROBOT_ARM,2025-01-09,50.91,1.374,2203.7,11,0
M044,ROBOT_ARM,2025-01-10,47.81,1.67,2223.6,12,0
M044,ROBOT_ARM,2025-01-11,53.18,1.494,2240.6,13,0
M044,ROBOT_ARM,2025-01-12,42.85,1.071,2248.0,14,0
M044,ROBOT_ARM,2025-01-13,43.85,1.434,2262.3,15,0
M044,ROBOT_ARM,2025-01-14,52.54,1.642,2279.0,16,0
M044,ROBOT_ARM,2025-01-15,47.43,1.424,2297.7,17,0
M044,ROBOT_ARM,2025-01-16,49.76,1.718,2309.5,18,0
M044,ROBOT_ARM,2025-01-17,51.46,2.038,2323.9,19,0
M044,ROBOT_ARM,2025-01-18,50.33,1.792,2341.3,20,0
M044,ROBOT_ARM,2025-01-19,46.66,1.355,2351.0,21,0
M044,ROBOT_ARM,2025-01-20,51.38,1.497,2359.6,22,0
M044,ROBOT_ARM,2025-01-21,47.11,1.469,2372.4,23,0
M044,ROBOT_ARM,2025-01-22,51.64,1.472,2391.4,24,0
M044,ROBOT_ARM,2025-01-23,45.5,1.959,2399.1,25,0
M044,ROBOT_ARM,2025-01-24,45.28,1.316,2416.6,26,0
M044,ROBOT_ARM,2025-01-25,48.45,1.065,2436.2,0,0
M044,ROBOT_ARM,2025-01-26,48.29,1.158,2449.3,1,0
M044,ROBOT_ARM,2025-01-27,49.79,1.431,2466.5,2,0
M044,ROBOT_ARM,2025-01-28,49.25,1.52,2476.7,3,0
M044,ROBOT_ARM,2025-01-29,50.78,1.529,2495.0,4,0
M044,ROBOT_ARM,2025-01-30,47.3,1.381,2514.8,5,0
M044,ROBOT_ARM,2025-01-31,44.41,1.655,2524.0,6,0
M044,ROBOT_ARM,2025-02-01,45.57,1.447,2537.9,7,0
M044,ROBOT_ARM,2025-02-02,44.93,1.213,2546.8,8,0
M044,ROBOT_ARM,2025-02-03,49.93,1.258,2554.5,9,0
M044,ROBOT_ARM,2025-02-04,51.82,1.527,2564.0,10,0
M044,ROBOT_ARM,2025-02-05,47.29,1.434,2573.6,11,0
M044,ROBOT_ARM,2025-02-06,48.79,1.654,2584.2,12,0
M044,ROBOT_ARM,2025-02-07,43.85,1.34,2598.7,13,0
M044,ROBOT_ARM,2025-02-08,49.22,1.455,2613.6,14,0
M044,ROBOT_ARM,2025-02-09,47.72,1.629,2624.0,15,0
M044,ROBOT_ARM,2025-02-10,48.55,1.64,2630.3,16,0
M044,ROBOT_ARM,2025-02-11,48.82,1.566,2642.1,17,0
M044,ROBOT_ARM,2025-02-12,53.03,1.54,2651.9,18,0
M044,ROBOT_ARM,2025-02-13,48.57,1.358,2669.8,19,0
M044,ROBOT_ARM,2025-02-14,51.33,1.315,2677.6,20,0
M044,ROBOT_ARM,2025-02-15,51.42,1.485,2686.5,21,0
M044,ROBOT_ARM,2025-02-16,48.4,1.139,2703.5,22,0
M044,ROBOT_ARM,2025-02-17,48.35,1.615,2720.4,23,0
M044,ROBOT_ARM,2025-02-18,47.5,1.508,2733.8,24,0
M044,ROBOT_ARM,2025-02-19,46.33,1.674,2749.0,25,0
M044,ROBOT_ARM,2025-02-20,48.13,1.398,2758.2,26,0
M044,ROBOT_ARM,2025-02-21,48.89,1.507,2776.1,27,0
M044,ROBOT_ARM,2025-02-22,51.69,1.72,2786.4,28,0
M044,ROBOT_ARM,2025-02-23,44.15,1.608,2803.8,0,0
M044,ROBOT_ARM,2025-02-24,45.66,1.697,2819.4,1,0
M044,ROBOT_ARM,2025-02-25,47.67,1.417,2831.9,2,0
M044,ROBOT_ARM,2025-02-26,54.93,1.567,2841.4,3,0
M044,ROBOT_ARM,2025-02-27,47.95,1.589,2848.6,4,0
M044,ROBOT_ARM,2025-02-28,49.91,1.248,2855.9,5,0
M044,ROBOT_ARM,2025-03-01,53.6,1.52,2873.9,6,0
M044,ROBOT_ARM,2025-03-02,44.12,1.492,2889.4,7,0
M044,ROBOT_ARM,2025-03-03,49.58,1.507,2895.4,8,0
M044,ROBOT_ARM,2025-03-04,49.96,1.588,2905.3,9,0
M044,ROBOT_ARM,2025-03-05,47.15,1.273,2921.6,10,0
M044,ROBOT_ARM,2025-03-06,49.66,1.429,2930.1,11,0
M044,ROBOT_ARM,2025-03-07,42.03,1.671,2946.7,12,0
M044,ROBOT_ARM,2025-03-08,49.53,1.31,2959.0,13,0
M044,ROBOT_ARM,2025-03-09,44.38,1.449,2971.9,14,0
M044,ROBOT_ARM,2025-03-10,50.24,1.488,2982.7,15,0
M044,ROBOT_ARM,2025-03-11,50.88,1.422,2998.9,16,0
M044,ROBOT_ARM,2025-03-12,49.56,1.569,3007.0,17,0
M044,ROBOT_ARM,2025-03-13,50.91,1.738,3022.5,18,0
M044,ROBOT_ARM,2025-03-14,49.95,1.222,3031.1,19,0
M044,ROBOT_ARM,2025-03-15,44.22,1.32,3050.8,20,0
M044,ROBOT_ARM,2025-03-16,45.16,1.708,3068.2,21,0
M044,ROBOT_ARM,2025-03-17,44.75,1.715,3081.0,22,0
M044,ROBOT_ARM,2025-03-18,48.72,1.405,3088.5,23,0
M044,ROBOT_ARM,2025-03-19,45.07,1.548,3098.3,24,0
M044,ROBOT_ARM,2025-03-20,49.26,1.262,3109.6,25,0
M044,ROBOT_ARM,2025-03-21,43.24,1.503,3122.1,26,0
M044,ROBOT_ARM,2025-03-22,49.43,1.177,3135.6,27,0
M044,ROBOT_ARM,2025-03-23,44.07,1.165,3142.7,28,0
M044,ROBOT_ARM,2025-03-24,47.23,1.527,3159.2,29,0
M044,ROBOT_ARM,2025-03-25,45.4,1.407,3173.3,30,0
M044,ROBOT_ARM,2025-03-26,51.47,1.711,3187.5,0,0
M044,ROBOT_ARM,2025-03-27,46.07,1.211,3195.6,1,0
M044,ROBOT_ARM,2025-03-28,49.94,1.373,3205.5,2,0
M044,ROBOT_ARM,2025-03-29,51.37,1.534,3223.7,3,0
M044,ROBOT_ARM,2025-03-30,47.23,1.411,3243.7,4,0
M044,ROBOT_ARM,2025-03-31,53.98,1.435,3261.9,5,0
M044,ROBOT_ARM,2025-04-01,48.7,1.562,3273.4,6,0
M044,ROBOT_ARM,2025-04-02,45.15,1.477,3287.4,7,0
M044,ROBOT_ARM,2025-04-03,46.51,1.572,3305.9,8,0
M044,ROBOT_ARM,2025-04-04,51.71,1.624,3321.6,9,0
M044,ROBOT_ARM,2025-04-05,45.44,1.876,3332.1,10,0
M044,ROBOT_ARM,2025-04-06,45.56,1.66,3341.8,11,0
M044,ROBOT_ARM,2025-04-07,50.25,1.701,3357.0,12,0
M044,ROBOT_ARM,2025-04-08,47.93,1.817,3370.2,13,0
M044,ROBOT_ARM,2025-04-09,49.46,1.489,3376.7,14,0
M044,ROBOT_ARM,2025-04-10,47.05,1.532,3383.5,15,0
M044,ROBOT_ARM,2025-04-11,50.71,1.182,3401.0,16,0
M044,ROBOT_ARM,2025-04-12,49.33,1.121,3410.0,17,0
M044,ROBOT_ARM,2025-04-13,40.51,1.503,3423.8,18,0
M044,ROBOT_ARM,2025-04-14,49.56,1.774,3442.9,19,0
M044,ROBOT_ARM,2025-04-15,52.02,1.788,3460.5,20,0
M044,ROBOT_ARM,2025-04-16,51.11,1.783,3467.3,21,0
M044,ROBOT_ARM,2025-04-17,51.09,1.403,3474.3,22,0
M044,ROBOT_ARM,2025-04-18,46.99,1.402,3491.1,23,0
M044,ROBOT_ARM,2025-04-19,48.55,1.431,3498.4,24,0
M044,ROBOT_ARM,2025-04-20,45.94,1.688,3514.0,25,0
M044,ROBOT_ARM,2025-04-21,46.03,2.031,3521.0,26,0
M044,ROBOT_ARM,2025-04-22,49.35,1.577,3534.5,27,0
M044,ROBOT_ARM,2025-04-23,50.57,1.454,3543.3,28,0
M044,ROBOT_ARM,2025-04-24,49.82,1.142,3550.9,29,0
M044,ROBOT_ARM,2025-04-25,46.47,1.464,3568.7,0,0
M044,ROBOT_ARM,2025-04-26,43.95,1.219,3581.7,1,0
M044,ROBOT_ARM,2025-04-27,43.07,1.248,3594.8,2,0
M044,ROBOT_ARM,2025-04-28,51.38,1.128,3602.6,3,0
M044,ROBOT_ARM,2025-04-29,48.45,1.318,3616.6,4,0
M044,ROBOT_ARM,2025-04-30,48.06,1.582,3632.7,5,0
M044,ROBOT_ARM,2025-05-01,49.35,1.637,3651.3,6,0
M044,ROBOT_ARM,2025-05-02,45.46,1.577,3663.8,7,0
M044,ROBOT_ARM,2025-05-03,41.76,1.668,3680.9,8,0
M044,ROBOT_ARM,2025-05-04,44.02,1.436,3700.6,9,0
M044,ROBOT_ARM,2025-05-05,44.74,1.644,3717.1,10,0
M044,ROBOT_ARM,2025-05-06,50.48,1.312,3726.3,11,0
M044,ROBOT_ARM,2025-05-07,46.4,1.227,3745.5,12,0
M044,ROBOT_ARM,2025-05-08,51.86,1.243,3754.8,13,0
M044,ROBOT_ARM,2025-05-09,50.52,1.561,3766.8,14,0
M044,ROBOT_ARM,2025-05-10,52.33,1.919,3775.6,15,0
M044,ROBOT_ARM,2025-05-11,48.91,1.993,3789.9,16,0
M044,ROBOT_ARM,2025-05-12,56.76,1.848,3797.7,17,0
M044,ROBOT_ARM,2025-05-13,52.99,1.782,3813.7,18,0
M044,ROBOT_ARM,2025-05-14,52.46,2.063,3821.6,19,0
M044,ROBOT_ARM,2025-05-15,54.57,1.652,3841.1,20,0
M044,ROBOT_ARM,2025-05-16,58.27,2.158,3849.1,21,0
M044,ROBOT_ARM,2025-05-17,55.61,2.368,3856.0,22,0
M044,ROBOT_ARM,2025-05-18,45.92,2.067,3866.1,23,0
M044,ROBOT_ARM,2025-05-19,53.92,1.885,3881.2,24,0
M044,ROBOT_ARM,2025-05-20,55.97,2.396,3900.2,25,0
M044,ROBOT_ARM,2025-05-21,56.6,1.562,3908.1,26,0
M044,ROBOT_ARM,2025-05-22,58.55,2.037,3922.4,27,0
M044,ROBOT_ARM,2025-05-23,57.32,2.173,3932.7,28,0
M044,ROBOT_ARM,2025-05-24,60.24,2.386,3940.1,0,0
M044,ROBOT_ARM,2025-05-25,64.85,1.797,3954.6,1,0
M044,ROBOT_ARM,2025-05-26,57.87,2.699,3974.1,2,0
M044,ROBOT_ARM,2025-05-27,61.43,3.04,3989.8,3,0
M044,ROBOT_ARM,2025-05-28,69.58,2.651,3997.2,4,0
M044,ROBOT_ARM,2025-05-29,76.93,2.314,4014.8,5,0
M044,ROBOT_ARM,2025-05-30,61.83,1.996,4022.6,6,1
M044,ROBOT_ARM,2025-05-31,60.54,2.605,4035.3,7,1
M044,ROBOT_ARM,2025-06-01,59.92,2.615,4042.1,8,1
M044,ROBOT_ARM,2025-06-02,66.78,2.629,4060.4,9,1
M044,ROBOT_ARM,2025-06-03,58.1,2.808,4070.9,10,1
M044,ROBOT_ARM,2025-06-04,62.45,2.796,4082.2,11,1
M044,ROBOT_ARM,2025-06-05,58.81,3.298,4101.9,12,1
M044,ROBOT_ARM,2025-06-06,45.65,1.438,4110.4,13,0
M045,PUMP,2025-01-01,57.43,2.727,3190.3,9,0
M045,PUMP,2025-01-02,59.0,1.951,3201.1,10,0
M045,PUMP,2025-01-03,56.86,2.611,3212.4,11,0
M045,PUMP,2025-01-04,60.65,2.192,3220.8,12,0
M045,PUMP,2025-01-05,61.29,2.628,3230.5,13,0
M045,PUMP,2025-01-06,55.28,2.978,3249.8,14,0
M045,PUMP,2025-01-07,60.6,2.281,3266.7,15,0
M045,PUMP,2025-01-08,64.91,2.38,3273.0,16,0
M045,PUMP,2025-01-09,61.96,2.121,3280.7,17,0
M045,PUMP,2025-01-10,55.12,1.981,3294.4,18,0
M045,PUMP,2025-01-11,57.55,2.071,3302.7,19,0
M045,PUMP,2025-01-12,60.62,3.053,3310.1,20,0
M045,PUMP,2025-01-13,55.92,2.111,3329.2,21,0
M045,PUMP,2025-01-14,58.64,2.293,3341.1,22,0
M045,PUMP,2025-01-15,59.47,2.676,3347.8,23,0
M045,PUMP,2025-01-16,58.07,2.636,3355.5,24,0
M045,PUMP,2025-01-17,59.6,2.963,3363.3,25,0
M045,PUMP,2025-01-18,61.46,2.148,3379.3,26,0
M045,PUMP,2025-01-19,57.97,2.319,3394.8,27,0
M045,PUMP,2025-01-20,59.39,2.316,3410.0,28,0
M045,PUMP,2025-01-21,58.46,2.61,3428.4,29,0
M045,PUMP,2025-01-22,61.51,2.053,3437.4,0,0
M045,PUMP,2025-01-23,54.31,2.673,3450.7,1,0
M045,PUMP,2025-01-24,64.29,2.248,3459.1,2,0
M045,PUMP,2025-01-25,63.65,2.239,3468.3,3,0
M045,PUMP,2025-01-26,63.09,2.807,3477.2,4,0
M045,PUMP,2025-01-27,62.08,2.922,3484.3,5,0
M045,PUMP,2025-01-28,59.27,2.211,3495.0,6,0
M045,PUMP,2025-01-29,59.67,2.836,3501.6,7,0
M045,PUMP,2025-01-30,62.35,2.239,3512.9,8,0
M045,PUMP,2025-01-31,55.21,2.435,3532.1,9,0
M045,PUMP,2025-02-01,57.57,2.621,3548.6,10,0
M045,PUMP,2025-02-02,58.81,2.868,3558.8,11,0
M045,PUMP,2025-02-03,54.39,2.888,3565.8,12,0
M045,PUMP,2025-02-04,61.0,2.317,3583.0,13,0
M045,PUMP,2025-02-05,63.33,2.423,3589.4,14,0
M045,PUMP,2025-02-06,59.52,1.968,3608.4,15,0
M045,PUMP,2025-02-07,60.73,2.321,3617.0,16,0
M045,PUMP,2025-02-08,62.56,2.921,3634.4,17,0
M045,PUMP,2025-02-09,62.69,2.867,3653.8,18,0
M045,PUMP,2025-02-10,63.27,2.883,3672.2,19,0
M045,PUMP,2025-02-11,59.28,2.447,3685.2,20,0
M045,PUMP,2025-02-12,57.14,2.357,3696.5,21,0
M045,PUMP,2025-02-13,60.34,1.897,3714.4,22,0
M045,PUMP,2025-02-14,57.87,2.533,3728.5,23,0
M045,PUMP,2025-02-15,62.03,2.148,3746.1,24,0
M045,PUMP,2025-02-16,60.95,2.479,3757.1,25,0
M045,PUMP,2025-02-17,64.71,2.769,3776.4,26,0
M045,PUMP,2025-02-18,63.2,2.133,3785.5,27,0
M045,PUMP,2025-02-19,62.86,2.717,3797.4,28,0
M045,PUMP,2025-02-20,59.07,2.498,3816.8,29,0
M045,PUMP,2025-02-21,59.08,2.923,3833.0,30,0
M045,PUMP,2025-02-22,62.3,2.025,3844.3,31,0
M045,PUMP,2025-02-23,62.41,2.41,3857.4,32,0
M045,PUMP,2025-02-24,60.8,3.183,3875.6,0,0
M045,PUMP,2025-02-25,56.98,2.005,3888.2,1,0
M045,PUMP,2025-02-26,59.38,1.843,3899.7,2,0
M045,PUMP,2025-02-27,59.67,2.639,3908.5,3,0
M045,PUMP,2025-02-28,56.95,2.396,3921.5,4,0
M045,PUMP,2025-03-01,62.34,2.798,3927.7,5,0
M045,PUMP,2025-03-02,58.92,2.459,3939.5,6,0
M045,PUMP,2025-03-03,64.67,2.377,3952.6,7,0
M045,PUMP,2025-03-04,64.05,2.535,3966.4,8,0
M045,PUMP,2025-03-05,59.89,2.813,3976.8,9,0
M045,PUMP,2025-03-06,55.97,2.825,3986.0,10,0
M045,PUMP,2025-03-07,58.39,2.14,4001.6,11,0
M045,PUMP,2025-03-08,59.62,2.601,4008.0,12,0
M045,PUMP,2025-03-09,61.93,3.051,4015.9,13,0
M045,PUMP,2025-03-10,56.65,1.978,4025.6,14,0
M045,PUMP,2025-03-11,63.31,2.637,4038.6,15,0
M045,PUMP,2025-03-12,59.78,2.981,4046.7,16,0
M045,PUMP,2025-03-13,62.38,2.754,4065.4,17,0
M045,PUMP,2025-03-14,58.68,2.453,4085.0,18,0
M045,PUMP,2025-03-15,60.32,2.289,4098.3,19,0
M045,PUMP,2025-03-16,60.73,2.893,4108.7,20,0
M045,PUMP,2025-03-17,57.19,1.827,4115.7,21,0
M045,PUMP,2025-03-18,57.86,3.075,4132.0,22,0
M045,PUMP,2025-03-19,55.8,2.359,4142.3,23,0
M045,PUMP,2025-03-20,58.63,2.151,4155.9,24,0
M045,PUMP,2025-03-21,62.0,3.341,4175.5,25,0
M045,PUMP,2025-03-22,64.25,2.606,4184.9,26,0
M045,PUMP,2025-03-23,52.07,1.711,4203.8,27,0
M045,PUMP,2025-03-24,56.48,3.051,4217.3,28,0
M045,PUMP,2025-03-25,59.7,2.423,4229.7,29,0
M045,PUMP,2025-03-26,62.18,2.475,4245.9,30,0
M045,PUMP,2025-03-27,62.27,2.063,4265.3,0,0
M045,PUMP,2025-03-28,59.16,2.437,4272.7,1,0
M045,PUMP,2025-03-29,64.18,2.548,4288.9,2,0
M045,PUMP,2025-03-30,59.47,2.737,4298.4,3,0
M045,PUMP,2025-03-31,56.87,2.189,4315.3,4,0
M045,PUMP,2025-04-01,64.57,2.504,4323.9,5,0
M045,PUMP,2025-04-02,56.91,2.491,4340.2,6,0
M045,PUMP,2025-04-03,65.29,2.667,4350.4,7,0
M045,PUMP,2025-04-04,61.66,3.117,4368.9,8,0
M045,PUMP,2025-04-05,54.81,2.045,4384.2,9,0
M045,PUMP,2025-04-06,59.76,2.713,4390.9,10,0
M045,PUMP,2025-04-07,55.67,2.45,4403.2,11,0
M045,PUMP,2025-04-08,57.61,2.563,4412.3,12,0
M045,PUMP,2025-04-09,56.74,2.356,4422.2,13,0
M045,PUMP,2025-04-10,61.31,2.235,4431.1,14,0
M045,PUMP,2025-04-11,56.3,3.383,4440.7,15,0
M045,PUMP,2025-04-12,61.8,2.209,4454.2,16,0
M045,PUMP,2025-04-13,65.31,2.561,4469.1,17,0
M045,PUMP,2025-04-14,61.56,2.744,4484.3,18,0
M045,PUMP,2025-04-15,56.23,2.399,4501.2,19,0
M045,PUMP,2025-04-16,59.22,2.638,4518.4,20,0
M045,PUMP,2025-04-17,57.59,2.245,4525.1,21,0
M045,PUMP,2025-04-18,58.71,2.499,4544.7,22,0
M045,PUMP,2025-04-19,52.94,2.599,4564.3,23,0
M045,PUMP,2025-04-20,56.99,2.705,4573.7,24,0
M045,PUMP,2025-04-21,61.53,2.264,4583.0,25,0
M045,PUMP,2025-04-22,59.89,2.296,4593.0,26,0
M045,PUMP,2025-04-23,61.71,2.364,4603.5,27,0
M045,PUMP,2025-04-24,62.24,3.176,4615.3,28,0
M045,PUMP,2025-04-25,59.6,2.465,4628.6,29,0
M045,PUMP,2025-04-26,57.88,2.7,4639.7,0,0
M045,PUMP,2025-04-27,56.2,2.077,4658.2,1,0
M045,PUMP,2025-04-28,57.8,2.786,4669.6,2,0
M045,PUMP,2025-04-29,62.66,2.305,4677.5,3,0
M045,PUMP,2025-04-30,61.92,2.377,4689.5,4,0
M045,PUMP,2025-05-01,61.18,2.68,4704.8,5,0
M045,PUMP,2025-05-02,57.26,2.466,4721.6,6,0
M045,PUMP,2025-05-03,61.74,2.309,4734.1,7,0
M045,PUMP,2025-05-04,60.9,2.401,4746.0,8,0
M045,PUMP,2025-05-05,59.9,2.471,4755.0,9,0
M045,PUMP,2025-05-06,63.8,1.557,4772.4,10,0
M045,PUMP,2025-05-07,62.19,2.157,4784.1,11,0
M045,PUMP,2025-05-08,60.13,2.203,4798.2,12,0
M045,PUMP,2025-05-09,57.49,2.244,4809.4,13,0
M045,PUMP,2025-05-10,59.03,2.526,4825.3,14,0
M045,PUMP,2025-05-11,57.81,2.223,4842.3,15,0
M045,PUMP,2025-05-12,63.28,1.721,4858.7,16,0
M045,PUMP,2025-05-13,65.15,2.441,4868.6,17,0
M045,PUMP,2025-05-14,60.53,2.046,4888.0,18,0
M045,PUMP,2025-05-15,63.14,2.782,4903.2,19,0
M045,PUMP,2025-05-16,60.8,3.126,4913.4,20,0
M045,PUMP,2025-05-17,67.76,2.545,4932.4,21,0
M045,PUMP,2025-05-18,57.14,2.471,4950.7,22,0
M045,PUMP,2025-05-19,60.67,1.886,4961.0,23,0
M045,PUMP,2025-05-20,67.21,2.709,4973.5,24,0
M045,PUMP,2025-05-21,56.91,1.996,4986.4,25,0
M045,PUMP,2025-05-22,58.78,2.591,4995.1,0,0
M045,PUMP,2025-05-23,60.97,2.7,5003.5,1,0
M045,PUMP,2025-05-24,62.88,2.314,5014.4,2,0
M045,PUMP,2025-05-25,58.0,2.841,5021.4,3,0
M045,PUMP,2025-05-26,60.53,1.802,5037.0,4,0
M045,PUMP,2025-05-27,63.91,2.947,5049.9,5,0
M045,PUMP,2025-05-28,60.13,2.171,5063.8,6,0
M045,PUMP,2025-05-29,62.17,2.607,5072.3,7,0
M045,PUMP,2025-05-30,59.66,2.541,5078.7,8,0
M045,PUMP,2025-05-31,60.68,2.293,5097.3,9,0
M045,PUMP,2025-06-01,60.82,2.439,5107.6,10,0
M045,PUMP,2025-06-02,59.85,2.499,5121.8,11,0
M045,PUMP,2025-06-03,56.41,2.166,5135.4,12,0
M045,PUMP,2025-06-04,58.5,2.371,5153.8,13,0
M045,PUMP,2025-06-05,63.16,2.24,5160.1,14,0
M045,PUMP,2025-06-06,58.79,2.594,5176.0,15,0
M045,PUMP,2025-06-07,56.37,2.682,5189.6,16,0
M045,PUMP,2025-06-08,58.39,2.565,5200.2,17,0
M045,PUMP,2025-06-09,57.5,2.317,5215.8,18,0
M045,PUMP,2025-06-10,57.22,2.629,5224.9,19,0
M045,PUMP,2025-06-11,60.89,2.041,5244.0,20,0
M045,PUMP,2025-06-12,63.87,3.036,5255.4,21,0
M045,PUMP,2025-06-13,60.72,2.258,5269.9,22,0
M045,PUMP,2025-06-14,58.79,2.471,5282.1,23,0
M045,PUMP,2025-06-15,60.52,2.249,5294.8,24,0
M045,PUMP,2025-06-16,56.58,2.383,5310.5,25,0
M045,PUMP,2025-06-17,58.62,2.676,5323.8,0,0
M045,PUMP,2025-06-18,60.7,2.354,5332.8,1,0
M045,PUMP,2025-06-19,63.75,2.045,5352.2,2,0
M045,PUMP,2025-06-20,64.21,2.741,5363.3,3,0
M045,PUMP,2025-06-21,59.5,2.366,5371.7,4,0
M045,PUMP,2025-06-22,60.5,2.163,5382.7,5,0
M045,PUMP,2025-06-23,59.52,2.042,5394.9,6,0
M045,PUMP,2025-06-24,59.6,2.474,5410.0,7,0
M045,PUMP,2025-06-25,58.25,2.53,5426.8,8,0
M045,PUMP,2025-06-26,64.81,2.426,5439.5,9,0
M045,PUMP,2025-06-27,61.58,2.236,5449.0,10,0
M045,PUMP,2025-06-28,60.2,2.52,5468.7,11,0
M045,PUMP,2025-06-29,57.83,2.993,5488.6,12,0
M046,CNC_MILL,2025-01-01,58.26,2.136,3522.1,16,0
M046,CNC_MILL,2025-01-02,57.53,2.51,3536.9,17,0
M046,CNC_MILL,2025-01-03,59.93,1.395,3554.7,18,0
M046,CNC_MILL,2025-01-04,50.26,2.364,3568.2,19,0
M046,CNC_MILL,2025-01-05,52.47,2.053,3587.8,20,0
M046,CNC_MILL,2025-01-06,55.72,1.85,3603.7,21,0
M046,CNC_MILL,2025-01-07,59.49,2.249,3614.1,22,0
M046,CNC_MILL,2025-01-08,55.72,1.647,3628.9,23,0
M046,CNC_MILL,2025-01-09,54.01,1.805,3635.3,24,0
M046,CNC_MILL,2025-01-10,49.84,2.743,3651.1,25,0
M046,CNC_MILL,2025-01-11,57.35,1.826,3664.1,26,0
M046,CNC_MILL,2025-01-12,54.21,1.826,3675.1,27,0
M046,CNC_MILL,2025-01-13,51.89,1.728,3690.3,28,0
M046,CNC_MILL,2025-01-14,56.96,2.321,3702.1,29,0
M046,CNC_MILL,2025-01-15,59.44,1.784,3718.7,0,0
M046,CNC_MILL,2025-01-16,52.52,2.518,3733.8,1,0
M046,CNC_MILL,2025-01-17,55.82,1.886,3751.2,2,0
M046,CNC_MILL,2025-01-18,59.58,2.15,3769.9,3,0
M046,CNC_MILL,2025-01-19,52.04,2.149,3776.7,4,0
M046,CNC_MILL,2025-01-20,58.83,2.562,3789.3,5,0
M046,CNC_MILL,2025-01-21,52.46,2.112,3798.6,6,0
M046,CNC_MILL,2025-01-22,47.47,1.906,3817.2,7,0
M046,CNC_MILL,2025-01-23,58.49,2.067,3837.0,8,0
M046,CNC_MILL,2025-01-24,51.09,1.468,3847.9,9,0
M046,CNC_MILL,2025-01-25,56.06,2.318,3861.7,10,0
M046,CNC_MILL,2025-01-26,56.34,2.07,3880.6,11,0
M046,CNC_MILL,2025-01-27,56.52,2.659,3889.1,12,0
M046,CNC_MILL,2025-01-28,52.83,1.943,3901.1,13,0
M046,CNC_MILL,2025-01-29,51.11,1.709,3907.8,14,0
M046,CNC_MILL,2025-01-30,50.61,1.502,3920.8,15,0
M046,CNC_MILL,2025-01-31,53.15,2.206,3933.6,16,0
M046,CNC_MILL,2025-02-01,52.64,1.807,3946.4,17,0
M046,CNC_MILL,2025-02-02,50.24,1.439,3959.0,18,0
M046,CNC_MILL,2025-02-03,56.48,2.328,3972.1,19,0
M046,CNC_MILL,2025-02-04,50.71,1.888,3983.1,20,0
M046,CNC_MILL,2025-02-05,55.41,1.714,3995.7,21,0
M046,CNC_MILL,2025-02-06,54.76,2.069,4011.4,22,0
M046,CNC_MILL,2025-02-07,57.86,1.746,4029.1,23,0
M046,CNC_MILL,2025-02-08,60.27,1.821,4036.7,24,0
M046,CNC_MILL,2025-02-09,53.32,1.68,4043.1,25,0
M046,CNC_MILL,2025-02-10,55.22,1.547,4058.2,26,0
M046,CNC_MILL,2025-02-11,52.93,2.257,4065.5,27,0
M046,CNC_MILL,2025-02-12,49.96,2.0,4082.1,0,0
M046,CNC_MILL,2025-02-13,53.0,1.917,4089.3,1,0
M046,CNC_MILL,2025-02-14,55.95,2.451,4103.6,2,0
M046,CNC_MILL,2025-02-15,58.13,1.71,4118.4,3,0
M046,CNC_MILL,2025-02-16,51.88,2.135,4133.7,4,0
M046,CNC_MILL,2025-02-17,51.89,2.264,4147.6,5,0
M046,CNC_MILL,2025-02-18,50.27,2.388,4154.9,6,0
M046,CNC_MILL,2025-02-19,53.18,1.598,4166.3,7,0
M046,CNC_MILL,2025-02-20,54.52,2.229,4184.7,8,0
M046,CNC_MILL,2025-02-21,56.61,1.871,4203.3,9,0
M046,CNC_MILL,2025-02-22,58.28,1.963,4211.1,10,0
M046,CNC_MILL,2025-02-23,61.84,1.639,4229.5,11,0
M046,CNC_MILL,2025-02-24,56.38,2.063,4238.5,12,0
M046,CNC_MILL,2025-02-25,56.63,1.586,4251.5,13,0
M046,CNC_MILL,2025-02-26,58.75,1.593,4260.8,14,0
M046,CNC_MILL,2025-02-27,53.25,1.963,4275.6,15,0
M046,CNC_MILL,2025-02-28,49.61,1.546,4294.4,16,0
M046,CNC_MILL,2025-03-01,50.19,1.889,4300.5,17,0
M046,CNC_MILL,2025-03-02,56.88,2.077,4316.2,18,0
M046,CNC_MILL,2025-03-03,58.15,1.724,4334.0,19,0
M046,CNC_MILL,2025-03-04,59.44,2.222,4340.2,20,0
M046,CNC_MILL,2025-03-05,53.08,2.128,4351.0,21,0
M046,CNC_MILL,2025-03-06,52.4,1.932,4365.5,22,0
M046,CNC_MILL,2025-03-07,53.41,2.13,4373.9,23,0
M046,CNC_MILL,2025-03-08,55.59,1.795,4384.7,24,0
M046,CNC_MILL,2025-03-09,56.87,2.602,4392.2,25,0
M046,CNC_MILL,2025-03-10,54.84,2.678,4399.2,26,0
M046,CNC_MILL,2025-03-11,54.23,2.543,4419.1,27,0
M046,CNC_MILL,2025-03-12,52.8,2.735,4429.1,28,0
M046,CNC_MILL,2025-03-13,56.76,2.089,4443.8,29,0
M046,CNC_MILL,2025-03-14,52.8,1.722,4449.9,30,0
M046,CNC_MILL,2025-03-15,58.41,2.334,4463.9,31,0
M046,CNC_MILL,2025-03-16,60.95,2.224,4476.0,32,0
M046,CNC_MILL,2025-03-17,57.91,1.885,4494.0,33,0
M046,CNC_MILL,2025-03-18,54.59,1.672,4506.9,34,0
M046,CNC_MILL,2025-03-19,54.87,1.551,4520.3,0,0
M046,CNC_MILL,2025-03-20,56.14,2.07,4529.2,1,0
M046,CNC_MILL,2025-03-21,58.0,2.08,4547.4,2,0
M046,CNC_MILL,2025-03-22,57.36,2.28,4554.9,3,0
M046,CNC_MILL,2025-03-23,52.11,2.294,4565.6,4,0
M046,CNC_MILL,2025-03-24,55.17,1.733,4576.2,5,0
M046,CNC_MILL,2025-03-25,52.54,2.352,4589.3,6,0
M046,CNC_MILL,2025-03-26,52.96,2.154,4596.6,7,0
M046,CNC_MILL,2025-03-27,53.02,2.136,4607.9,8,0
M046,CNC_MILL,2025-03-28,58.49,1.813,4623.2,9,0
M046,CNC_MILL,2025-03-29,52.46,1.769,4632.6,10,0
M046,CNC_MILL,2025-03-30,57.81,1.924,4647.7,11,0
M046,CNC_MILL,2025-03-31,59.1,2.505,4667.5,12,0
M046,CNC_MILL,2025-04-01,46.99,2.169,4679.8,13,0
M046,CNC_MILL,2025-04-02,50.34,2.015,4695.6,14,0
M046,CNC_MILL,2025-04-03,56.51,1.722,4706.1,15,0
M046,CNC_MILL,2025-04-04,55.56,1.868,4718.4,16,0
M046,CNC_MILL,2025-04-05,56.06,1.915,4733.8,17,0
M046,CNC_MILL,2025-04-06,53.46,2.173,4740.2,18,0
M046,CNC_MILL,2025-04-07,56.53,2.323,4758.0,19,0
M046,CNC_MILL,2025-04-08,59.86,2.257,4771.8,20,0
M046,CNC_MILL,2025-04-09,51.71,2.251,4790.6,21,0
M046,CNC_MILL,2025-04-10,55.65,1.691,4807.7,22,0
M046,CNC_MILL,2025-04-11,60.24,1.694,4817.4,23,0
M046,CNC_MILL,2025-04-12,57.57,2.311,4825.3,24,0
M046,CNC_MILL,2025-04-13,56.63,2.33,4843.0,25,0
M046,CNC_MILL,2025-04-14,55.22,1.529,4858.6,26,0
M046,CNC_MILL,2025-04-15,54.69,2.057,4869.0,27,0
M046,CNC_MILL,2025-04-16,58.44,1.896,4887.9,28,0
M046,CNC_MILL,2025-04-17,53.6,1.696,4902.3,29,0
M046,CNC_MILL,2025-04-18,56.63,2.338,4919.3,30,0
M046,CNC_MILL,2025-04-19,51.28,1.939,4937.4,31,0
M046,CNC_MILL,2025-04-20,56.57,2.127,4954.1,32,0
M046,CNC_MILL,2025-04-21,49.38,2.342,4971.3,33,0
M046,CNC_MILL,2025-04-22,56.67,2.295,4979.4,0,0
M046,CNC_MILL,2025-04-23,60.2,1.853,4991.2,1,0
M046,CNC_MILL,2025-04-24,56.94,1.851,5003.8,2,0
M046,CNC_MILL,2025-04-25,50.9,2.806,5020.2,3,0
M046,CNC_MILL,2025-04-26,57.8,2.057,5026.5,4,0
M046,CNC_MILL,2025-04-27,56.59,2.965,5033.5,5,0
M046,CNC_MILL,2025-04-28,53.72,2.241,5045.5,6,0
M046,CNC_MILL,2025-04-29,53.44,1.948,5061.1,7,0
M046,CNC_MILL,2025-04-30,58.72,1.951,5070.8,8,0
M046,CNC_MILL,2025-05-01,48.31,2.044,5086.1,9,0
M046,CNC_MILL,2025-05-02,53.28,1.921,5102.7,10,0
M046,CNC_MILL,2025-05-03,54.74,2.263,5119.4,11,0
M046,CNC_MILL,2025-05-04,54.98,1.79,5129.8,12,0
M046,CNC_MILL,2025-05-05,58.44,2.178,5144.7,13,0
M046,CNC_MILL,2025-05-06,52.22,1.919,5161.6,14,0
M046,CNC_MILL,2025-05-07,53.27,2.209,5171.9,15,0
M046,CNC_MILL,2025-05-08,53.88,1.995,5183.3,16,0
M046,CNC_MILL,2025-05-09,54.5,1.887,5202.0,17,0
M046,CNC_MILL,2025-05-10,55.86,2.056,5218.8,18,0
M046,CNC_MILL,2025-05-11,53.06,2.088,5227.7,19,0
M046,CNC_MILL,2025-05-12,55.08,2.275,5241.2,20,0
M046,CNC_MILL,2025-05-13,52.71,2.179,5258.7,21,0
M046,CNC_MILL,2025-05-14,51.11,2.563,5266.1,22,0
M046,CNC_MILL,2025-05-15,52.12,1.743,5273.1,23,0
M046,CNC_MILL,2025-05-16,55.69,1.806,5283.2,24,0
M046,CNC_MILL,2025-05-17,54.55,1.988,5289.3,25,0
M046,CNC_MILL,2025-05-18,45.68,1.864,5303.5,26,0
M046,CNC_MILL,2025-05-19,53.54,2.05,5321.6,27,0
M046,CNC_MILL,2025-05-20,51.31,1.71,5338.3,28,0
M046,CNC_MILL,2025-05-21,54.96,1.898,5346.1,0,0
M046,CNC_MILL,2025-05-22,53.12,1.823,5364.6,1,0
M046,CNC_MILL,2025-05-23,58.87,2.062,5380.4,2,0
M046,CNC_MILL,2025-05-24,55.88,2.384,5388.2,3,0
M046,CNC_MILL,2025-05-25,53.65,1.604,5407.4,4,0
M046,CNC_MILL,2025-05-26,56.72,1.327,5427.1,5,0
M046,CNC_MILL,2025-05-27,53.25,2.014,5446.4,6,0
M046,CNC_MILL,2025-05-28,56.57,2.129,5461.8,7,0
M046,CNC_MILL,2025-05-29,54.75,1.344,5468.2,8,0
M046,CNC_MILL,2025-05-30,53.55,1.832,5480.7,9,0
M046,CNC_MILL,2025-05-31,57.35,1.458,5489.1,10,0
M046,CNC_MILL,2025-06-01,60.45,2.368,5497.4,11,0
M046,CNC_MILL,2025-06-02,54.71,2.283,5503.5,12,0
M046,CNC_MILL,2025-06-03,55.75,2.608,5519.1,13,0
M046,CNC_MILL,2025-06-04,56.28,1.726,5528.6,14,0
M046,CNC_MILL,2025-06-05,56.98,2.043,5541.1,15,0
M046,CNC_MILL,2025-06-06,53.27,2.501,5549.8,16,0
M046,CNC_MILL,2025-06-07,49.42,2.044,5563.9,17,0
M046,CNC_MILL,2025-06-08,58.46,2.41,5582.0,18,0
M046,CNC_MILL,2025-06-09,52.66,2.08,5595.7,19,0
M046,CNC_MILL,2025-06-10,53.49,1.604,5613.2,20,0
M046,CNC_MILL,2025-06-11,55.02,2.228,5629.4,21,0
M046,CNC_MILL,2025-06-12,57.1,1.771,5645.9,22,0
M046,CNC_MILL,2025-06-13,51.54,2.059,5660.3,23,0
M046,CNC_MILL,2025-06-14,56.68,1.983,5674.1,24,0
M046,CNC_MILL,2025-06-15,51.86,2.484,5681.0,25,0
M046,CNC_MILL,2025-06-16,54.88,2.699,5693.0,26,0
M046,CNC_MILL,2025-06-17,53.25,2.434,5701.1,0,0
M046,CNC_MILL,2025-06-18,57.05,2.597,5711.2,1,0
M046,CNC_MILL,2025-06-19,54.28,2.716,5727.8,2,0
M046,CNC_MILL,2025-06-20,54.89,2.051,5738.5,3,0
M046,CNC_MILL,2025-06-21,57.95,1.917,5744.9,4,0
M046,CNC_MILL,2025-06-22,52.13,2.582,5756.6,5,0
M046,CNC_MILL,2025-06-23,52.19,1.796,5773.9,6,0
M046,CNC_MILL,2025-06-24,52.77,1.674,5789.9,7,0
M046,CNC_MILL,2025-06-25,53.94,2.305,5800.7,8,0
M046,CNC_MILL,2025-06-26,54.3,1.527,5809.4,9,0
M046,CNC_MILL,2025-06-27,50.94,1.87,5825.1,10,0
M046,CNC_MILL,2025-06-28,49.02,2.006,5834.8,11,0
M046,CNC_MILL,2025-06-29,55.49,2.068,5852.7,12,0
M047,CONVEYOR,2025-01-01,39.03,0.831,3322.0,4,0
M047,CONVEYOR,2025-01-02,40.54,1.087,3333.7,5,0
M047,CONVEYOR,2025-01-03,40.37,1.25,3349.4,6,0
M047,CONVEYOR,2025-01-04,42.37,1.203,3355.7,7,0
M047,CONVEYOR,2025-01-05,40.38,1.222,3369.4,8,0
M047,CONVEYOR,2025-01-06,39.92,1.3,3384.4,9,0
M047,CONVEYOR,2025-01-07,38.42,1.427,3392.2,10,0
M047,CONVEYOR,2025-01-08,36.19,1.228,3407.2,11,0
M047,CONVEYOR,2025-01-09,37.16,1.033,3424.0,12,0
M047,CONVEYOR,2025-01-10,40.21,1.315,3436.5,13,0
M047,CONVEYOR,2025-01-11,38.67,0.679,3450.5,14,0
M047,CONVEYOR,2025-01-12,38.15,0.91,3457.6,15,0
M047,CONVEYOR,2025-01-13,43.74,1.594,3473.2,16,0
M047,CONVEYOR,2025-01-14,40.19,1.057,3487.7,17,0
M047,CONVEYOR,2025-01-15,38.12,0.999,3503.5,18,0
M047,CONVEYOR,2025-01-16,39.33,0.945,3521.4,19,0
M047,CONVEYOR,2025-01-17,41.38,1.206,3539.2,20,0
M047,CONVEYOR,2025-01-18,40.18,0.735,3556.9,21,0
M047,CONVEYOR,2025-01-19,35.89,1.323,3572.8,22,0
M047,CONVEYOR,2025-01-20,41.69,1.47,3591.3,23,0
M047,CONVEYOR,2025-01-21,37.98,1.437,3597.8,24,0
M047,CONVEYOR,2025-01-22,39.66,1.079,3607.6,25,0
M047,CONVEYOR,2025-01-23,40.66,0.902,3625.9,26,0
M047,CONVEYOR,2025-01-24,38.99,1.131,3636.8,27,0
M047,CONVEYOR,2025-01-25,36.84,0.959,3655.2,0,0
M047,CONVEYOR,2025-01-26,39.41,1.144,3663.5,1,0
M047,CONVEYOR,2025-01-27,38.18,1.318,3678.7,2,0
M047,CONVEYOR,2025-01-28,38.28,1.101,3686.2,3,0
M047,CONVEYOR,2025-01-29,39.21,1.35,3697.0,4,0
M047,CONVEYOR,2025-01-30,38.34,1.266,3711.0,5,0
M047,CONVEYOR,2025-01-31,39.91,1.15,3729.0,6,0
M047,CONVEYOR,2025-02-01,36.03,1.148,3748.7,7,0
M047,CONVEYOR,2025-02-02,38.1,1.295,3761.0,8,0
M047,CONVEYOR,2025-02-03,37.03,1.179,3776.2,9,0
M047,CONVEYOR,2025-02-04,39.14,1.103,3783.3,10,0
M047,CONVEYOR,2025-02-05,43.77,1.216,3795.8,11,0
M047,CONVEYOR,2025-02-06,38.87,1.058,3802.7,12,0
M047,CONVEYOR,2025-02-07,35.79,1.296,3808.9,13,0
M047,CONVEYOR,2025-02-08,37.38,1.432,3816.3,14,0
M047,CONVEYOR,2025-02-09,39.76,1.23,3830.3,15,0
M047,CONVEYOR,2025-02-10,38.32,1.12,3843.0,16,0
M047,CONVEYOR,2025-02-11,40.67,1.442,3861.2,17,0
M047,CONVEYOR,2025-02-12,40.94,1.278,3873.6,18,0
M047,CONVEYOR,2025-02-13,42.65,1.303,3891.2,19,0
M047,CONVEYOR,2025-02-14,40.0,1.321,3901.4,20,0
M047,CONVEYOR,2025-02-15,42.6,1.153,3920.5,21,0
M047,CONVEYOR,2025-02-16,37.86,0.927,3931.9,22,0
M047,CONVEYOR,2025-02-17,41.82,1.349,3948.0,23,0
M047,CONVEYOR,2025-02-18,40.21,1.197,3964.8,24,0
M047,CONVEYOR,2025-02-19,43.29,1.265,3980.5,25,0
M047,CONVEYOR,2025-02-20,42.2,1.718,3991.1,26,0
M047,CONVEYOR,2025-02-21,45.37,1.285,4000.6,27,0
M047,CONVEYOR,2025-02-22,42.42,1.722,4012.7,0,0
M047,CONVEYOR,2025-02-23,42.15,0.923,4027.2,1,0
M047,CONVEYOR,2025-02-24,37.33,1.222,4037.1,2,0
M047,CONVEYOR,2025-02-25,39.93,1.296,4045.3,3,0
M047,CONVEYOR,2025-02-26,40.14,1.4,4051.7,4,0
M047,CONVEYOR,2025-02-27,37.87,1.327,4064.9,5,0
M047,CONVEYOR,2025-02-28,42.69,0.938,4079.1,6,0
M047,CONVEYOR,2025-03-01,39.84,1.241,4094.1,7,0
M047,CONVEYOR,2025-03-02,38.72,1.051,4111.0,8,0
M047,CONVEYOR,2025-03-03,44.29,1.039,4125.6,9,0
M047,CONVEYOR,2025-03-04,37.14,1.337,4136.9,10,0
M047,CONVEYOR,2025-03-05,39.94,1.326,4153.1,11,0
M047,CONVEYOR,2025-03-06,38.62,1.04,4168.2,12,0
M047,CONVEYOR,2025-03-07,41.33,0.478,4187.6,13,0
M047,CONVEYOR,2025-03-08,40.83,1.063,4203.2,14,0
M047,CONVEYOR,2025-03-09,43.09,1.205,4219.7,15,0
M047,CONVEYOR,2025-03-10,39.34,1.113,4229.1,16,0
M047,CONVEYOR,2025-03-11,40.42,1.111,4245.3,17,0
M047,CONVEYOR,2025-03-12,41.1,1.028,4253.7,18,0
M047,CONVEYOR,2025-03-13,38.42,1.448,4272.3,19,0
M047,CONVEYOR,2025-03-14,38.86,1.221,4286.9,20,0
M047,CONVEYOR,2025-03-15,44.16,1.19,4295.0,21,0
M047,CONVEYOR,2025-03-16,43.73,1.038,4307.0,22,0
M047,CONVEYOR,2025-03-17,41.47,0.924,4321.6,23,0
M047,CONVEYOR,2025-03-18,43.98,0.954,4339.4,24,0
M047,CONVEYOR,2025-03-19,35.25,1.105,4347.9,25,0
M047,CONVEYOR,2025-03-20,40.4,1.206,4365.0,26,0
M047,CONVEYOR,2025-03-21,42.68,1.391,4384.2,27,0
M047,CONVEYOR,2025-03-22,40.72,1.322,4396.8,28,0
M047,CONVEYOR,2025-03-23,38.88,1.13,4409.3,29,0
M047,CONVEYOR,2025-03-24,39.83,1.167,4415.6,30,0
M047,CONVEYOR,2025-03-25,39.85,1.398,4432.3,31,0
M047,CONVEYOR,2025-03-26,40.24,1.301,4450.9,32,0
M047,CONVEYOR,2025-03-27,38.94,1.207,4468.7,0,0
M047,CONVEYOR,2025-03-28,42.17,1.184,4476.3,1,0
M047,CONVEYOR,2025-03-29,38.84,1.13,4490.7,2,0
M047,CONVEYOR,2025-03-30,40.28,1.218,4509.7,3,0
M047,CONVEYOR,2025-03-31,39.15,0.859,4517.0,4,0
M047,CONVEYOR,2025-04-01,42.14,1.222,4534.2,5,0
M047,CONVEYOR,2025-04-02,41.16,1.094,4551.1,6,0
M047,CONVEYOR,2025-04-03,43.44,0.989,4567.3,7,0
M047,CONVEYOR,2025-04-04,38.2,1.402,4582.9,8,0
M047,CONVEYOR,2025-04-05,42.06,1.115,4590.1,9,0
M047,CONVEYOR,2025-04-06,39.64,1.274,4602.2,10,0
M047,CONVEYOR,2025-04-07,39.32,1.115,4616.0,11,0
M047,CONVEYOR,2025-04-08,42.75,1.252,4629.8,12,0
M047,CONVEYOR,2025-04-09,41.41,1.151,4641.1,13,0
M047,CONVEYOR,2025-04-10,40.71,1.428,4661.1,14,0
M047,CONVEYOR,2025-04-11,40.69,1.445,4674.3,15,0
M047,CONVEYOR,2025-04-12,38.71,1.32,4690.5,16,0
M047,CONVEYOR,2025-04-13,40.21,1.005,4697.9,17,0
M047,CONVEYOR,2025-04-14,38.56,1.102,4710.6,18,0
M047,CONVEYOR,2025-04-15,36.63,0.974,4727.2,19,0
M047,CONVEYOR,2025-04-16,39.09,0.923,4734.9,20,0
M047,CONVEYOR,2025-04-17,42.35,1.043,4746.1,21,0
M047,CONVEYOR,2025-04-18,37.87,0.932,4760.2,22,0
M047,CONVEYOR,2025-04-19,40.27,1.284,4767.4,23,0
M047,CONVEYOR,2025-04-20,41.73,1.145,4785.5,24,0
M047,CONVEYOR,2025-04-21,40.81,1.176,4795.3,25,0
M047,CONVEYOR,2025-04-22,41.83,0.917,4802.3,26,0
M047,CONVEYOR,2025-04-23,40.01,1.143,4818.5,27,0
M047,CONVEYOR,2025-04-24,43.0,1.052,4833.9,0,0
M047,CONVEYOR,2025-04-25,39.58,1.46,4844.2,1,0
M047,CONVEYOR,2025-04-26,37.4,0.939,4852.0,2,0
M047,CONVEYOR,2025-04-27,42.66,1.273,4860.8,3,0
M047,CONVEYOR,2025-04-28,39.15,1.055,4872.0,4,0
M047,CONVEYOR,2025-04-29,40.19,1.258,4889.0,5,0
M047,CONVEYOR,2025-04-30,39.13,1.073,4898.6,6,0
M047,CONVEYOR,2025-05-01,41.81,1.12,4918.4,7,0
M047,CONVEYOR,2025-05-02,38.6,1.015,4936.8,8,0
M047,CONVEYOR,2025-05-03,39.46,1.427,4955.6,9,0
M047,CONVEYOR,2025-05-04,39.74,1.082,4962.3,10,0
M047,CONVEYOR,2025-05-05,38.73,1.133,4978.4,11,0
M047,CONVEYOR,2025-05-06,40.36,1.26,4997.5,12,0
M047,CONVEYOR,2025-05-07,41.12,1.221,5010.7,13,0
M047,CONVEYOR,2025-05-08,40.7,1.16,5026.0,14,0
M047,CONVEYOR,2025-05-09,39.29,1.002,5041.9,15,0
M047,CONVEYOR,2025-05-10,39.09,1.123,5061.8,16,0
M047,CONVEYOR,2025-05-11,39.6,1.389,5074.7,17,0
M047,CONVEYOR,2025-05-12,40.17,1.398,5089.5,18,0
M047,CONVEYOR,2025-05-13,37.16,1.439,5107.2,19,0
M047,CONVEYOR,2025-05-14,40.4,1.124,5122.4,20,0
M047,CONVEYOR,2025-05-15,38.77,1.14,5139.7,21,0
M047,CONVEYOR,2025-05-16,43.33,1.639,5146.2,22,0
M047,CONVEYOR,2025-05-17,44.16,1.444,5156.7,23,0
M047,CONVEYOR,2025-05-18,40.81,1.164,5168.0,24,0
M047,CONVEYOR,2025-05-19,40.74,1.001,5178.6,25,0
M047,CONVEYOR,2025-05-20,38.11,0.98,5193.3,26,0
M047,CONVEYOR,2025-05-21,39.69,1.035,5204.0,27,0
M047,CONVEYOR,2025-05-22,40.66,1.06,5215.6,28,0
M047,CONVEYOR,2025-05-23,39.91,1.307,5226.2,0,0
M047,CONVEYOR,2025-05-24,43.04,1.534,5232.3,1,0
M047,CONVEYOR,2025-05-25,40.5,1.393,5250.2,2,0
M047,CONVEYOR,2025-05-26,44.73,1.489,5270.1,3,0
M047,CONVEYOR,2025-05-27,38.75,1.368,5281.2,4,0
M047,CONVEYOR,2025-05-28,38.43,1.27,5300.1,5,0
M047,CONVEYOR,2025-05-29,38.29,0.817,5311.7,6,0
M047,CONVEYOR,2025-05-30,38.79,1.362,5331.4,7,0
M047,CONVEYOR,2025-05-31,39.32,1.398,5342.1,8,0
M047,CONVEYOR,2025-06-01,42.03,1.604,5355.6,9,0
M047,CONVEYOR,2025-06-02,40.69,1.362,5364.7,10,0
M047,CONVEYOR,2025-06-03,41.29,0.969,5374.9,11,0
M047,CONVEYOR,2025-06-04,37.74,1.227,5384.7,12,0
M047,CONVEYOR,2025-06-05,36.46,1.246,5403.8,13,0
M047,CONVEYOR,2025-06-06,40.72,1.048,5420.2,14,0
M047,CONVEYOR,2025-06-07,40.16,1.308,5435.7,15,0
M047,CONVEYOR,2025-06-08,42.48,1.098,5451.4,16,0
M047,CONVEYOR,2025-06-09,40.49,1.603,5459.0,17,0
M047,CONVEYOR,2025-06-10,42.77,1.26,5467.1,18,0
M047,CONVEYOR,2025-06-11,40.27,1.11,5474.3,19,0
M047,CONVEYOR,2025-06-12,41.32,1.101,5482.7,20,0
M047,CONVEYOR,2025-06-13,37.92,1.283,5501.2,21,0
M047,CONVEYOR,2025-06-14,39.19,1.085,5515.2,22,0
M047,CONVEYOR,2025-06-15,41.96,1.339,5534.4,23,0
M047,CONVEYOR,2025-06-16,38.74,1.119,5546.1,24,0
M047,CONVEYOR,2025-06-17,41.53,1.104,5565.8,25,0
M047,CONVEYOR,2025-06-18,38.55,1.114,5573.8,26,0
M047,CONVEYOR,2025-06-19,38.51,0.844,5586.3,27,0
M047,CONVEYOR,2025-06-20,42.28,1.215,5601.1,0,0
M047,CONVEYOR,2025-06-21,39.04,0.992,5620.4,1,0
M047,CONVEYOR,2025-06-22,39.15,1.055,5628.2,2,0
M047,CONVEYOR,2025-06-23,35.54,1.292,5647.7,3,0
M047,CONVEYOR,2025-06-24,39.48,1.578,5666.4,4,0
M047,CONVEYOR,2025-06-25,43.37,1.259,5682.4,5,0
M047,CONVEYOR,2025-06-26,38.84,1.003,5689.7,6,0
M047,CONVEYOR,2025-06-27,38.11,1.323,5707.2,7,0
M047,CONVEYOR,2025-06-28,39.38,1.349,5716.3,8,0
M047,CONVEYOR,2025-06-29,39.94,1.279,5732.6,9,0
M048,PRESS,2025-01-01,65.07,2.84,3094.3,10,0
M048,PRESS,2025-01-02,65.16,3.366,3109.4,11,0
M048,PRESS,2025-01-03,64.64,2.398,3121.0,12,0
M048,PRESS,2025-01-04,66.8,3.271,3136.0,13,0
M048,PRESS,2025-01-05,68.62,2.586,3143.9,14,0
M048,PRESS,2025-01-06,65.09,2.437,3154.0,15,0
M048,PRESS,2025-01-07,61.45,3.386,3167.0,16,0
M048,PRESS,2025-01-08,56.32,3.04,3186.9,17,0
M048,PRESS,2025-01-09,68.15,2.188,3195.0,18,0
M048,PRESS,2025-01-10,65.85,3.38,3212.9,19,0
M048,PRESS,2025-01-11,63.79,3.156,3219.1,20,0
M048,PRESS,2025-01-12,60.72,3.163,3232.3,21,0
M048,PRESS,2025-01-13,71.54,3.166,3239.5,22,0
M048,PRESS,2025-01-14,60.21,3.393,3253.1,23,0
M048,PRESS,2025-01-15,63.16,3.041,3272.8,24,0
M048,PRESS,2025-01-16,65.26,2.817,3287.1,25,0
M048,PRESS,2025-01-17,63.68,2.922,3297.2,26,0
M048,PRESS,2025-01-18,63.02,2.832,3309.4,0,0
M048,PRESS,2025-01-19,63.45,3.203,3320.5,1,0
M048,PRESS,2025-01-20,68.93,2.692,3332.2,2,0
M048,PRESS,2025-01-21,64.93,3.128,3345.7,3,0
M048,PRESS,2025-01-22,58.26,3.039,3354.5,4,0
M048,PRESS,2025-01-23,65.6,2.9,3372.7,5,0
M048,PRESS,2025-01-24,66.72,2.829,3389.9,6,0
M048,PRESS,2025-01-25,65.36,3.834,3408.6,7,0
M048,PRESS,2025-01-26,62.02,3.137,3425.9,8,0
M048,PRESS,2025-01-27,67.43,2.631,3441.4,9,0
M048,PRESS,2025-01-28,67.17,2.34,3458.1,10,0
M048,PRESS,2025-01-29,63.35,2.394,3466.2,11,0
M048,PRESS,2025-01-30,69.22,3.445,3482.1,12,0
M048,PRESS,2025-01-31,60.28,3.578,3501.4,13,0
M048,PRESS,2025-02-01,66.47,3.091,3513.5,14,0
M048,PRESS,2025-02-02,57.68,2.709,3528.6,15,0
M048,PRESS,2025-02-03,64.57,2.59,3544.8,16,0
M048,PRESS,2025-02-04,63.2,3.005,3552.3,17,0
M048,PRESS,2025-02-05,66.02,3.646,3566.9,18,0
M048,PRESS,2025-02-06,66.94,2.825,3582.9,19,0
M048,PRESS,2025-02-07,69.63,2.747,3591.6,20,0
M048,PRESS,2025-02-08,67.63,2.285,3606.5,21,0
M048,PRESS,2025-02-09,67.09,3.553,3616.9,22,0
M048,PRESS,2025-02-10,64.99,2.794,3635.0,23,0
M048,PRESS,2025-02-11,68.0,3.254,3654.3,24,0
M048,PRESS,2025-02-12,68.29,3.027,3671.5,25,0
M048,PRESS,2025-02-13,64.86,3.592,3678.1,26,0
M048,PRESS,2025-02-14,63.17,2.865,3690.9,27,0
M048,PRESS,2025-02-15,56.72,3.697,3700.2,28,0
M048,PRESS,2025-02-16,63.27,3.123,3713.7,29,0
M048,PRESS,2025-02-17,59.54,3.822,3723.7,0,0
M048,PRESS,2025-02-18,73.49,3.454,3734.5,1,0
M048,PRESS,2025-02-19,66.95,2.625,3753.8,2,0
M048,PRESS,2025-02-20,70.41,3.063,3766.3,3,0
M048,PRESS,2025-02-21,61.51,2.609,3786.3,4,0
M048,PRESS,2025-02-22,63.35,2.682,3799.5,5,0
M048,PRESS,2025-02-23,60.73,2.698,3811.4,6,0
M048,PRESS,2025-02-24,64.51,2.821,3822.3,7,0
M048,PRESS,2025-02-25,70.17,2.557,3838.6,8,0
M048,PRESS,2025-02-26,74.22,3.682,3852.3,9,0
M048,PRESS,2025-02-27,61.21,3.196,3867.0,10,0
M048,PRESS,2025-02-28,64.93,2.679,3883.2,11,0
M048,PRESS,2025-03-01,60.96,2.862,3896.1,12,0
M048,PRESS,2025-03-02,67.76,2.739,3903.6,13,0
M048,PRESS,2025-03-03,52.96,2.647,3912.4,14,0
M048,PRESS,2025-03-04,70.12,1.563,3922.5,15,0
M048,PRESS,2025-03-05,67.12,3.822,3934.4,16,0
M048,PRESS,2025-03-06,64.12,2.602,3947.6,17,0
M048,PRESS,2025-03-07,65.5,3.513,3954.5,18,0
M048,PRESS,2025-03-08,65.55,2.994,3961.2,19,0
M048,PRESS,2025-03-09,69.17,2.937,3974.9,20,0
M048,PRESS,2025-03-10,66.98,2.533,3986.7,21,0
M048,PRESS,2025-03-11,62.5,3.078,3995.1,22,0
M048,PRESS,2025-03-12,58.02,3.002,4006.8,23,0
M048,PRESS,2025-03-13,70.03,3.402,4021.8,24,0
M048,PRESS,2025-03-14,68.03,3.178,4029.7,25,0
M048,PRESS,2025-03-15,66.06,3.034,4045.2,26,0
M048,PRESS,2025-03-16,64.11,3.008,4052.6,27,0
M048,PRESS,2025-03-17,66.43,2.731,4063.8,0,0
M048,PRESS,2025-03-18,63.47,2.971,4069.8,1,0
M048,PRESS,2025-03-19,66.44,2.228,4076.1,2,0
M048,PRESS,2025-03-20,65.6,3.113,4087.3,3,0
M048,PRESS,2025-03-21,66.57,2.784,4099.6,4,0
M048,PRESS,2025-03-22,72.05,2.375,4113.8,5,0
M048,PRESS,2025-03-23,72.7,3.365,4122.1,6,0
M048,PRESS,2025-03-24,63.69,2.657,4128.2,7,0
M048,PRESS,2025-03-25,67.28,3.195,4143.5,8,0
M048,PRESS,2025-03-26,58.91,2.617,4162.9,9,0
M048,PRESS,2025-03-27,66.24,3.055,4179.8,10,0
M048,PRESS,2025-03-28,69.46,2.035,4189.1,11,0
M048,PRESS,2025-03-29,66.89,2.247,4204.5,12,0
M048,PRESS,2025-03-30,66.98,2.66,4222.7,13,0
M048,PRESS,2025-03-31,64.26,3.137,4236.7,14,0
M048,PRESS,2025-04-01,70.22,3.457,4249.6,15,0
M048,PRESS,2025-04-02,65.85,2.96,4262.9,16,0
M048,PRESS,2025-04-03,64.36,2.8,4273.0,17,0
M048,PRESS,2025-04-04,63.22,2.831,4290.3,18,0
M048,PRESS,2025-04-05,56.32,2.419,4299.9,19,0
M048,PRESS,2025-04-06,68.87,2.564,4311.5,20,0
M048,PRESS,2025-04-07,60.93,3.022,4320.3,21,0
M048,PRESS,2025-04-08,59.73,3.073,4330.2,22,0
M048,PRESS,2025-04-09,64.65,2.743,4337.0,23,0
M048,PRESS,2025-04-10,64.56,2.801,4350.3,24,0
M048,PRESS,2025-04-11,70.33,3.181,4358.5,25,0
M048,PRESS,2025-04-12,61.6,3.065,4367.6,26,0
M048,PRESS,2025-04-13,61.07,2.438,4380.6,27,0
M048,PRESS,2025-04-14,63.07,3.05,4392.6,28,0
M048,PRESS,2025-04-15,70.88,2.655,4411.6,0,0
M048,PRESS,2025-04-16,68.95,2.517,4419.2,1,0
M048,PRESS,2025-04-17,68.06,3.276,4432.7,2,0
M048,PRESS,2025-04-18,61.05,3.095,4441.2,3,0
M048,PRESS,2025-04-19,68.39,3.062,4447.7,4,0
M048,PRESS,2025-04-20,66.01,2.908,4457.8,5,0
M048,PRESS,2025-04-21,56.37,3.354,4467.8,6,0
M048,PRESS,2025-04-22,63.66,2.853,4486.1,7,0
M048,PRESS,2025-04-23,63.95,2.556,4502.3,8,0
M048,PRESS,2025-04-24,61.72,2.413,4509.6,9,0
M048,PRESS,2025-04-25,63.02,2.949,4525.5,10,0
M048,PRESS,2025-04-26,60.8,2.847,4533.8,11,0
M048,PRESS,2025-04-27,65.42,3.338,4546.0,12,0
M048,PRESS,2025-04-28,67.13,3.691,4565.1,13,0
M048,PRESS,2025-04-29,62.5,3.184,4582.2,14,0
M048,PRESS,2025-04-30,61.43,2.825,4599.4,15,0
M048,PRESS,2025-05-01,64.68,3.051,4619.1,16,0
M048,PRESS,2025-05-02,65.02,2.602,4638.1,17,0
M048,PRESS,2025-05-03,64.65,2.678,4654.3,18,0
M048,PRESS,2025-05-04,65.0,3.268,4665.0,19,0
M048,PRESS,2025-05-05,70.31,3.911,4683.2,20,0
M048,PRESS,2025-05-06,72.39,2.616,4699.7,21,0
M048,PRESS,2025-05-07,66.57,3.731,4710.9,22,0
M048,PRESS,2025-05-08,66.45,3.745,4718.4,23,0
M048,PRESS,2025-05-09,67.45,2.639,4728.3,24,0
M048,PRESS,2025-05-10,67.31,3.22,4739.7,25,0
M048,PRESS,2025-05-11,66.02,2.675,4755.6,26,0
M048,PRESS,2025-05-12,66.92,2.812,4769.3,27,0
M048,PRESS,2025-05-13,63.46,3.977,4788.6,28,0
M048,PRESS,2025-05-14,62.06,2.719,4803.4,29,0
M048,PRESS,2025-05-15,60.46,3.424,4817.4,30,0
M048,PRESS,2025-05-16,67.9,2.695,4830.8,0,0
M048,PRESS,2025-05-17,59.98,2.216,4845.6,1,0
M048,PRESS,2025-05-18,66.48,2.985,4862.7,2,0
M048,PRESS,2025-05-19,62.31,2.205,4871.8,3,0
M048,PRESS,2025-05-20,64.02,2.897,4880.5,4,0
M048,PRESS,2025-05-21,55.75,3.303,4897.5,5,0
M048,PRESS,2025-05-22,62.74,3.07,4911.7,6,0
M048,PRESS,2025-05-23,58.87,2.985,4926.3,7,0
M048,PRESS,2025-05-24,64.57,2.18,4940.7,8,0
M048,PRESS,2025-05-25,65.51,2.754,4957.5,9,0
M048,PRESS,2025-05-26,61.18,3.071,4966.3,10,0
M048,PRESS,2025-05-27,65.05,2.325,4974.2,11,0
M048,PRESS,2025-05-28,62.4,3.076,4991.6,12,0
M048,PRESS,2025-05-29,64.73,2.492,5007.3,13,0
M048,PRESS,2025-05-30,65.46,2.69,5014.1,14,0
M048,PRESS,2025-05-31,66.75,3.23,5022.8,15,0
M048,PRESS,2025-06-01,67.17,2.947,5042.0,16,0
M048,PRESS,2025-06-02,68.45,3.141,5049.3,17,0
M048,PRESS,2025-06-03,59.15,2.58,5068.7,18,0
M048,PRESS,2025-06-04,63.46,2.718,5083.1,19,0
M048,PRESS,2025-06-05,64.07,2.858,5100.3,20,0
M048,PRESS,2025-06-06,69.35,3.357,5110.1,21,0
M048,PRESS,2025-06-07,63.24,2.948,5128.7,22,0
M048,PRESS,2025-06-08,68.62,3.376,5138.1,23,0
M048,PRESS,2025-06-09,65.12,2.78,5155.5,24,0
M048,PRESS,2025-06-10,64.92,2.538,5161.9,25,0
M048,PRESS,2025-06-11,67.13,2.713,5175.9,26,0
M048,PRESS,2025-06-12,65.89,3.078,5194.7,27,0
M048,PRESS,2025-06-13,65.17,2.944,5205.4,0,0
M048,PRESS,2025-06-14,60.72,3.188,5223.2,1,0
M048,PRESS,2025-06-15,69.79,2.854,5232.7,2,0
M048,PRESS,2025-06-16,62.75,3.276,5250.7,3,0
M048,PRESS,2025-06-17,60.04,2.291,5266.7,4,0
M048,PRESS,2025-06-18,64.97,2.845,5279.0,5,0
M048,PRESS,2025-06-19,65.12,2.554,5288.3,6,0
M048,PRESS,2025-06-20,62.38,2.826,5298.8,7,0
M048,PRESS,2025-06-21,64.95,2.853,5307.7,8,0
M048,PRESS,2025-06-22,61.61,3.77,5318.8,9,0
M048,PRESS,2025-06-23,67.0,3.597,5336.6,10,0
M048,PRESS,2025-06-24,61.22,3.567,5347.7,11,0
M048,PRESS,2025-06-25,73.8,3.055,5360.6,12,0
M048,PRESS,2025-06-26,74.89,3.167,5366.9,13,0
M048,PRESS,2025-06-27,65.08,3.01,5378.0,14,0
M048,PRESS,2025-06-28,71.51,2.98,5391.6,15,0
M048,PRESS,2025-06-29,65.74,2.687,5398.0,16,0
M049,ROBOT_ARM,2025-01-01,47.09,1.338,2704.7,20,0
M049,ROBOT_ARM,2025-01-02,46.18,1.291,2720.5,21,0
M049,ROBOT_ARM,2025-01-03,50.91,1.389,2737.5,22,0
M049,ROBOT_ARM,2025-01-04,50.28,1.44,2744.7,23,0
M049,ROBOT_ARM,2025-01-05,44.44,1.956,2763.4,24,0
M049,ROBOT_ARM,2025-01-06,44.39,1.947,2776.5,25,0
M049,ROBOT_ARM,2025-01-07,45.94,1.341,2792.4,26,0
M049,ROBOT_ARM,2025-01-08,50.21,1.554,2804.7,27,0
M049,ROBOT_ARM,2025-01-09,53.28,1.861,2821.2,28,0
M049,ROBOT_ARM,2025-01-10,42.15,1.315,2828.6,29,0
M049,ROBOT_ARM,2025-01-11,44.51,1.917,2841.7,30,0
M049,ROBOT_ARM,2025-01-12,50.22,1.145,2851.3,31,0
M049,ROBOT_ARM,2025-01-13,42.78,1.188,2867.4,0,0
M049,ROBOT_ARM,2025-01-14,49.29,1.696,2887.4,1,0
M049,ROBOT_ARM,2025-01-15,45.88,1.297,2894.4,2,0
M049,ROBOT_ARM,2025-01-16,49.27,1.702,2912.6,3,0
M049,ROBOT_ARM,2025-01-17,43.41,1.437,2928.7,4,0
M049,ROBOT_ARM,2025-01-18,45.15,1.229,2940.4,5,0
M049,ROBOT_ARM,2025-01-19,46.44,1.598,2948.6,6,0
M049,ROBOT_ARM,2025-01-20,44.54,1.56,2966.5,7,0
M049,ROBOT_ARM,2025-01-21,48.74,1.539,2980.6,8,0
M049,ROBOT_ARM,2025-01-22,49.27,1.437,2990.9,9,0
M049,ROBOT_ARM,2025-01-23,43.45,1.407,3007.4,10,0
M049,ROBOT_ARM,2025-01-24,48.42,1.499,3018.0,11,0
M049,ROBOT_ARM,2025-01-25,48.05,1.751,3030.9,12,0
M049,ROBOT_ARM,2025-01-26,47.65,1.531,3049.0,13,0
M049,ROBOT_ARM,2025-01-27,51.87,2.027,3066.8,14,0
M049,ROBOT_ARM,2025-01-28,48.47,1.297,3077.6,15,0
M049,ROBOT_ARM,2025-01-29,49.04,1.26,3095.9,16,0
M049,ROBOT_ARM,2025-01-30,45.1,1.54,3104.5,17,0
M049,ROBOT_ARM,2025-01-31,51.5,1.788,3118.9,18,0
M049,ROBOT_ARM,2025-02-01,48.03,1.781,3128.7,19,0
M049,ROBOT_ARM,2025-02-02,48.95,1.665,3145.8,20,0
M049,ROBOT_ARM,2025-02-03,50.27,1.826,3164.9,21,0
M049,ROBOT_ARM,2025-02-04,48.43,1.106,3180.5,22,0
M049,ROBOT_ARM,2025-02-05,44.8,1.294,3187.3,23,0
M049,ROBOT_ARM,2025-02-06,48.67,1.592,3206.5,24,0
M049,ROBOT_ARM,2025-02-07,44.53,1.562,3219.2,25,0
M049,ROBOT_ARM,2025-02-08,46.08,1.536,3233.8,26,0
M049,ROBOT_ARM,2025-02-09,47.12,1.414,3244.9,27,0
M049,ROBOT_ARM,2025-02-10,44.87,1.216,3259.3,28,0
M049,ROBOT_ARM,2025-02-11,52.6,1.792,3266.7,29,0
M049,ROBOT_ARM,2025-02-12,47.54,2.051,3280.4,30,0
M049,ROBOT_ARM,2025-02-13,53.33,1.668,3291.8,31,0
M049,ROBOT_ARM,2025-02-14,49.56,1.264,3307.5,32,0
M049,ROBOT_ARM,2025-02-15,46.29,1.895,3326.0,0,0
M049,ROBOT_ARM,2025-02-16,48.63,1.555,3337.6,1,0
M049,ROBOT_ARM,2025-02-17,49.36,1.441,3346.1,2,0
M049,ROBOT_ARM,2025-02-18,44.31,1.381,3356.2,3,0
M049,ROBOT_ARM,2025-02-19,49.87,1.713,3373.3,4,0
M049,ROBOT_ARM,2025-02-20,48.48,1.491,3380.2,5,0
M049,ROBOT_ARM,2025-02-21,44.27,1.254,3388.2,6,0
M049,ROBOT_ARM,2025-02-22,49.35,1.299,3402.2,7,0
M049,ROBOT_ARM,2025-02-23,46.19,1.289,3413.2,8,0
M049,ROBOT_ARM,2025-02-24,41.77,1.423,3423.1,9,0
M049,ROBOT_ARM,2025-02-25,46.71,1.232,3433.5,10,0
M049,ROBOT_ARM,2025-02-26,43.61,1.627,3442.5,11,0
M049,ROBOT_ARM,2025-02-27,49.03,1.754,3452.1,12,0
M049,ROBOT_ARM,2025-02-28,46.77,1.572,3459.8,13,0
M049,ROBOT_ARM,2025-03-01,48.53,1.807,3474.9,14,0
M049,ROBOT_ARM,2025-03-02,47.19,1.361,3483.3,15,0
M049,ROBOT_ARM,2025-03-03,50.81,1.431,3499.9,16,0
M049,ROBOT_ARM,2025-03-04,48.68,1.515,3509.4,17,0
M049,ROBOT_ARM,2025-03-05,54.07,1.501,3528.3,18,0
M049,ROBOT_ARM,2025-03-06,44.35,1.774,3544.0,19,0
M049,ROBOT_ARM,2025-03-07,45.15,1.046,3554.6,20,0
M049,ROBOT_ARM,2025-03-08,51.94,1.429,3573.9,21,0
M049,ROBOT_ARM,2025-03-09,54.74,1.838,3589.0,22,0
M049,ROBOT_ARM,2025-03-10,45.03,1.496,3600.2,23,0
M049,ROBOT_ARM,2025-03-11,44.01,1.327,3619.7,24,0
M049,ROBOT_ARM,2025-03-12,46.54,1.67,3634.4,25,0
M049,ROBOT_ARM,2025-03-13,49.45,1.603,3653.9,26,0
M049,ROBOT_ARM,2025-03-14,45.99,1.713,3672.1,27,0
M049,ROBOT_ARM,2025-03-15,44.92,1.27,3685.0,28,0
M049,ROBOT_ARM,2025-03-16,48.58,1.201,3702.6,29,0
M049,ROBOT_ARM,2025-03-17,49.17,1.608,3716.8,30,0
M049,ROBOT_ARM,2025-03-18,46.49,1.623,3729.8,31,0
M049,ROBOT_ARM,2025-03-19,51.06,1.412,3748.3,0,0
M049,ROBOT_ARM,2025-03-20,48.48,1.604,3760.3,1,0
M049,ROBOT_ARM,2025-03-21,37.79,1.926,3771.4,2,0
M049,ROBOT_ARM,2025-03-22,44.42,1.504,3788.3,3,0
M049,ROBOT_ARM,2025-03-23,50.72,1.457,3806.3,4,0
M049,ROBOT_ARM,2025-03-24,44.43,1.224,3823.5,5,0
M049,ROBOT_ARM,2025-03-25,51.31,1.607,3837.1,6,0
M049,ROBOT_ARM,2025-03-26,50.26,1.634,3844.0,7,0
M049,ROBOT_ARM,2025-03-27,43.36,1.318,3855.6,8,0
M049,ROBOT_ARM,2025-03-28,50.07,1.621,3866.9,9,0
M049,ROBOT_ARM,2025-03-29,47.32,1.078,3882.6,10,0
M049,ROBOT_ARM,2025-03-30,48.96,1.814,3889.8,11,0
M049,ROBOT_ARM,2025-03-31,52.02,1.434,3905.5,12,0
M049,ROBOT_ARM,2025-04-01,51.69,1.281,3913.6,13,0
M049,ROBOT_ARM,2025-04-02,50.13,1.501,3927.6,14,0
M049,ROBOT_ARM,2025-04-03,48.68,1.238,3940.5,15,0
M049,ROBOT_ARM,2025-04-04,50.87,1.067,3957.3,16,0
M049,ROBOT_ARM,2025-04-05,49.6,1.569,3965.8,17,0
M049,ROBOT_ARM,2025-04-06,47.68,1.719,3979.2,18,0
M049,ROBOT_ARM,2025-04-07,42.33,1.433,3988.9,19,0
M049,ROBOT_ARM,2025-04-08,51.54,1.671,4007.1,20,0
M049,ROBOT_ARM,2025-04-09,46.21,1.693,4022.3,21,0
M049,ROBOT_ARM,2025-04-10,51.81,1.545,4031.3,22,0
M049,ROBOT_ARM,2025-04-11,45.72,1.464,4047.9,23,0
M049,ROBOT_ARM,2025-04-12,42.81,1.161,4055.7,24,0
M049,ROBOT_ARM,2025-04-13,45.12,1.324,4067.3,25,0
M049,ROBOT_ARM,2025-04-14,43.9,1.379,4077.0,26,0
M049,ROBOT_ARM,2025-04-15,44.88,1.517,4086.3,27,0
M049,ROBOT_ARM,2025-04-16,47.96,1.362,4099.7,28,0
M049,ROBOT_ARM,2025-04-17,42.43,1.055,4119.3,29,0
M049,ROBOT_ARM,2025-04-18,47.73,2.007,4129.1,30,0
M049,ROBOT_ARM,2025-04-19,52.31,1.136,4149.0,31,0
M049,ROBOT_ARM,2025-04-20,48.18,0.946,4167.7,32,0
M049,ROBOT_ARM,2025-04-21,41.54,1.29,4177.8,33,0
M049,ROBOT_ARM,2025-04-22,45.91,1.866,4195.4,34,0
M049,ROBOT_ARM,2025-04-23,56.12,1.654,4210.8,35,0
M049,ROBOT_ARM,2025-04-24,34.6,1.372,4227.3,0,0
M049,ROBOT_ARM,2025-04-25,47.44,1.832,4242.3,1,0
M049,ROBOT_ARM,2025-04-26,47.03,1.273,4254.5,2,0
M049,ROBOT_ARM,2025-04-27,47.05,1.178,4272.4,3,0
M049,ROBOT_ARM,2025-04-28,47.01,1.428,4290.1,4,0
M049,ROBOT_ARM,2025-04-29,49.35,1.807,4307.6,5,0
M049,ROBOT_ARM,2025-04-30,45.18,1.214,4317.0,6,0
M049,ROBOT_ARM,2025-05-01,50.02,1.981,4330.7,7,0
M049,ROBOT_ARM,2025-05-02,43.87,1.175,4344.5,8,0
M049,ROBOT_ARM,2025-05-03,47.72,2.077,4357.0,9,0
M049,ROBOT_ARM,2025-05-04,47.09,1.753,4363.8,10,0
M049,ROBOT_ARM,2025-05-05,46.34,1.329,4383.4,11,0
M049,ROBOT_ARM,2025-05-06,49.82,1.893,4400.1,12,0
M049,ROBOT_ARM,2025-05-07,41.6,1.509,4410.8,13,0
M049,ROBOT_ARM,2025-05-08,42.68,1.723,4429.5,14,0
M049,ROBOT_ARM,2025-05-09,39.55,1.488,4445.4,15,0
M049,ROBOT_ARM,2025-05-10,51.82,1.253,4461.2,16,0
M049,ROBOT_ARM,2025-05-11,46.7,1.599,4473.6,17,0
M049,ROBOT_ARM,2025-05-12,45.4,1.023,4485.5,18,0
M049,ROBOT_ARM,2025-05-13,51.08,1.882,4495.6,19,0
M049,ROBOT_ARM,2025-05-14,48.54,1.089,4504.3,20,0
M049,ROBOT_ARM,2025-05-15,53.92,1.576,4512.1,21,0
M049,ROBOT_ARM,2025-05-16,47.19,1.425,4529.4,22,0
M049,ROBOT_ARM,2025-05-17,52.66,1.299,4545.7,23,0
M049,ROBOT_ARM,2025-05-18,50.98,1.202,4561.7,24,0
M049,ROBOT_ARM,2025-05-19,45.34,1.061,4576.5,25,0
M049,ROBOT_ARM,2025-05-20,46.63,1.154,4588.6,26,0
M049,ROBOT_ARM,2025-05-21,51.26,1.504,4600.2,27,0
M049,ROBOT_ARM,2025-05-22,53.13,1.451,4616.6,28,0
M049,ROBOT_ARM,2025-05-23,46.94,1.336,4626.1,29,0
M049,ROBOT_ARM,2025-05-24,47.57,1.17,4641.5,30,0
M049,ROBOT_ARM,2025-05-25,41.25,1.237,4648.5,31,0
M049,ROBOT_ARM,2025-05-26,50.52,1.699,4666.6,0,0
M049,ROBOT_ARM,2025-05-27,46.08,1.45,4682.9,1,0
M049,ROBOT_ARM,2025-05-28,51.49,1.669,4701.1,2,0
M049,ROBOT_ARM,2025-05-29,47.4,1.609,4717.8,3,0
M049,ROBOT_ARM,2025-05-30,50.18,1.266,4726.4,4,0
M049,ROBOT_ARM,2025-05-31,48.92,1.498,4735.1,5,0
M049,ROBOT_ARM,2025-06-01,46.02,0.947,4743.8,6,0
M049,ROBOT_ARM,2025-06-02,51.14,1.634,4754.5,7,0
M049,ROBOT_ARM,2025-06-03,54.33,1.451,4762.0,8,0
M049,ROBOT_ARM,2025-06-04,48.66,1.703,4768.5,9,0
M049,ROBOT_ARM,2025-06-05,48.91,1.674,4785.6,10,0
M049,ROBOT_ARM,2025-06-06,44.64,0.912,4799.9,11,0
M049,ROBOT_ARM,2025-06-07,46.64,0.953,4816.5,12,0
M049,ROBOT_ARM,2025-06-08,46.99,1.433,4829.9,13,0
M049,ROBOT_ARM,2025-06-09,47.0,1.954,4843.3,14,0
M049,ROBOT_ARM,2025-06-10,48.93,1.465,4863.1,15,0
M049,ROBOT_ARM,2025-06-11,48.26,2.057,4883.0,16,0
M049,ROBOT_ARM,2025-06-12,45.28,1.396,4897.5,17,0
M049,ROBOT_ARM,2025-06-13,50.02,1.601,4914.3,18,0
M049,ROBOT_ARM,2025-06-14,45.83,1.496,4921.7,19,0
M049,ROBOT_ARM,2025-06-15,44.57,1.473,4930.2,20,0
M049,ROBOT_ARM,2025-06-16,50.49,1.943,4940.3,21,0
M049,ROBOT_ARM,2025-06-17,49.44,1.578,4950.2,22,0
M049,ROBOT_ARM,2025-06-18,44.48,1.696,4964.7,23,0
M049,ROBOT_ARM,2025-06-19,46.71,2.057,4977.5,24,0
M049,ROBOT_ARM,2025-06-20,43.14,1.421,4991.4,25,0
M049,ROBOT_ARM,2025-06-21,46.1,1.058,5001.3,26,0
M049,ROBOT_ARM,2025-06-22,49.86,1.269,5018.1,27,0
M049,ROBOT_ARM,2025-06-23,51.09,1.177,5024.9,28,0
M049,ROBOT_ARM,2025-06-24,46.24,1.53,5041.4,0,0
M049,ROBOT_ARM,2025-06-25,50.55,1.652,5054.7,1,0
M049,ROBOT_ARM,2025-06-26,47.53,1.459,5072.8,2,0
M049,ROBOT_ARM,2025-06-27,47.32,1.12,5086.6,3,0
M049,ROBOT_ARM,2025-06-28,48.47,1.498,5102.9,4,0
M049,ROBOT_ARM,2025-06-29,47.23,1.396,5110.8,5,0
M050,PUMP,2025-01-01,55.96,2.7,565.7,1,0
M050,PUMP,2025-01-02,57.13,2.154,583.9,2,0
M050,PUMP,2025-01-03,57.14,2.162,601.2,3,0
M050,PUMP,2025-01-04,65.58,2.905,608.5,4,0
M050,PUMP,2025-01-05,62.67,2.195,615.5,5,0
M050,PUMP,2025-01-06,61.54,2.181,635.0,6,0
M050,PUMP,2025-01-07,60.96,2.786,652.2,7,0
M050,PUMP,2025-01-08,56.36,3.028,661.0,8,0
M050,PUMP,2025-01-09,64.26,2.654,671.3,9,0
M050,PUMP,2025-01-10,61.53,2.779,686.3,10,0
M050,PUMP,2025-01-11,60.94,2.185,703.2,11,0
M050,PUMP,2025-01-12,60.07,2.907,718.0,12,0
M050,PUMP,2025-01-13,59.05,1.968,732.6,13,0
M050,PUMP,2025-01-14,57.79,2.105,742.6,14,0
M050,PUMP,2025-01-15,60.9,2.795,752.0,15,0
M050,PUMP,2025-01-16,54.32,2.733,766.9,16,0
M050,PUMP,2025-01-17,58.15,2.84,783.7,17,0
M050,PUMP,2025-01-18,59.23,1.845,792.2,18,0
M050,PUMP,2025-01-19,64.21,3.082,806.4,19,0
M050,PUMP,2025-01-20,61.4,1.999,813.5,20,0
M050,PUMP,2025-01-21,64.76,2.456,824.5,21,0
M050,PUMP,2025-01-22,59.02,2.302,844.4,22,0
M050,PUMP,2025-01-23,64.71,2.503,859.3,23,0
M050,PUMP,2025-01-24,61.43,2.495,876.5,24,0
M050,PUMP,2025-01-25,63.91,2.524,896.4,25,0
M050,PUMP,2025-01-26,64.07,2.724,910.2,26,0
M050,PUMP,2025-01-27,58.47,2.564,929.6,27,0
M050,PUMP,2025-01-28,64.67,2.367,937.9,28,0
M050,PUMP,2025-01-29,61.15,2.885,946.4,29,0
M050,PUMP,2025-01-30,54.1,2.943,955.9,0,0
M050,PUMP,2025-01-31,60.84,2.4,969.0,1,0
M050,PUMP,2025-02-01,56.1,1.907,986.8,2,0
M050,PUMP,2025-02-02,63.64,3.001,995.7,3,0
M050,PUMP,2025-02-03,62.25,3.094,1006.2,4,0
M050,PUMP,2025-02-04,58.67,2.287,1020.8,5,0
M050,PUMP,2025-02-05,63.86,3.123,1033.9,6,0
M050,PUMP,2025-02-06,67.21,2.206,1052.0,7,0
M050,PUMP,2025-02-07,60.33,2.231,1070.9,8,0
M050,PUMP,2025-02-08,62.15,2.581,1085.6,9,0
M050,PUMP,2025-02-09,62.23,2.593,1093.5,10,0
M050,PUMP,2025-02-10,58.29,2.003,1105.1,11,0
M050,PUMP,2025-02-11,65.13,2.069,1111.4,12,0
M050,PUMP,2025-02-12,62.75,2.517,1130.0,13,0
M050,PUMP,2025-02-13,63.03,1.735,1144.6,14,0
M050,PUMP,2025-02-14,57.58,2.512,1158.4,15,0
M050,PUMP,2025-02-15,60.43,2.255,1166.9,16,0
M050,PUMP,2025-02-16,64.81,2.463,1179.1,17,0
M050,PUMP,2025-02-17,57.93,2.259,1193.5,18,0
M050,PUMP,2025-02-18,63.61,2.917,1210.8,19,0
M050,PUMP,2025-02-19,61.61,2.633,1216.9,20,0
M050,PUMP,2025-02-20,59.03,1.908,1236.0,21,0
M050,PUMP,2025-02-21,58.1,3.007,1242.4,22,0
M050,PUMP,2025-02-22,55.86,2.57,1257.3,23,0
M050,PUMP,2025-02-23,61.79,2.759,1272.1,24,0
M050,PUMP,2025-02-24,56.35,2.893,1285.8,25,0
M050,PUMP,2025-02-25,56.28,2.653,1301.5,26,0
M050,PUMP,2025-02-26,59.6,2.117,1320.7,27,0
M050,PUMP,2025-02-27,57.3,2.733,1327.4,28,0
M050,PUMP,2025-02-28,61.42,2.786,1342.4,29,0
M050,PUMP,2025-03-01,60.32,2.471,1357.5,30,0
M050,PUMP,2025-03-02,60.25,2.142,1371.5,31,0
M050,PUMP,2025-03-03,67.36,2.2,1391.5,32,0
M050,PUMP,2025-03-04,58.85,2.682,1398.8,0,0
M050,PUMP,2025-03-05,58.88,1.806,1412.9,1,0
M050,PUMP,2025-03-06,63.93,2.698,1432.1,2,0
M050,PUMP,2025-03-07,64.45,2.592,1443.8,3,0
M050,PUMP,2025-03-08,58.06,2.302,1461.0,4,0
M050,PUMP,2025-03-09,61.37,2.155,1473.7,5,0
M050,PUMP,2025-03-10,59.33,2.413,1486.3,6,0
M050,PUMP,2025-03-11,59.28,2.274,1493.0,7,0
M050,PUMP,2025-03-12,57.46,2.31,1504.9,8,0
M050,PUMP,2025-03-13,55.48,2.728,1521.6,9,0
M050,PUMP,2025-03-14,66.12,2.85,1530.5,10,0
M050,PUMP,2025-03-15,61.37,3.01,1544.5,11,0
M050,PUMP,2025-03-16,60.81,2.698,1555.8,12,0
M050,PUMP,2025-03-17,60.42,2.096,1574.0,13,0
M050,PUMP,2025-03-18,62.61,2.429,1582.4,14,0
M050,PUMP,2025-03-19,63.84,2.207,1588.9,15,0
M050,PUMP,2025-03-20,57.68,3.227,1606.5,16,0
M050,PUMP,2025-03-21,58.42,2.637,1625.5,17,0
M050,PUMP,2025-03-22,61.46,1.943,1641.2,18,0
M050,PUMP,2025-03-23,59.63,2.568,1656.6,19,0
M050,PUMP,2025-03-24,61.13,2.132,1670.8,20,0
M050,PUMP,2025-03-25,60.92,2.639,1686.7,21,0
M050,PUMP,2025-03-26,60.06,2.915,1700.1,22,0
M050,PUMP,2025-03-27,64.09,1.739,1718.8,23,0
M050,PUMP,2025-03-28,56.38,2.519,1727.2,24,0
M050,PUMP,2025-03-29,60.57,2.072,1742.6,25,0
M050,PUMP,2025-03-30,58.73,2.571,1755.4,0,0
M050,PUMP,2025-03-31,59.61,2.748,1767.6,1,0
M050,PUMP,2025-04-01,63.04,2.343,1775.1,2,0
M050,PUMP,2025-04-02,62.81,2.092,1788.7,3,0
M050,PUMP,2025-04-03,60.58,2.961,1807.6,4,0
M050,PUMP,2025-04-04,55.81,1.8,1825.5,5,0
M050,PUMP,2025-04-05,68.1,2.483,1838.1,6,0
M050,PUMP,2025-04-06,58.49,2.437,1845.7,7,0
M050,PUMP,2025-04-07,63.6,2.317,1852.2,8,0
M050,PUMP,2025-04-08,60.53,2.483,1869.0,9,0
M050,PUMP,2025-04-09,61.9,2.255,1880.7,10,0
M050,PUMP,2025-04-10,56.34,3.027,1897.7,11,0
M050,PUMP,2025-04-11,54.17,2.909,1913.4,12,0
M050,PUMP,2025-04-12,55.47,2.677,1930.5,13,0
M050,PUMP,2025-04-13,64.93,2.568,1940.4,14,0
M050,PUMP,2025-04-14,61.58,2.441,1955.5,15,0
M050,PUMP,2025-04-15,60.13,2.24,1963.3,16,0
M050,PUMP,2025-04-16,59.88,2.531,1976.2,17,0
M050,PUMP,2025-04-17,60.75,2.809,1982.2,18,0
M050,PUMP,2025-04-18,57.82,3.015,1989.6,19,0
M050,PUMP,2025-04-19,58.95,2.115,1999.7,20,0
M050,PUMP,2025-04-20,56.56,2.432,2013.0,21,0
M050,PUMP,2025-04-21,56.85,2.535,2030.6,22,0
M050,PUMP,2025-04-22,56.81,1.823,2041.3,23,0
M050,PUMP,2025-04-23,58.12,2.735,2053.9,24,0
M050,PUMP,2025-04-24,56.98,2.507,2063.8,25,0
M050,PUMP,2025-04-25,58.85,2.762,2073.3,26,0
M050,PUMP,2025-04-26,60.05,2.8,2079.3,27,0
M050,PUMP,2025-04-27,59.2,2.343,2097.5,28,0
M050,PUMP,2025-04-28,55.28,2.454,2111.9,29,0
M050,PUMP,2025-04-29,60.67,2.371,2123.2,30,0
M050,PUMP,2025-04-30,64.99,2.437,2132.8,31,0
M050,PUMP,2025-05-01,56.33,2.811,2144.1,32,0
M050,PUMP,2025-05-02,58.33,2.553,2157.2,33,0
M050,PUMP,2025-05-03,56.26,2.468,2164.5,0,0
M050,PUMP,2025-05-04,62.24,2.279,2181.1,1,0
M050,PUMP,2025-05-05,58.92,2.971,2189.7,2,0
M050,PUMP,2025-05-06,54.31,2.607,2201.0,3,0
M050,PUMP,2025-05-07,55.42,2.72,2213.0,4,0
M050,PUMP,2025-05-08,57.76,2.704,2223.2,5,0
M050,PUMP,2025-05-09,61.36,2.333,2236.8,6,0
M050,PUMP,2025-05-10,58.83,2.201,2248.5,7,0
M050,PUMP,2025-05-11,60.44,2.27,2259.4,8,0
M050,PUMP,2025-05-12,65.63,2.116,2273.5,9,0
M050,PUMP,2025-05-13,59.01,3.14,2283.8,10,0
M050,PUMP,2025-05-14,58.88,2.33,2297.3,11,0
M050,PUMP,2025-05-15,59.31,2.108,2313.0,12,0
M050,PUMP,2025-05-16,61.86,2.809,2320.8,13,0
M050,PUMP,2025-05-17,63.45,1.988,2340.6,14,0
M050,PUMP,2025-05-18,60.52,2.064,2354.4,15,0
M050,PUMP,2025-05-19,57.04,2.078,2371.1,16,0
M050,PUMP,2025-05-20,58.95,2.469,2388.7,17,0
M050,PUMP,2025-05-21,58.58,3.136,2401.3,18,0
M050,PUMP,2025-05-22,58.07,2.269,2415.2,19,0
M050,PUMP,2025-05-23,66.64,2.86,2434.3,20,0
M050,PUMP,2025-05-24,59.18,2.311,2451.6,21,0
M050,PUMP,2025-05-25,65.83,2.123,2469.2,22,0
M050,PUMP,2025-05-26,64.36,2.625,2485.2,23,0
M050,PUMP,2025-05-27,55.9,1.896,2497.3,24,0
M050,PUMP,2025-05-28,57.85,2.846,2503.8,25,0
M050,PUMP,2025-05-29,61.27,3.113,2515.9,26,0
M050,PUMP,2025-05-30,62.64,2.165,2522.8,27,0
M050,PUMP,2025-05-31,61.15,2.243,2536.2,28,0
M050,PUMP,2025-06-01,59.49,2.449,2555.7,29,0
M050,PUMP,2025-06-02,62.65,3.332,2563.5,30,0
M050,PUMP,2025-06-03,65.1,2.488,2574.5,31,0
M050,PUMP,2025-06-04,60.53,2.315,2592.0,32,0
M050,PUMP,2025-06-05,60.78,2.214,2604.7,33,0
M050,PUMP,2025-06-06,61.43,2.459,2616.3,34,0
M050,PUMP,2025-06-07,60.47,2.173,2625.4,35,0
M050,PUMP,2025-06-08,58.98,2.412,2639.0,36,0
M050,PUMP,2025-06-09,62.87,2.694,2648.7,37,0
M050,PUMP,2025-06-10,56.14,2.306,2657.5,0,0
M050,PUMP,2025-06-11,61.36,1.938,2664.6,1,0
M050,PUMP,2025-06-12,60.64,3.313,2677.4,2,0
M050,PUMP,2025-06-13,63.1,2.013,2692.8,3,0
M050,PUMP,2025-06-14,57.29,2.904,2705.1,4,0
M050,PUMP,2025-06-15,61.52,3.044,2716.1,5,0
M050,PUMP,2025-06-16,58.76,2.466,2728.2,6,0
M050,PUMP,2025-06-17,59.48,2.372,2738.3,7,0
M050,PUMP,2025-06-18,63.76,2.199,2757.4,8,0
M050,PUMP,2025-06-19,57.46,2.93,2772.0,9,0
M050,PUMP,2025-06-20,61.99,2.262,2786.8,10,0
M050,PUMP,2025-06-21,60.91,2.762,2804.9,11,0
M050,PUMP,2025-06-22,57.16,1.874,2817.4,12,0
M050,PUMP,2025-06-23,59.62,2.577,2829.0,13,0
M050,PUMP,2025-06-24,56.72,3.205,2836.6,14,0
M050,PUMP,2025-06-25,64.95,2.452,2849.2,15,0
M050,PUMP,2025-06-26,58.93,2.444,2864.2,16,0
M050,PUMP,2025-06-27,60.05,2.296,2871.5,17,0
M050,PUMP,2025-06-28,62.28,2.214,2884.7,18,0
M050,PUMP,2025-06-29,59.45,2.265,2897.9,19,0
M051,CNC_MILL,2025-01-01,52.71,1.812,4204.8,14,0
M051,CNC_MILL,2025-01-02,58.06,1.403,4222.1,15,0
M051,CNC_MILL,2025-01-03,55.68,1.654,4229.5,16,0
M051,CNC_MILL,2025-01-04,53.31,1.675,4247.8,17,0
M051,CNC_MILL,2025-01-05,58.2,2.125,4258.2,18,0
M051,CNC_MILL,2025-01-06,57.68,1.837,4273.9,19,0
M051,CNC_MILL,2025-01-07,56.83,1.85,4290.2,20,0
M051,CNC_MILL,2025-01-08,49.5,1.934,4306.1,21,0
M051,CNC_MILL,2025-01-09,56.07,1.787,4315.4,22,0
M051,CNC_MILL,2025-01-10,56.63,1.764,4322.3,23,0
M051,CNC_MILL,2025-01-11,56.48,2.005,4330.5,24,0
M051,CNC_MILL,2025-01-12,55.46,1.699,4350.2,25,0
M051,CNC_MILL,2025-01-13,55.53,1.996,4366.5,26,0
M051,CNC_MILL,2025-01-14,57.14,2.073,4385.7,0,0
M051,CNC_MILL,2025-01-15,54.86,2.051,4403.9,1,0
M051,CNC_MILL,2025-01-16,56.77,1.689,4422.5,2,0
M051,CNC_MILL,2025-01-17,61.21,2.728,4439.0,3,0
M051,CNC_MILL,2025-01-18,57.01,1.838,4451.6,4,0
M051,CNC_MILL,2025-01-19,57.75,1.827,4461.3,5,0
M051,CNC_MILL,2025-01-20,51.15,1.858,4479.5,6,0
M051,CNC_MILL,2025-01-21,58.92,2.079,4493.6,7,0
M051,CNC_MILL,2025-01-22,55.4,2.371,4510.9,8,0
M051,CNC_MILL,2025-01-23,56.92,1.533,4521.6,9,0
M051,CNC_MILL,2025-01-24,54.56,2.105,4532.3,10,0
M051,CNC_MILL,2025-01-25,57.73,2.089,4539.7,11,0
M051,CNC_MILL,2025-01-26,54.76,2.47,4547.4,12,0
M051,CNC_MILL,2025-01-27,54.31,2.311,4566.9,13,0
M051,CNC_MILL,2025-01-28,58.33,2.059,4578.4,14,0
M051,CNC_MILL,2025-01-29,57.28,1.679,4591.6,15,0
M051,CNC_MILL,2025-01-30,56.06,1.946,4610.4,16,0
M051,CNC_MILL,2025-01-31,53.1,1.94,4629.2,17,0
M051,CNC_MILL,2025-02-01,54.76,1.401,4642.7,18,0
M051,CNC_MILL,2025-02-02,48.11,2.426,4662.2,19,0
M051,CNC_MILL,2025-02-03,52.32,2.433,4677.6,20,0
M051,CNC_MILL,2025-02-04,58.6,2.181,4685.2,21,0
M051,CNC_MILL,2025-02-05,54.65,2.117,4695.4,22,0
M051,CNC_MILL,2025-02-06,56.8,1.808,4712.6,23,0
M051,CNC_MILL,2025-02-07,60.5,2.428,4724.4,24,0
M051,CNC_MILL,2025-02-08,52.21,2.629,4734.7,25,0
M051,CNC_MILL,2025-02-09,57.36,1.79,4750.6,26,0
M051,CNC_MILL,2025-02-10,50.99,2.134,4756.8,27,0
M051,CNC_MILL,2025-02-11,54.29,1.78,4775.7,28,0
M051,CNC_MILL,2025-02-12,51.21,2.311,4782.8,29,0
M051,CNC_MILL,2025-02-13,52.26,2.332,4796.3,0,0
M051,CNC_MILL,2025-02-14,56.42,2.044,4812.1,1,0
M051,CNC_MILL,2025-02-15,52.76,1.521,4827.8,2,0
M051,CNC_MILL,2025-02-16,53.18,2.242,4845.2,3,0
M051,CNC_MILL,2025-02-17,58.15,2.419,4855.0,4,0
M051,CNC_MILL,2025-02-18,52.35,1.864,4874.8,5,0
M051,CNC_MILL,2025-02-19,52.18,1.819,4894.6,6,0
M051,CNC_MILL,2025-02-20,53.53,2.258,4913.0,7,0
M051,CNC_MILL,2025-02-21,48.75,2.083,4925.0,8,0
M051,CNC_MILL,2025-02-22,53.73,2.026,4936.8,9,0
M051,CNC_MILL,2025-02-23,52.69,2.06,4956.6,10,0
M051,CNC_MILL,2025-02-24,54.01,1.605,4969.5,11,0
M051,CNC_MILL,2025-02-25,53.66,2.147,4980.7,12,0
M051,CNC_MILL,2025-02-26,56.01,2.211,4989.0,13,0
M051,CNC_MILL,2025-02-27,47.49,1.97,4998.0,14,0
M051,CNC_MILL,2025-02-28,54.26,1.712,5004.7,15,0
M051,CNC_MILL,2025-03-01,50.71,2.178,5019.3,16,0
M051,CNC_MILL,2025-03-02,59.99,2.122,5031.6,17,0
M051,CNC_MILL,2025-03-03,52.3,2.039,5051.0,18,0
M051,CNC_MILL,2025-03-04,53.43,1.494,5064.9,19,0
M051,CNC_MILL,2025-03-05,52.08,2.193,5076.4,20,0
M051,CNC_MILL,2025-03-06,56.14,2.475,5095.8,21,0
M051,CNC_MILL,2025-03-07,53.83,2.2,5105.2,22,0
M051,CNC_MILL,2025-03-08,53.84,1.731,5112.0,23,0
M051,CNC_MILL,2025-03-09,56.23,1.549,5128.9,24,0
M051,CNC_MILL,2025-03-10,62.56,2.038,5146.4,25,0
M051,CNC_MILL,2025-03-11,53.86,2.03,5159.1,26,0
M051,CNC_MILL,2025-03-12,54.71,1.844,5177.3,27,0
M051,CNC_MILL,2025-03-13,52.81,2.251,5188.6,28,0
M051,CNC_MILL,2025-03-14,55.78,1.698,5206.5,29,0
M051,CNC_MILL,2025-03-15,56.86,2.215,5216.1,30,0
M051,CNC_MILL,2025-03-16,56.78,2.021,5234.4,0,0
M051,CNC_MILL,2025-03-17,57.28,2.455,5250.7,1,0
M051,CNC_MILL,2025-03-18,56.2,1.891,5264.6,2,0
M051,CNC_MILL,2025-03-19,56.75,1.746,5278.3,3,0
M051,CNC_MILL,2025-03-20,58.22,1.842,5295.2,4,0
M051,CNC_MILL,2025-03-21,53.84,2.204,5302.7,5,0
M051,CNC_MILL,2025-03-22,54.83,2.2,5314.6,6,0
M051,CNC_MILL,2025-03-23,58.65,2.064,5325.8,7,0
M051,CNC_MILL,2025-03-24,52.17,2.055,5336.8,8,0
M051,CNC_MILL,2025-03-25,53.53,2.066,5347.8,9,0
M051,CNC_MILL,2025-03-26,54.74,1.616,5367.1,10,0
M051,CNC_MILL,2025-03-27,59.23,2.438,5380.3,11,0
M051,CNC_MILL,2025-03-28,55.29,1.983,5388.9,12,0
M051,CNC_MILL,2025-03-29,58.82,1.639,5405.5,13,0
M051,CNC_MILL,2025-03-30,52.9,1.792,5413.1,14,0
M051,CNC_MILL,2025-03-31,54.03,1.879,5432.1,15,0
M051,CNC_MILL,2025-04-01,52.23,2.358,5447.2,16,0
M051,CNC_MILL,2025-04-02,54.87,1.654,5464.9,17,0
M051,CNC_MILL,2025-04-03,57.39,1.802,5484.0,18,0
M051,CNC_MILL,2025-04-04,52.6,2.155,5495.2,19,0
M051,CNC_MILL,2025-04-05,52.77,2.622,5509.2,20,0
M051,CNC_MILL,2025-04-06,52.51,1.862,5517.2,21,0
M051,CNC_MILL,2025-04-07,57.29,1.595,5528.3,22,0
M051,CNC_MILL,2025-04-08,57.58,1.5,5543.6,23,0
M051,CNC_MILL,2025-04-09,57.09,1.725,5554.0,24,0
M051,CNC_MILL,2025-04-10,55.04,1.55,5564.6,25,0
M051,CNC_MILL,2025-04-11,46.48,1.669,5581.6,26,0
M051,CNC_MILL,2025-04-12,57.25,1.7,5595.7,27,0
M051,CNC_MILL,2025-04-13,56.94,2.161,5602.0,28,0
M051,CNC_MILL,2025-04-14,54.76,1.853,5621.9,29,0
M051,CNC_MILL,2025-04-15,57.88,2.106,5636.2,30,0
M051,CNC_MILL,2025-04-16,51.7,2.486,5652.1,31,0
M051,CNC_MILL,2025-04-17,54.49,2.045,5659.9,32,0
M051,CNC_MILL,2025-04-18,49.56,2.17,5672.4,33,0
M051,CNC_MILL,2025-04-19,57.59,2.314,5685.3,0,0
M051,CNC_MILL,2025-04-20,55.51,1.965,5693.6,1,0
M051,CNC_MILL,2025-04-21,52.94,2.199,5703.8,2,0
M051,CNC_MILL,2025-04-22,59.64,1.769,5721.2,3,0
M051,CNC_MILL,2025-04-23,54.78,1.801,5733.3,4,0
M051,CNC_MILL,2025-04-24,50.76,1.62,5741.1,5,0
M051,CNC_MILL,2025-04-25,54.82,1.863,5760.8,6,0
M051,CNC_MILL,2025-04-26,56.48,1.837,5778.8,7,0
M051,CNC_MILL,2025-04-27,57.42,2.449,5795.2,8,0
M051,CNC_MILL,2025-04-28,51.69,2.541,5813.4,9,0
M051,CNC_MILL,2025-04-29,57.17,2.141,5825.5,10,0
M051,CNC_MILL,2025-04-30,54.37,1.824,5839.9,11,0
M051,CNC_MILL,2025-05-01,56.36,2.465,5852.7,12,0
M051,CNC_MILL,2025-05-02,61.6,1.883,5869.7,13,0
M051,CNC_MILL,2025-05-03,57.36,1.911,5883.8,14,0
M051,CNC_MILL,2025-05-04,55.6,1.559,5896.8,15,0
M051,CNC_MILL,2025-05-05,57.29,1.894,5912.8,16,0
M051,CNC_MILL,2025-05-06,54.31,1.893,5922.5,17,0
M051,CNC_MILL,2025-05-07,51.53,1.682,5929.4,18,0
M051,CNC_MILL,2025-05-08,55.81,2.323,5940.2,19,0
M051,CNC_MILL,2025-05-09,56.64,1.533,5947.2,20,0
M051,CNC_MILL,2025-05-10,54.39,2.146,5960.8,21,0
M051,CNC_MILL,2025-05-11,58.98,2.194,5973.4,22,0
M051,CNC_MILL,2025-05-12,60.04,1.822,5983.6,23,0
M051,CNC_MILL,2025-05-13,53.0,1.92,5999.9,24,0
M051,CNC_MILL,2025-05-14,58.69,1.612,6019.7,25,0
M051,CNC_MILL,2025-05-15,55.82,2.0,6030.0,26,0
M051,CNC_MILL,2025-05-16,51.61,2.173,6045.9,27,0
M051,CNC_MILL,2025-05-17,57.28,2.0,6054.8,0,0
M051,CNC_MILL,2025-05-18,54.43,1.689,6071.6,1,0
M051,CNC_MILL,2025-05-19,56.79,1.954,6083.0,2,0
M051,CNC_MILL,2025-05-20,50.46,1.853,6097.7,3,0
M051,CNC_MILL,2025-05-21,55.32,2.47,6115.3,4,0
M051,CNC_MILL,2025-05-22,54.49,1.83,6128.3,5,0
M051,CNC_MILL,2025-05-23,54.67,1.805,6147.5,6,0
M051,CNC_MILL,2025-05-24,57.21,2.232,6155.5,7,0
M051,CNC_MILL,2025-05-25,60.02,2.036,6169.3,8,0
M051,CNC_MILL,2025-05-26,59.47,2.145,6178.9,9,0
M051,CNC_MILL,2025-05-27,48.82,2.122,6189.0,10,0
M051,CNC_MILL,2025-05-28,52.21,2.26,6197.3,11,0
M051,CNC_MILL,2025-05-29,52.23,2.021,6211.3,12,0
M051,CNC_MILL,2025-05-30,59.74,2.283,6226.0,13,0
M051,CNC_MILL,2025-05-31,55.47,2.026,6234.2,14,0
M051,CNC_MILL,2025-06-01,55.07,1.794,6245.9,15,0
M051,CNC_MILL,2025-06-02,56.92,1.997,6258.6,16,0
M051,CNC_MILL,2025-06-03,49.47,1.839,6270.7,17,0
M051,CNC_MILL,2025-06-04,57.64,1.934,6287.2,18,0
M051,CNC_MILL,2025-06-05,55.66,1.926,6300.8,19,0
M051,CNC_MILL,2025-06-06,62.4,2.332,6316.9,20,0
M051,CNC_MILL,2025-06-07,57.65,1.758,6332.0,21,0
M051,CNC_MILL,2025-06-08,56.92,1.969,6344.7,22,0
M051,CNC_MILL,2025-06-09,52.08,2.342,6359.9,23,0
M051,CNC_MILL,2025-06-10,55.66,1.54,6370.8,24,0
M051,CNC_MILL,2025-06-11,52.34,1.733,6389.1,25,0
M051,CNC_MILL,2025-06-12,55.3,2.3,6405.1,26,0
M051,CNC_MILL,2025-06-13,52.15,1.859,6422.0,27,0
M051,CNC_MILL,2025-06-14,49.66,2.558,6438.0,28,0
M051,CNC_MILL,2025-06-15,49.08,2.035,6456.4,29,0
M051,CNC_MILL,2025-06-16,56.16,2.145,6473.8,0,0
M051,CNC_MILL,2025-06-17,53.55,2.0,6486.4,1,0
M051,CNC_MILL,2025-06-18,51.56,2.516,6492.9,2,0
M051,CNC_MILL,2025-06-19,53.45,2.019,6502.2,3,0
M051,CNC_MILL,2025-06-20,53.51,1.663,6518.7,4,0
M051,CNC_MILL,2025-06-21,52.48,1.941,6538.0,5,0
M051,CNC_MILL,2025-06-22,56.81,2.02,6556.3,6,0
M051,CNC_MILL,2025-06-23,52.54,2.277,6562.4,7,0
M051,CNC_MILL,2025-06-24,49.4,2.007,6568.4,8,0
M051,CNC_MILL,2025-06-25,55.89,1.495,6575.6,9,0
M051,CNC_MILL,2025-06-26,49.89,1.752,6589.0,10,0
M051,CNC_MILL,2025-06-27,52.66,2.174,6599.7,11,0
M051,CNC_MILL,2025-06-28,51.25,2.262,6607.4,12,0
M051,CNC_MILL,2025-06-29,54.1,1.868,6619.6,13,0
M052,CONVEYOR,2025-01-01,39.85,1.024,834.8,8,0
M052,CONVEYOR,2025-01-02,37.49,1.011,842.0,9,0
M052,CONVEYOR,2025-01-03,37.54,1.206,856.9,10,0
M052,CONVEYOR,2025-01-04,37.21,1.457,872.6,11,0
M052,CONVEYOR,2025-01-05,41.94,1.157,887.6,12,0
M052,CONVEYOR,2025-01-06,42.54,1.304,905.0,13,0
M052,CONVEYOR,2025-01-07,46.71,0.985,922.3,14,0
M052,CONVEYOR,2025-01-08,39.6,1.107,942.0,15,0
M052,CONVEYOR,2025-01-09,39.38,1.491,953.7,16,0
M052,CONVEYOR,2025-01-10,38.7,1.08,971.8,17,0
M052,CONVEYOR,2025-01-11,38.82,1.088,991.5,18,0
M052,CONVEYOR,2025-01-12,41.45,1.128,1001.1,19,0
M052,CONVEYOR,2025-01-13,41.14,1.028,1017.1,20,0
M052,CONVEYOR,2025-01-14,37.65,1.121,1025.0,21,0
M052,CONVEYOR,2025-01-15,39.47,1.369,1035.1,22,0
M052,CONVEYOR,2025-01-16,42.29,1.403,1050.7,23,0
M052,CONVEYOR,2025-01-17,41.81,0.976,1058.6,24,0
M052,CONVEYOR,2025-01-18,39.86,1.342,1065.8,25,0
M052,CONVEYOR,2025-01-19,39.32,0.937,1084.2,26,0
M052,CONVEYOR,2025-01-20,38.58,1.308,1091.7,27,0
M052,CONVEYOR,2025-01-21,41.66,1.124,1107.2,28,0
M052,CONVEYOR,2025-01-22,41.35,0.668,1113.2,29,0
M052,CONVEYOR,2025-01-23,39.87,1.205,1131.7,30,0
M052,CONVEYOR,2025-01-24,41.78,0.947,1145.2,31,0
M052,CONVEYOR,2025-01-25,38.46,1.393,1160.8,32,0
M052,CONVEYOR,2025-01-26,39.76,1.37,1170.3,33,0
M052,CONVEYOR,2025-01-27,39.26,1.224,1179.2,34,0
M052,CONVEYOR,2025-01-28,38.89,1.243,1194.5,35,0
M052,CONVEYOR,2025-01-29,38.04,1.155,1207.1,36,0
M052,CONVEYOR,2025-01-30,37.73,1.339,1215.4,37,0
M052,CONVEYOR,2025-01-31,38.71,1.026,1223.8,0,0
M052,CONVEYOR,2025-02-01,38.99,1.305,1230.1,1,0
M052,CONVEYOR,2025-02-02,41.38,1.257,1250.1,2,0
M052,CONVEYOR,2025-02-03,39.11,1.316,1261.8,3,0
M052,CONVEYOR,2025-02-04,38.76,1.677,1273.2,4,0
M052,CONVEYOR,2025-02-05,40.75,1.114,1281.8,5,0
M052,CONVEYOR,2025-02-06,38.37,1.151,1298.6,6,0
M052,CONVEYOR,2025-02-07,37.96,1.247,1306.9,7,0
M052,CONVEYOR,2025-02-08,36.87,1.199,1324.1,8,0
M052,CONVEYOR,2025-02-09,41.94,1.218,1336.6,9,0
M052,CONVEYOR,2025-02-10,41.64,1.225,1355.0,10,0
M052,CONVEYOR,2025-02-11,39.84,1.013,1364.0,11,0
M052,CONVEYOR,2025-02-12,36.98,1.166,1377.2,12,0
M052,CONVEYOR,2025-02-13,43.49,0.961,1392.9,13,0
M052,CONVEYOR,2025-02-14,37.22,1.105,1403.5,14,0
M052,CONVEYOR,2025-02-15,39.66,0.979,1413.9,15,0
M052,CONVEYOR,2025-02-16,37.24,1.373,1428.4,16,0
M052,CONVEYOR,2025-02-17,40.54,1.534,1445.2,17,0
M052,CONVEYOR,2025-02-18,37.44,1.306,1461.3,18,0
M052,CONVEYOR,2025-02-19,40.5,1.444,1467.5,19,0
M052,CONVEYOR,2025-02-20,43.07,1.236,1477.1,20,0
M052,CONVEYOR,2025-02-21,36.22,1.535,1496.7,21,0
M052,CONVEYOR,2025-02-22,41.31,1.133,1513.3,22,0
M052,CONVEYOR,2025-02-23,41.52,1.018,1527.5,23,0
M052,CONVEYOR,2025-02-24,42.98,0.908,1538.0,24,0
M052,CONVEYOR,2025-02-25,38.15,0.873,1545.3,25,0
M052,CONVEYOR,2025-02-26,40.91,1.214,1558.1,26,0
M052,CONVEYOR,2025-02-27,38.26,1.254,1565.3,27,0
M052,CONVEYOR,2025-02-28,37.99,1.289,1574.9,28,0
M052,CONVEYOR,2025-03-01,41.57,1.018,1584.7,29,0
M052,CONVEYOR,2025-03-02,42.58,1.323,1603.0,30,0
M052,CONVEYOR,2025-03-03,35.61,1.246,1617.1,31,0
M052,CONVEYOR,2025-03-04,40.81,1.142,1630.5,0,0
M052,CONVEYOR,2025-03-05,39.09,1.217,1642.1,1,0
M052,CONVEYOR,2025-03-06,40.27,1.037,1655.3,2,0
M052,CONVEYOR,2025-03-07,38.86,1.214,1667.0,3,0
M052,CONVEYOR,2025-03-08,39.04,1.093,1682.5,4,0
M052,CONVEYOR,2025-03-09,39.02,1.304,1696.0,5,0
M052,CONVEYOR,2025-03-10,41.51,0.911,1712.4,6,0
M052,CONVEYOR,2025-03-11,42.09,1.17,1726.5,7,0
M052,CONVEYOR,2025-03-12,40.86,0.842,1737.9,8,0
M052,CONVEYOR,2025-03-13,38.52,0.989,1750.1,9,0
M052,CONVEYOR,2025-03-14,41.83,1.251,1764.4,10,0
M052,CONVEYOR,2025-03-15,36.73,1.02,1776.3,11,0
M052,CONVEYOR,2025-03-16,43.01,1.337,1785.7,12,0
M052,CONVEYOR,2025-03-17,42.23,1.188,1796.7,13,0
M052,CONVEYOR,2025-03-18,42.02,1.281,1802.9,14,0
M052,CONVEYOR,2025-03-19,39.52,1.262,1813.4,15,0
M052,CONVEYOR,2025-03-20,41.18,0.914,1819.9,16,0
M052,CONVEYOR,2025-03-21,41.59,0.971,1837.2,17,0
M052,CONVEYOR,2025-03-22,41.03,1.426,1851.3,18,0
M052,CONVEYOR,2025-03-23,40.21,1.219,1859.8,19,0
M052,CONVEYOR,2025-03-24,39.18,1.283,1867.7,20,0
M052,CONVEYOR,2025-03-25,38.42,1.234,1885.1,21,0
M052,CONVEYOR,2025-03-26,39.31,1.229,1892.1,22,0
M052,CONVEYOR,2025-03-27,41.17,1.349,1906.6,23,0
M052,CONVEYOR,2025-03-28,39.97,1.236,1919.8,24,0
M052,CONVEYOR,2025-03-29,38.42,0.793,1934.1,25,0
M052,CONVEYOR,2025-03-30,39.16,1.264,1946.0,26,0
M052,CONVEYOR,2025-03-31,38.72,1.182,1960.8,27,0
M052,CONVEYOR,2025-04-01,41.05,1.15,1969.9,28,0
M052,CONVEYOR,2025-04-02,37.06,1.179,1985.2,29,0
M052,CONVEYOR,2025-04-03,39.42,1.069,2000.1,0,0
M052,CONVEYOR,2025-04-04,35.26,1.082,2007.0,1,0
M052,CONVEYOR,2025-04-05,40.95,1.347,2025.7,2,0
M052,CONVEYOR,2025-04-06,40.56,0.823,2040.5,3,0
M052,CONVEYOR,2025-04-07,44.85,1.444,2054.3,4,0
M052,CONVEYOR,2025-04-08,35.01,1.444,2068.7,5,0
M052,CONVEYOR,2025-04-09,42.02,0.993,2080.8,6,0
M052,CONVEYOR,2025-04-10,37.47,0.901,2097.6,7,0
M052,CONVEYOR,2025-04-11,38.44,1.418,2114.9,8,0
M052,CONVEYOR,2025-04-12,39.37,0.996,2129.7,9,0
M052,CONVEYOR,2025-04-13,40.31,1.199,2140.6,10,0
M052,CONVEYOR,2025-04-14,36.78,1.249,2157.8,11,0
M052,CONVEYOR,2025-04-15,41.05,1.277,2167.3,12,0
M052,CONVEYOR,2025-04-16,40.07,1.421,2176.3,13,0
M052,CONVEYOR,2025-04-17,40.2,1.078,2195.7,14,0
M052,CONVEYOR,2025-04-18,37.62,1.454,2211.0,15,0
M052,CONVEYOR,2025-04-19,37.75,1.048,2226.0,16,0
M052,CONVEYOR,2025-04-20,41.29,1.186,2235.5,17,0
M052,CONVEYOR,2025-04-21,38.45,1.139,2246.6,18,0
M052,CONVEYOR,2025-04-22,40.1,1.47,2261.6,19,0
M052,CONVEYOR,2025-04-23,39.3,1.357,2272.5,20,0
M052,CONVEYOR,2025-04-24,39.74,1.091,2290.2,21,0
M052,CONVEYOR,2025-04-25,39.65,1.255,2307.5,22,0
M052,CONVEYOR,2025-04-26,41.34,1.164,2314.3,23,0
M052,CONVEYOR,2025-04-27,42.52,1.191,2329.2,24,0
M052,CONVEYOR,2025-04-28,39.52,1.373,2347.0,25,0
M052,CONVEYOR,2025-04-29,40.29,1.018,2358.7,26,0
M052,CONVEYOR,2025-04-30,39.03,1.445,2367.0,27,0
M052,CONVEYOR,2025-05-01,37.37,0.993,2382.0,28,0
M052,CONVEYOR,2025-05-02,40.18,1.229,2395.6,29,0
M052,CONVEYOR,2025-05-03,40.76,1.38,2403.8,30,0
M052,CONVEYOR,2025-05-04,38.15,1.691,2416.7,31,0
M052,CONVEYOR,2025-05-05,37.91,0.955,2422.8,32,0
M052,CONVEYOR,2025-05-06,38.72,1.046,2438.1,33,0
M052,CONVEYOR,2025-05-07,39.42,1.363,2450.9,34,0
M052,CONVEYOR,2025-05-08,43.97,1.107,2466.7,0,0
M052,CONVEYOR,2025-05-09,39.57,1.174,2484.7,1,0
M052,CONVEYOR,2025-05-10,43.78,1.063,2504.3,2,0
M052,CONVEYOR,2025-05-11,36.27,1.309,2512.1,3,0
M052,CONVEYOR,2025-05-12,41.72,1.258,2526.9,4,0
M052,CONVEYOR,2025-05-13,37.83,1.216,2544.3,5,0
M052,CONVEYOR,2025-05-14,43.14,0.793,2552.4,6,0
M052,CONVEYOR,2025-05-15,39.96,1.13,2558.4,7,0
M052,CONVEYOR,2025-05-16,38.09,1.232,2575.8,8,0
M052,CONVEYOR,2025-05-17,41.23,1.048,2583.6,9,0
M052,CONVEYOR,2025-05-18,42.16,1.103,2590.6,10,0
M052,CONVEYOR,2025-05-19,41.45,1.118,2606.7,11,0
M052,CONVEYOR,2025-05-20,41.28,1.536,2614.2,12,0
M052,CONVEYOR,2025-05-21,37.78,1.426,2630.5,13,0
M052,CONVEYOR,2025-05-22,35.55,1.296,2647.6,14,0
M052,CONVEYOR,2025-05-23,38.32,1.323,2665.3,15,0
M052,CONVEYOR,2025-05-24,41.23,0.972,2684.2,16,0
M052,CONVEYOR,2025-05-25,42.1,1.358,2702.7,17,0
M052,CONVEYOR,2025-05-26,35.94,1.373,2715.4,18,0
M052,CONVEYOR,2025-05-27,40.3,1.23,2729.8,19,0
M052,CONVEYOR,2025-05-28,40.93,1.641,2740.6,20,0
M052,CONVEYOR,2025-05-29,42.91,1.538,2751.3,21,0
M052,CONVEYOR,2025-05-30,39.64,1.482,2767.5,22,0
M052,CONVEYOR,2025-05-31,39.71,1.386,2783.2,23,0
M052,CONVEYOR,2025-06-01,38.87,1.376,2795.1,24,0
M052,CONVEYOR,2025-06-02,40.69,1.576,2806.3,25,0
M052,CONVEYOR,2025-06-03,44.13,1.029,2821.2,26,0
M052,CONVEYOR,2025-06-04,37.75,0.865,2838.2,27,0
M052,CONVEYOR,2025-06-05,40.56,0.909,2854.7,28,0
M052,CONVEYOR,2025-06-06,39.08,1.12,2871.0,29,0
M052,CONVEYOR,2025-06-07,36.87,1.429,2878.0,30,0
M052,CONVEYOR,2025-06-08,39.42,1.216,2892.3,31,0
M052,CONVEYOR,2025-06-09,38.82,1.426,2900.2,32,0
M052,CONVEYOR,2025-06-10,42.11,1.357,2907.9,33,0
M052,CONVEYOR,2025-06-11,37.8,1.144,2926.6,0,0
M052,CONVEYOR,2025-06-12,38.29,0.871,2934.0,1,0
M052,CONVEYOR,2025-06-13,39.24,0.944,2945.3,2,0
M052,CONVEYOR,2025-06-14,36.87,1.273,2960.2,3,0
M052,CONVEYOR,2025-06-15,39.31,1.115,2970.1,4,0
M052,CONVEYOR,2025-06-16,44.61,0.984,2983.5,5,0
M052,CONVEYOR,2025-06-17,40.77,1.349,2995.5,6,0
M052,CONVEYOR,2025-06-18,42.72,1.136,3006.1,7,0
M052,CONVEYOR,2025-06-19,37.2,1.281,3023.9,8,0
M052,CONVEYOR,2025-06-20,40.47,1.237,3040.5,9,0
M052,CONVEYOR,2025-06-21,41.06,1.17,3055.8,10,0
M052,CONVEYOR,2025-06-22,40.2,1.369,3067.0,11,0
M052,CONVEYOR,2025-06-23,39.34,1.43,3083.7,12,0
M052,CONVEYOR,2025-06-24,39.76,1.109,3101.0,13,0
M052,CONVEYOR,2025-06-25,40.32,1.107,3108.7,14,0
M052,CONVEYOR,2025-06-26,38.08,1.117,3124.0,15,0
M052,CONVEYOR,2025-06-27,34.84,1.16,3138.6,16,0
M052,CONVEYOR,2025-06-28,38.1,1.114,3150.7,17,0
M052,CONVEYOR,2025-06-29,39.54,1.607,3158.6,18,0
M053,PRESS,2025-01-01,67.02,3.389,3980.1,6,0
M053,PRESS,2025-01-02,63.63,3.043,3992.9,7,0
M053,PRESS,2025-01-03,61.79,2.205,4002.9,8,0
M053,PRESS,2025-01-04,63.04,2.738,4018.8,9,0
M053,PRESS,2025-01-05,68.48,2.676,4029.6,10,0
M053,PRESS,2025-01-06,64.01,2.196,4048.3,11,0
M053,PRESS,2025-01-07,58.04,2.753,4056.1,12,0
M053,PRESS,2025-01-08,64.86,3.573,4075.0,13,0
M053,PRESS,2025-01-09,62.95,3.186,4089.6,14,0
M053,PRESS,2025-01-10,62.13,3.033,4098.0,15,0
M053,PRESS,2025-01-11,59.81,2.491,4115.6,16,0
M053,PRESS,2025-01-12,69.03,2.832,4132.7,17,0
M053,PRESS,2025-01-13,60.74,2.614,4152.3,18,0
M053,PRESS,2025-01-14,67.43,2.798,4166.1,19,0
M053,PRESS,2025-01-15,63.39,2.923,4177.8,20,0
M053,PRESS,2025-01-16,64.66,2.982,4191.5,21,0
M053,PRESS,2025-01-17,65.47,2.707,4201.1,22,0
M053,PRESS,2025-01-18,65.52,3.055,4217.2,23,0
M053,PRESS,2025-01-19,67.45,2.853,4234.0,24,0
M053,PRESS,2025-01-20,60.17,2.3,4243.6,25,0
M053,PRESS,2025-01-21,62.93,3.091,4255.3,26,0
M053,PRESS,2025-01-22,65.64,2.735,4272.3,27,0
M053,PRESS,2025-01-23,58.2,2.904,4279.3,28,0
M053,PRESS,2025-01-24,72.98,3.063,4286.5,29,0
M053,PRESS,2025-01-25,63.75,2.199,4301.9,30,0
M053,PRESS,2025-01-26,65.61,3.002,4312.4,0,0
M053,PRESS,2025-01-27,65.2,3.408,4324.1,1,0
M053,PRESS,2025-01-28,60.01,2.642,4332.9,2,0
M053,PRESS,2025-01-29,71.9,3.317,4342.4,3,0
M053,PRESS,2025-01-30,69.41,2.846,4349.2,4,0
M053,PRESS,2025-01-31,58.73,3.136,4365.5,5,0
M053,PRESS,2025-02-01,70.37,2.902,4383.7,6,0
M053,PRESS,2025-02-02,61.29,2.213,4392.8,7,0
M053,PRESS,2025-02-03,61.21,2.584,4400.1,8,0
M053,PRESS,2025-02-04,59.38,3.168,4409.8,9,0
M053,PRESS,2025-02-05,65.15,3.298,4418.2,10,0
M053,PRESS,2025-02-06,64.91,2.983,4434.4,11,0
M053,PRESS,2025-02-07,64.07,3.719,4451.0,12,0
M053,PRESS,2025-02-08,60.74,2.716,4470.6,13,0
M053,PRESS,2025-02-09,70.77,3.382,4490.5,14,0
M053,PRESS,2025-02-10,73.65,2.805,4496.8,15,0
M053,PRESS,2025-02-11,73.12,3.278,4503.3,16,0
M053,PRESS,2025-02-12,68.56,3.37,4510.2,17,0
M053,PRESS,2025-02-13,61.19,1.954,4522.1,18,0
M053,PRESS,2025-02-14,65.0,3.809,4539.8,19,0
M053,PRESS,2025-02-15,61.12,3.269,4557.5,20,0
M053,PRESS,2025-02-16,68.87,2.754,4576.7,21,0
M053,PRESS,2025-02-17,67.63,2.754,4596.1,22,0
M053,PRESS,2025-02-18,71.17,3.05,4613.1,23,0
M053,PRESS,2025-02-19,65.37,2.743,4623.6,24,0
M053,PRESS,2025-02-20,75.27,2.941,4641.4,25,0
M053,PRESS,2025-02-21,63.82,2.116,4659.9,26,0
M053,PRESS,2025-02-22,64.65,2.439,4668.8,27,0
M053,PRESS,2025-02-23,67.46,3.693,4681.2,0,0
M053,PRESS,2025-02-24,62.02,3.216,4693.8,1,0
M053,PRESS,2025-02-25,67.29,2.865,4706.4,2,0
M053,PRESS,2025-02-26,70.61,2.941,4725.3,3,0
M053,PRESS,2025-02-27,59.9,2.579,4731.8,4,0
M053,PRESS,2025-02-28,71.6,2.781,4741.8,5,0
M053,PRESS,2025-03-01,66.13,2.903,4760.5,6,0
M053,PRESS,2025-03-02,64.68,2.828,4774.2,7,0
M053,PRESS,2025-03-03,58.97,3.413,4789.2,8,0
M053,PRESS,2025-03-04,66.41,2.87,4797.5,9,0
M053,PRESS,2025-03-05,65.68,3.527,4805.7,10,0
M053,PRESS,2025-03-06,64.87,3.515,4811.8,11,0
M053,PRESS,2025-03-07,58.36,3.14,4831.2,12,0
M053,PRESS,2025-03-08,64.09,3.273,4843.1,13,0
M053,PRESS,2025-03-09,66.47,3.462,4849.2,14,0
M053,PRESS,2025-03-10,60.55,2.979,4858.9,15,0
M053,PRESS,2025-03-11,67.98,3.255,4868.8,16,0
M053,PRESS,2025-03-12,65.06,2.332,4879.8,17,0
M053,PRESS,2025-03-13,68.03,3.372,4888.8,18,0
M053,PRESS,2025-03-14,62.46,3.645,4896.3,19,0
M053,PRESS,2025-03-15,64.54,3.464,4904.9,20,0
M053,PRESS,2025-03-16,71.36,2.731,4913.8,21,0
M053,PRESS,2025-03-17,64.1,2.986,4926.3,22,0
M053,PRESS,2025-03-18,62.13,3.303,4942.2,23,0
M053,PRESS,2025-03-19,71.32,3.453,4948.6,24,0
M053,PRESS,2025-03-20,69.95,3.704,4966.0,25,0
M053,PRESS,2025-03-21,67.43,2.898,4974.6,26,0
M053,PRESS,2025-03-22,61.05,2.314,4987.6,27,0
M053,PRESS,2025-03-23,62.77,3.068,4994.6,28,0
M053,PRESS,2025-03-24,67.21,3.021,5009.9,29,0
M053,PRESS,2025-03-25,67.35,2.34,5026.8,30,0
M053,PRESS,2025-03-26,64.75,2.452,5040.1,0,0
M053,PRESS,2025-03-27,60.42,2.424,5047.2,1,0
M053,PRESS,2025-03-28,59.44,2.802,5054.2,2,0
M053,PRESS,2025-03-29,56.8,3.791,5072.5,3,0
M053,PRESS,2025-03-30,64.01,2.93,5091.8,4,0
M053,PRESS,2025-03-31,64.79,2.857,5104.5,5,0
M053,PRESS,2025-04-01,62.39,3.054,5118.5,6,0
M053,PRESS,2025-04-02,67.69,2.738,5127.8,7,0
M053,PRESS,2025-04-03,60.97,2.122,5144.5,8,0
M053,PRESS,2025-04-04,69.86,3.662,5156.2,9,0
M053,PRESS,2025-04-05,66.48,2.076,5162.7,10,0
M053,PRESS,2025-04-06,64.01,3.107,5170.8,11,0
M053,PRESS,2025-04-07,65.41,2.781,5183.6,12,0
M053,PRESS,2025-04-08,58.11,2.823,5197.9,13,0
M053,PRESS,2025-04-09,65.15,2.826,5205.5,14,0
M053,PRESS,2025-04-10,66.11,3.43,5221.2,15,0
M053,PRESS,2025-04-11,64.18,3.374,5227.3,16,0
M053,PRESS,2025-04-12,70.7,2.945,5239.5,17,0
M053,PRESS,2025-04-13,62.26,2.734,5247.6,18,0
M053,PRESS,2025-04-14,66.96,2.881,5263.3,19,0
M053,PRESS,2025-04-15,59.03,3.206,5281.1,20,0
M053,PRESS,2025-04-16,62.01,3.145,5287.9,21,0
M053,PRESS,2025-04-17,68.45,3.305,5306.2,22,0
M053,PRESS,2025-04-18,70.72,2.972,5320.9,23,0
M053,PRESS,2025-04-19,64.98,3.495,5327.9,24,0
M053,PRESS,2025-04-20,69.65,1.992,5347.1,25,0
M053,PRESS,2025-04-21,66.27,2.405,5365.9,26,0
M053,PRESS,2025-04-22,71.65,3.027,5373.9,0,0
M053,PRESS,2025-04-23,57.49,2.063,5385.6,1,0
M053,PRESS,2025-04-24,70.6,3.536,5401.8,2,0
M053,PRESS,2025-04-25,64.48,2.622,5411.5,3,0
M053,PRESS,2025-04-26,69.73,2.615,5426.5,4,0
M053,PRESS,2025-04-27,63.42,3.103,5441.9,5,0
M053,PRESS,2025-04-28,69.18,2.962,5448.2,6,0
M053,PRESS,2025-04-29,60.37,3.589,5457.3,7,0
M053,PRESS,2025-04-30,63.1,3.191,5475.0,8,0
M053,PRESS,2025-05-01,57.08,2.578,5489.5,9,0
M053,PRESS,2025-05-02,68.05,2.951,5496.1,10,0
M053,PRESS,2025-05-03,59.58,3.322,5508.6,11,0
M053,PRESS,2025-05-04,61.74,3.733,5526.8,12,0
M053,PRESS,2025-05-05,67.4,2.783,5542.7,13,0
M053,PRESS,2025-05-06,63.76,2.831,5556.7,14,0
M053,PRESS,2025-05-07,65.45,2.402,5563.2,15,0
M053,PRESS,2025-05-08,64.52,2.748,5576.7,16,0
M053,PRESS,2025-05-09,67.46,2.814,5596.3,17,0
M053,PRESS,2025-05-10,64.9,3.286,5608.0,18,0
M053,PRESS,2025-05-11,63.51,3.42,5623.1,19,0
M053,PRESS,2025-05-12,64.72,3.049,5635.4,20,0
M053,PRESS,2025-05-13,68.87,3.247,5645.1,21,0
M053,PRESS,2025-05-14,60.82,3.312,5653.1,22,0
M053,PRESS,2025-05-15,64.91,2.736,5669.1,23,0
M053,PRESS,2025-05-16,66.72,2.497,5685.7,24,0
M053,PRESS,2025-05-17,66.07,2.947,5700.2,25,0
M053,PRESS,2025-05-18,63.62,3.523,5709.7,26,0
M053,PRESS,2025-05-19,72.98,2.983,5718.4,27,0
M053,PRESS,2025-05-20,71.78,2.737,5736.4,28,0
M053,PRESS,2025-05-21,59.56,3.512,5744.8,29,0
M053,PRESS,2025-05-22,62.6,3.323,5752.1,30,0
M053,PRESS,2025-05-23,64.14,2.301,5768.6,0,0
M053,PRESS,2025-05-24,65.29,3.497,5779.1,1,0
M053,PRESS,2025-05-25,60.78,2.804,5792.9,2,0
M053,PRESS,2025-05-26,65.08,2.987,5805.1,3,0
M053,PRESS,2025-05-27,56.39,2.968,5814.7,4,0
M053,PRESS,2025-05-28,65.91,3.499,5824.8,5,0
M053,PRESS,2025-05-29,54.07,3.797,5835.0,6,0
M053,PRESS,2025-05-30,67.38,3.696,5852.4,7,0
M053,PRESS,2025-05-31,66.72,2.782,5859.9,8,0
M053,PRESS,2025-06-01,65.65,3.564,5875.4,9,0
M053,PRESS,2025-06-02,65.0,3.399,5889.8,10,0
M053,PRESS,2025-06-03,64.03,2.589,5907.8,11,0
M053,PRESS,2025-06-04,68.76,3.123,5926.9,12,0
M053,PRESS,2025-06-05,72.14,3.653,5943.8,13,0
M053,PRESS,2025-06-06,62.48,2.888,5951.2,14,0
M053,PRESS,2025-06-07,68.65,3.488,5968.2,15,0
M053,PRESS,2025-06-08,68.41,3.074,5982.9,16,0
M053,PRESS,2025-06-09,69.75,3.557,6001.7,17,0
M053,PRESS,2025-06-10,58.75,3.365,6009.9,18,0
M053,PRESS,2025-06-11,61.2,2.849,6022.9,19,0
M053,PRESS,2025-06-12,66.7,2.74,6042.3,20,0
M053,PRESS,2025-06-13,57.39,2.696,6053.7,21,0
M053,PRESS,2025-06-14,59.72,3.417,6066.9,22,0
M053,PRESS,2025-06-15,69.84,3.138,6077.1,23,0
M053,PRESS,2025-06-16,64.95,3.116,6091.9,24,0
M053,PRESS,2025-06-17,69.3,3.128,6109.1,25,0
M053,PRESS,2025-06-18,68.1,2.813,6123.7,26,0
M053,PRESS,2025-06-19,60.28,3.225,6138.2,0,0
M053,PRESS,2025-06-20,63.52,3.14,6157.4,1,0
M053,PRESS,2025-06-21,70.58,2.602,6176.0,2,0
M053,PRESS,2025-06-22,66.57,2.439,6189.1,3,0
M053,PRESS,2025-06-23,67.12,3.432,6205.2,4,0
M053,PRESS,2025-06-24,54.36,2.973,6224.1,5,0
M053,PRESS,2025-06-25,59.98,3.222,6234.8,6,0
M053,PRESS,2025-06-26,67.79,2.95,6250.9,7,0
M053,PRESS,2025-06-27,65.38,2.896,6261.2,8,0
M053,PRESS,2025-06-28,73.22,2.509,6274.2,9,0
M053,PRESS,2025-06-29,64.04,2.753,6290.8,10,0
M054,ROBOT_ARM,2025-01-01,46.79,1.692,688.6,15,0
M054,ROBOT_ARM,2025-01-02,49.31,1.759,699.5,16,0
M054,ROBOT_ARM,2025-01-03,47.78,1.145,714.1,17,0
M054,ROBOT_ARM,2025-01-04,51.61,1.55,733.3,18,0
M054,ROBOT_ARM,2025-01-05,51.62,1.474,744.3,19,0
M054,ROBOT_ARM,2025-01-06,47.66,0.723,757.0,20,0
M054,ROBOT_ARM,2025-01-07,50.86,1.024,773.8,21,0
M054,ROBOT_ARM,2025-01-08,46.64,1.416,791.9,22,0
M054,ROBOT_ARM,2025-01-09,50.7,1.469,808.8,23,0
M054,ROBOT_ARM,2025-01-10,48.04,1.4,820.3,24,0
M054,ROBOT_ARM,2025-01-11,45.78,1.579,827.2,25,0
M054,ROBOT_ARM,2025-01-12,50.83,1.388,843.1,26,0
M054,ROBOT_ARM,2025-01-13,49.2,1.68,853.2,27,0
M054,ROBOT_ARM,2025-01-14,48.06,2.059,870.2,28,0
M054,ROBOT_ARM,2025-01-15,50.5,1.874,878.7,0,0
M054,ROBOT_ARM,2025-01-16,48.15,1.552,890.5,1,0
M054,ROBOT_ARM,2025-01-17,50.03,1.353,902.2,2,0
M054,ROBOT_ARM,2025-01-18,50.75,1.011,909.2,3,0
M054,ROBOT_ARM,2025-01-19,46.78,1.451,917.6,4,0
M054,ROBOT_ARM,2025-01-20,47.04,1.19,933.9,5,0
M054,ROBOT_ARM,2025-01-21,52.34,1.394,940.6,6,0
M054,ROBOT_ARM,2025-01-22,46.55,1.604,949.1,7,0
M054,ROBOT_ARM,2025-01-23,45.34,1.362,960.4,8,0
M054,ROBOT_ARM,2025-01-24,49.65,1.684,980.2,9,0
M054,ROBOT_ARM,2025-01-25,50.4,1.636,990.7,10,0
M054,ROBOT_ARM,2025-01-26,41.17,1.213,1000.0,11,0
M054,ROBOT_ARM,2025-01-27,47.18,1.492,1006.1,12,0
M054,ROBOT_ARM,2025-01-28,49.97,1.568,1017.8,13,0
M054,ROBOT_ARM,2025-01-29,43.27,1.315,1030.1,14,0
M054,ROBOT_ARM,2025-01-30,43.23,1.268,1047.3,15,0
M054,ROBOT_ARM,2025-01-31,45.48,1.998,1053.4,16,0
M054,ROBOT_ARM,2025-02-01,45.29,1.721,1067.5,17,0
M054,ROBOT_ARM,2025-02-02,47.29,1.206,1087.0,18,0
M054,ROBOT_ARM,2025-02-03,47.09,1.452,1106.7,19,0
M054,ROBOT_ARM,2025-02-04,46.43,1.773,1114.7,20,0
M054,ROBOT_ARM,2025-02-05,47.75,1.817,1124.0,21,0
M054,ROBOT_ARM,2025-02-06,52.41,1.503,1130.3,22,0
M054,ROBOT_ARM,2025-02-07,46.07,1.195,1149.3,23,0
M054,ROBOT_ARM,2025-02-08,43.84,1.505,1163.1,24,0
M054,ROBOT_ARM,2025-02-09,46.7,1.376,1176.9,25,0
M054,ROBOT_ARM,2025-02-10,44.98,1.965,1194.3,26,0
M054,ROBOT_ARM,2025-02-11,50.97,1.826,1205.8,27,0
M054,ROBOT_ARM,2025-02-12,49.03,1.537,1219.1,0,0
M054,ROBOT_ARM,2025-02-13,48.61,1.851,1232.4,1,0
M054,ROBOT_ARM,2025-02-14,51.45,1.338,1251.1,2,0
M054,ROBOT_ARM,2025-02-15,50.49,1.233,1270.0,3,0
M054,ROBOT_ARM,2025-02-16,46.16,1.248,1283.2,4,0
M054,ROBOT_ARM,2025-02-17,45.51,1.553,1298.9,5,0
M054,ROBOT_ARM,2025-02-18,50.21,1.625,1318.0,6,0
M054,ROBOT_ARM,2025-02-19,43.32,1.419,1324.9,7,0
M054,ROBOT_ARM,2025-02-20,53.05,1.55,1336.7,8,0
M054,ROBOT_ARM,2025-02-21,52.5,1.306,1353.9,9,0
M054,ROBOT_ARM,2025-02-22,47.06,1.53,1369.1,10,0
M054,ROBOT_ARM,2025-02-23,44.65,2.015,1385.7,11,0
M054,ROBOT_ARM,2025-02-24,48.08,1.369,1401.9,12,0
M054,ROBOT_ARM,2025-02-25,49.09,1.705,1409.9,13,0
M054,ROBOT_ARM,2025-02-26,50.46,1.936,1416.7,14,0
M054,ROBOT_ARM,2025-02-27,50.12,1.719,1423.0,15,0
M054,ROBOT_ARM,2025-02-28,49.91,1.928,1433.7,16,0
M054,ROBOT_ARM,2025-03-01,53.06,2.08,1453.5,17,0
M054,ROBOT_ARM,2025-03-02,52.99,1.355,1461.4,18,0
M054,ROBOT_ARM,2025-03-03,49.76,1.759,1479.1,19,0
M054,ROBOT_ARM,2025-03-04,57.53,1.882,1487.3,20,0
M054,ROBOT_ARM,2025-03-05,53.98,2.006,1499.0,21,0
M054,ROBOT_ARM,2025-03-06,55.26,1.737,1507.0,22,0
M054,ROBOT_ARM,2025-03-07,57.22,1.981,1519.6,23,0
M054,ROBOT_ARM,2025-03-08,54.12,2.109,1526.7,24,0
M054,ROBOT_ARM,2025-03-09,53.42,2.297,1534.3,25,0
M054,ROBOT_ARM,2025-03-10,54.51,2.044,1549.1,26,0
M054,ROBOT_ARM,2025-03-11,42.21,2.15,1568.4,27,0
M054,ROBOT_ARM,2025-03-12,54.29,2.533,1580.0,28,0
M054,ROBOT_ARM,2025-03-13,48.1,2.171,1599.4,29,0
M054,ROBOT_ARM,2025-03-14,67.63,2.061,1613.2,30,0
M054,ROBOT_ARM,2025-03-15,55.34,2.655,1631.0,31,0
M054,ROBOT_ARM,2025-03-16,63.65,1.986,1647.4,32,0
M054,ROBOT_ARM,2025-03-17,50.14,2.636,1664.6,33,0
M054,ROBOT_ARM,2025-03-18,64.68,2.63,1678.1,34,1
M054,ROBOT_ARM,2025-03-19,60.18,2.36,1685.9,0,1
M054,ROBOT_ARM,2025-03-20,50.75,2.561,1692.3,1,1
M054,ROBOT_ARM,2025-03-21,63.36,3.248,1701.6,2,1
M054,ROBOT_ARM,2025-03-22,62.71,2.711,1720.8,3,1
M054,ROBOT_ARM,2025-03-23,69.48,4.519,1740.2,4,1
M054,ROBOT_ARM,2025-03-24,64.82,3.144,1760.1,5,1
M054,ROBOT_ARM,2025-03-25,46.66,1.423,1773.2,6,0
M055,PUMP,2025-01-01,62.51,2.666,3562.8,10,0
M055,PUMP,2025-01-02,61.56,2.243,3577.7,11,0
M055,PUMP,2025-01-03,59.79,3.136,3589.9,12,0
M055,PUMP,2025-01-04,61.66,2.401,3607.0,13,0
M055,PUMP,2025-01-05,57.77,2.459,3622.6,14,0
M055,PUMP,2025-01-06,62.37,2.548,3632.5,15,0
M055,PUMP,2025-01-07,58.61,1.95,3640.7,16,0
M055,PUMP,2025-01-08,57.8,2.236,3657.5,17,0
M055,PUMP,2025-01-09,62.2,2.533,3670.9,18,0
M055,PUMP,2025-01-10,57.86,1.622,3679.8,19,0
M055,PUMP,2025-01-11,65.76,2.519,3699.3,20,0
M055,PUMP,2025-01-12,58.74,3.068,3714.4,21,0
M055,PUMP,2025-01-13,57.05,2.941,3727.2,22,0
M055,PUMP,2025-01-14,59.68,2.4,3740.9,23,0
M055,PUMP,2025-01-15,58.54,2.287,3754.0,24,0
M055,PUMP,2025-01-16,62.46,2.958,3765.8,25,0
M055,PUMP,2025-01-17,57.75,2.142,3774.1,0,0
M055,PUMP,2025-01-18,56.78,1.736,3791.3,1,0
M055,PUMP,2025-01-19,60.06,2.596,3807.3,2,0
M055,PUMP,2025-01-20,63.24,2.184,3825.6,3,0
M055,PUMP,2025-01-21,60.37,2.364,3839.3,4,0
M055,PUMP,2025-01-22,54.14,2.112,3848.3,5,0
M055,PUMP,2025-01-23,63.8,2.431,3857.2,6,0
M055,PUMP,2025-01-24,58.35,2.108,3877.2,7,0
M055,PUMP,2025-01-25,59.21,2.457,3896.0,8,0
M055,PUMP,2025-01-26,60.28,3.059,3911.2,9,0
M055,PUMP,2025-01-27,52.84,3.064,3925.4,10,0
M055,PUMP,2025-01-28,65.83,2.686,3936.4,11,0
M055,PUMP,2025-01-29,61.45,2.803,3951.6,12,0
M055,PUMP,2025-01-30,63.96,2.776,3959.3,13,0
M055,PUMP,2025-01-31,63.35,2.617,3972.6,14,0
M055,PUMP,2025-02-01,63.83,2.433,3988.6,15,0
M055,PUMP,2025-02-02,60.26,3.13,4007.8,16,0
M055,PUMP,2025-02-03,58.1,2.125,4019.7,17,0
M055,PUMP,2025-02-04,51.14,1.568,4031.7,18,0
M055,PUMP,2025-02-05,57.96,2.17,4042.9,19,0
M055,PUMP,2025-02-06,62.65,2.45,4062.9,20,0
M055,PUMP,2025-02-07,56.7,2.196,4075.6,21,0
M055,PUMP,2025-02-08,59.82,3.279,4092.4,22,0
M055,PUMP,2025-02-09,61.9,2.492,4110.5,23,0
M055,PUMP,2025-02-10,62.49,2.568,4124.9,24,0
M055,PUMP,2025-02-11,58.85,2.461,4138.0,25,0
M055,PUMP,2025-02-12,54.52,2.559,4156.2,26,0
M055,PUMP,2025-02-13,55.99,2.58,4162.8,0,0
M055,PUMP,2025-02-14,63.58,2.344,4168.8,1,0
M055,PUMP,2025-02-15,59.75,2.268,4186.2,2,0
M055,PUMP,2025-02-16,58.26,1.804,4196.8,3,0
M055,PUMP,2025-02-17,53.58,2.199,4216.1,4,0
M055,PUMP,2025-02-18,59.58,1.789,4231.7,5,0
M055,PUMP,2025-02-19,64.0,2.493,4244.3,6,0
M055,PUMP,2025-02-20,58.7,2.377,4255.2,7,0
M055,PUMP,2025-02-21,66.06,1.988,4269.7,8,0
M055,PUMP,2025-02-22,61.15,2.851,4283.3,9,0
M055,PUMP,2025-02-23,56.38,2.205,4293.4,10,0
M055,PUMP,2025-02-24,59.21,2.345,4306.8,11,0
M055,PUMP,2025-02-25,59.41,2.655,4315.4,12,0
M055,PUMP,2025-02-26,57.82,2.495,4328.7,13,0
M055,PUMP,2025-02-27,64.42,2.55,4335.4,14,0
M055,PUMP,2025-02-28,60.93,2.638,4342.0,15,0
M055,PUMP,2025-03-01,58.09,2.617,4353.4,16,0
M055,PUMP,2025-03-02,55.5,1.967,4369.6,17,0
M055,PUMP,2025-03-03,60.39,2.623,4387.6,18,0
M055,PUMP,2025-03-04,59.02,3.422,4403.0,19,0
M055,PUMP,2025-03-05,63.65,3.139,4411.9,20,0
M055,PUMP,2025-03-06,58.5,2.152,4427.6,21,0
M055,PUMP,2025-03-07,56.07,2.239,4437.2,22,0
M055,PUMP,2025-03-08,65.38,2.392,4452.3,23,0
M055,PUMP,2025-03-09,56.84,1.937,4464.4,24,0
M055,PUMP,2025-03-10,64.24,2.423,4479.4,25,0
M055,PUMP,2025-03-11,60.23,1.926,4495.9,26,0
M055,PUMP,2025-03-12,61.56,2.529,4512.4,0,0
M055,PUMP,2025-03-13,65.44,2.632,4529.6,1,0
M055,PUMP,2025-03-14,60.52,2.724,4541.1,2,0
M055,PUMP,2025-03-15,59.36,2.35,4560.5,3,0
M055,PUMP,2025-03-16,61.33,2.432,4571.3,4,0
M055,PUMP,2025-03-17,60.21,1.331,4581.3,5,0
M055,PUMP,2025-03-18,62.66,2.256,4591.4,6,0
M055,PUMP,2025-03-19,58.85,2.848,4601.8,7,0
M055,PUMP,2025-03-20,59.48,2.315,4610.6,8,0
M055,PUMP,2025-03-21,64.2,2.295,4629.3,9,0
M055,PUMP,2025-03-22,62.3,2.873,4640.0,10,0
M055,PUMP,2025-03-23,60.71,2.478,4646.1,11,0
M055,PUMP,2025-03-24,56.91,2.246,4662.3,12,0
M055,PUMP,2025-03-25,61.99,2.486,4671.2,13,0
M055,PUMP,2025-03-26,57.95,2.963,4688.5,14,0
M055,PUMP,2025-03-27,66.63,2.408,4702.9,15,0
M055,PUMP,2025-03-28,59.9,2.786,4714.8,16,0
M055,PUMP,2025-03-29,60.46,2.319,4734.0,17,0
M055,PUMP,2025-03-30,66.39,2.143,4753.0,18,0
M055,PUMP,2025-03-31,60.26,3.019,4771.9,19,0
M055,PUMP,2025-04-01,58.96,2.324,4778.7,20,0
M055,PUMP,2025-04-02,55.91,2.834,4798.6,21,0
M055,PUMP,2025-04-03,59.75,1.974,4809.2,22,0
M055,PUMP,2025-04-04,53.82,2.019,4823.9,23,0
M055,PUMP,2025-04-05,62.36,2.764,4836.6,24,0
M055,PUMP,2025-04-06,62.85,2.301,4843.4,25,0
M055,PUMP,2025-04-07,59.68,2.797,4862.0,26,0
M055,PUMP,2025-04-08,60.76,1.761,4878.2,27,0
M055,PUMP,2025-04-09,60.74,2.701,4887.1,28,0
M055,PUMP,2025-04-10,61.07,2.225,4895.1,29,0
M055,PUMP,2025-04-11,59.07,2.22,4903.3,30,0
M055,PUMP,2025-04-12,58.62,2.528,4910.2,31,0
M055,PUMP,2025-04-13,58.31,2.629,4919.1,32,0
M055,PUMP,2025-04-14,58.44,2.537,4931.3,0,0
M055,PUMP,2025-04-15,56.88,2.209,4945.5,1,0
M055,PUMP,2025-04-16,57.99,2.332,4953.2,2,0
M055,PUMP,2025-04-17,61.07,2.449,4971.5,3,0
M055,PUMP,2025-04-18,60.59,2.657,4989.4,4,0
M055,PUMP,2025-04-19,57.89,2.722,5000.8,5,0
M055,PUMP,2025-04-20,59.55,2.779,5007.1,6,0
M055,PUMP,2025-04-21,61.7,2.493,5015.7,7,0
M055,PUMP,2025-04-22,62.6,2.744,5023.0,8,0
M055,PUMP,2025-04-23,57.93,2.661,5039.9,9,0
M055,PUMP,2025-04-24,56.32,2.732,5059.3,10,0
M055,PUMP,2025-04-25,61.01,2.294,5073.6,11,0
M055,PUMP,2025-04-26,62.04,2.288,5086.3,12,0
M055,PUMP,2025-04-27,55.77,2.199,5096.3,13,0
M055,PUMP,2025-04-28,59.38,2.451,5110.7,14,0
M055,PUMP,2025-04-29,59.41,2.659,5127.4,15,0
M055,PUMP,2025-04-30,66.84,2.731,5137.1,16,0
M055,PUMP,2025-05-01,60.03,2.373,5143.9,17,0
M055,PUMP,2025-05-02,63.52,2.383,5153.4,18,0
M055,PUMP,2025-05-03,61.32,2.499,5160.3,19,0
M055,PUMP,2025-05-04,57.05,2.217,5170.1,20,0
M055,PUMP,2025-05-05,61.92,2.193,5183.2,21,0
M055,PUMP,2025-05-06,57.24,2.427,5200.6,22,0
M055,PUMP,2025-05-07,57.31,2.139,5216.3,23,0
M055,PUMP,2025-05-08,61.01,2.898,5224.7,24,0
M055,PUMP,2025-05-09,61.14,2.173,5241.8,25,0
M055,PUMP,2025-05-10,62.67,2.325,5254.0,26,0
M055,PUMP,2025-05-11,56.36,2.573,5268.2,27,0
M055,PUMP,2025-05-12,59.01,1.969,5280.3,0,0
M055,PUMP,2025-05-13,61.85,3.076,5296.4,1,0
M055,PUMP,2025-05-14,61.86,2.843,5307.4,2,0
M055,PUMP,2025-05-15,60.32,2.767,5314.4,3,0
M055,PUMP,2025-05-16,58.19,2.717,5328.2,4,0
M055,PUMP,2025-05-17,63.42,3.127,5336.1,5,0
M055,PUMP,2025-05-18,65.35,2.575,5345.1,6,0
M055,PUMP,2025-05-19,57.82,2.619,5354.6,7,0
M055,PUMP,2025-05-20,58.12,2.753,5368.2,8,0
M055,PUMP,2025-05-21,60.75,2.799,5374.6,9,0
M055,PUMP,2025-05-22,58.18,2.229,5388.2,10,0
M055,PUMP,2025-05-23,55.54,2.773,5400.9,11,0
M055,PUMP,2025-05-24,63.62,2.49,5416.9,12,0
M055,PUMP,2025-05-25,59.88,2.346,5427.4,13,0
M055,PUMP,2025-05-26,61.15,2.452,5442.9,14,0
M055,PUMP,2025-05-27,61.29,1.921,5454.4,15,0
M055,PUMP,2025-05-28,60.31,2.233,5461.7,16,0
M055,PUMP,2025-05-29,63.52,2.007,5478.1,17,0
M055,PUMP,2025-05-30,57.33,2.849,5497.0,18,0
M055,PUMP,2025-05-31,61.67,2.607,5504.1,19,0
M055,PUMP,2025-06-01,59.72,2.691,5510.8,20,0
M055,PUMP,2025-06-02,61.01,2.445,5528.0,21,0
M055,PUMP,2025-06-03,64.52,2.405,5536.7,22,0
M055,PUMP,2025-06-04,57.48,2.341,5552.2,23,0
M055,PUMP,2025-06-05,55.56,1.615,5562.7,24,0
M055,PUMP,2025-06-06,62.59,2.516,5577.8,25,0
M055,PUMP,2025-06-07,58.77,2.123,5588.7,26,0
M055,PUMP,2025-06-08,53.79,2.632,5598.2,27,0
M055,PUMP,2025-06-09,59.55,2.671,5617.0,28,0
M055,PUMP,2025-06-10,64.45,3.124,5631.9,29,0
M055,PUMP,2025-06-11,59.65,1.816,5648.1,0,0
M055,PUMP,2025-06-12,60.46,3.145,5657.6,1,0
M055,PUMP,2025-06-13,61.05,2.782,5672.4,2,0
M055,PUMP,2025-06-14,59.55,2.71,5689.0,3,0
M055,PUMP,2025-06-15,61.64,2.425,5704.8,4,0
M055,PUMP,2025-06-16,58.94,2.156,5720.7,5,0
M055,PUMP,2025-06-17,61.95,2.418,5734.3,6,0
M055,PUMP,2025-06-18,59.8,2.225,5744.2,7,0
M055,PUMP,2025-06-19,55.73,2.07,5764.1,8,0
M055,PUMP,2025-06-20,58.4,2.407,5773.2,9,0
M055,PUMP,2025-06-21,60.39,2.543,5792.1,10,0
M055,PUMP,2025-06-22,58.06,2.805,5807.1,11,0
M055,PUMP,2025-06-23,56.72,3.093,5821.7,12,0
M055,PUMP,2025-06-24,63.26,2.703,5837.5,13,0
M055,PUMP,2025-06-25,64.25,2.491,5856.2,14,0
M055,PUMP,2025-06-26,59.04,2.885,5865.4,15,0
M055,PUMP,2025-06-27,55.69,2.812,5874.5,16,0
M055,PUMP,2025-06-28,59.79,2.663,5893.2,17,0
M055,PUMP,2025-06-29,61.67,2.438,5905.9,18,0
M056,CNC_MILL,2025-01-01,58.83,1.517,4549.1,4,0
M056,CNC_MILL,2025-01-02,53.05,1.867,4560.5,5,0
M056,CNC_MILL,2025-01-03,54.82,1.939,4568.2,6,0
M056,CNC_MILL,2025-01-04,53.71,2.206,4581.3,7,0
M056,CNC_MILL,2025-01-05,58.33,2.469,4592.6,8,0
M056,CNC_MILL,2025-01-06,54.57,1.559,4612.2,9,0
M056,CNC_MILL,2025-01-07,55.06,2.162,4626.2,10,0
M056,CNC_MILL,2025-01-08,58.93,1.993,4638.1,11,0
M056,CNC_MILL,2025-01-09,48.69,1.749,4655.6,12,0
M056,CNC_MILL,2025-01-10,51.97,2.055,4666.8,13,0
M056,CNC_MILL,2025-01-11,61.58,2.091,4675.3,14,0
M056,CNC_MILL,2025-01-12,52.57,1.543,4690.3,15,0
M056,CNC_MILL,2025-01-13,55.38,2.377,4699.7,16,0
M056,CNC_MILL,2025-01-14,51.94,1.735,4717.2,17,0
M056,CNC_MILL,2025-01-15,54.82,2.126,4728.8,18,0
M056,CNC_MILL,2025-01-16,52.4,1.457,4746.1,19,0
M056,CNC_MILL,2025-01-17,56.19,2.042,4763.0,20,0
M056,CNC_MILL,2025-01-18,55.64,1.619,4780.2,21,0
M056,CNC_MILL,2025-01-19,52.63,1.997,4787.7,22,0
M056,CNC_MILL,2025-01-20,55.96,2.003,4804.9,23,0
M056,CNC_MILL,2025-01-21,52.7,1.8,4821.4,24,0
M056,CNC_MILL,2025-01-22,57.63,1.471,4834.7,25,0
M056,CNC_MILL,2025-01-23,59.16,2.556,4847.3,26,0
M056,CNC_MILL,2025-01-24,58.6,2.033,4853.8,27,0
M056,CNC_MILL,2025-01-25,54.78,2.628,4870.3,28,0
M056,CNC_MILL,2025-01-26,56.75,1.783,4880.5,0,0
M056,CNC_MILL,2025-01-27,56.69,2.077,4896.5,1,0
M056,CNC_MILL,2025-01-28,55.32,2.138,4913.7,2,0
M056,CNC_MILL,2025-01-29,54.31,1.906,4931.6,3,0
M056,CNC_MILL,2025-01-30,56.04,2.076,4944.4,4,0
M056,CNC_MILL,2025-01-31,55.6,1.378,4959.3,5,0
M056,CNC_MILL,2025-02-01,53.36,1.922,4966.1,6,0
M056,CNC_MILL,2025-02-02,56.78,1.816,4980.3,7,0
M056,CNC_MILL,2025-02-03,56.06,1.781,4999.8,8,0
M056,CNC_MILL,2025-02-04,55.48,1.87,5012.8,9,0
M056,CNC_MILL,2025-02-05,48.19,2.151,5024.1,10,0
M056,CNC_MILL,2025-02-06,58.52,1.92,5036.1,11,0
M056,CNC_MILL,2025-02-07,54.63,1.689,5052.8,12,0
M056,CNC_MILL,2025-02-08,57.35,2.377,5071.7,13,0
M056,CNC_MILL,2025-02-09,59.56,1.78,5085.9,14,0
M056,CNC_MILL,2025-02-10,53.02,2.234,5094.5,15,0
M056,CNC_MILL,2025-02-11,53.82,1.754,5103.9,16,0
M056,CNC_MILL,2025-02-12,56.28,1.929,5110.2,17,0
M056,CNC_MILL,2025-02-13,53.64,2.175,5122.7,18,0
M056,CNC_MILL,2025-02-14,57.74,2.057,5134.0,19,0
M056,CNC_MILL,2025-02-15,53.78,1.77,5148.5,20,0
M056,CNC_MILL,2025-02-16,64.56,2.063,5164.6,21,0
M056,CNC_MILL,2025-02-17,56.8,1.774,5180.9,22,0
M056,CNC_MILL,2025-02-18,54.71,2.052,5193.9,23,0
M056,CNC_MILL,2025-02-19,57.08,1.86,5212.9,24,0
M056,CNC_MILL,2025-02-20,57.15,2.347,5227.7,25,0
M056,CNC_MILL,2025-02-21,54.39,1.734,5236.3,26,0
M056,CNC_MILL,2025-02-22,59.08,1.765,5246.6,27,0
M056,CNC_MILL,2025-02-23,50.97,1.91,5262.8,28,0
M056,CNC_MILL,2025-02-24,57.04,2.605,5269.5,29,0
M056,CNC_MILL,2025-02-25,56.83,1.947,5288.9,30,0
M056,CNC_MILL,2025-02-26,50.93,1.989,5301.6,0,0
M056,CNC_MILL,2025-02-27,55.76,2.049,5318.3,1,0
M056,CNC_MILL,2025-02-28,56.88,2.072,5327.8,2,0
M056,CNC_MILL,2025-03-01,56.51,2.018,5335.2,3,0
M056,CNC_MILL,2025-03-02,53.69,2.141,5344.3,4,0
M056,CNC_MILL,2025-03-03,52.71,1.685,5357.6,5,0
M056,CNC_MILL,2025-03-04,53.11,2.328,5377.1,6,0
M056,CNC_MILL,2025-03-05,55.5,1.938,5388.7,7,0
M056,CNC_MILL,2025-03-06,54.85,2.435,5398.4,8,0
M056,CNC_MILL,2025-03-07,58.46,2.231,5411.4,9,0
M056,CNC_MILL,2025-03-08,57.79,2.318,5421.1,10,0
M056,CNC_MILL,2025-03-09,55.0,1.463,5430.0,11,0
M056,CNC_MILL,2025-03-10,54.2,1.966,5436.7,12,0
M056,CNC_MILL,2025-03-11,53.94,2.266,5444.2,13,0
M056,CNC_MILL,2025-03-12,56.95,1.996,5454.8,14,0
M056,CNC_MILL,2025-03-13,58.23,1.781,5467.3,15,0
M056,CNC_MILL,2025-03-14,59.31,2.034,5473.3,16,0
M056,CNC_MILL,2025-03-15,53.4,1.766,5492.8,17,0
M056,CNC_MILL,2025-03-16,62.53,1.974,5502.0,18,0
M056,CNC_MILL,2025-03-17,56.73,2.438,5510.0,19,0
M056,CNC_MILL,2025-03-18,46.22,1.628,5523.3,20,0
M056,CNC_MILL,2025-03-19,54.35,1.975,5535.2,21,0
M056,CNC_MILL,2025-03-20,54.76,2.32,5546.3,22,0
M056,CNC_MILL,2025-03-21,61.29,2.123,5560.3,23,0
M056,CNC_MILL,2025-03-22,56.8,2.34,5571.2,24,0
M056,CNC_MILL,2025-03-23,51.07,1.936,5577.3,25,0
M056,CNC_MILL,2025-03-24,56.41,2.047,5591.6,26,0
M056,CNC_MILL,2025-03-25,57.29,1.858,5607.5,27,0
M056,CNC_MILL,2025-03-26,52.06,2.122,5622.7,28,0
M056,CNC_MILL,2025-03-27,55.8,2.121,5637.8,29,0
M056,CNC_MILL,2025-03-28,53.63,1.735,5650.2,30,0
M056,CNC_MILL,2025-03-29,54.53,1.718,5663.5,0,0
M056,CNC_MILL,2025-03-30,55.09,2.468,5670.8,1,0
M056,CNC_MILL,2025-03-31,56.63,1.797,5685.0,2,0
M056,CNC_MILL,2025-04-01,53.77,1.609,5693.8,3,0
M056,CNC_MILL,2025-04-02,56.06,1.91,5700.0,4,0
M056,CNC_MILL,2025-04-03,53.19,1.887,5712.8,5,0
M056,CNC_MILL,2025-04-04,54.6,1.474,5732.2,6,0
M056,CNC_MILL,2025-04-05,53.04,2.432,5750.3,7,0
M056,CNC_MILL,2025-04-06,54.47,2.576,5768.0,8,0
M056,CNC_MILL,2025-04-07,54.63,1.919,5780.8,9,0
M056,CNC_MILL,2025-04-08,54.19,2.155,5787.2,10,0
M056,CNC_MILL,2025-04-09,56.57,1.892,5806.0,11,0
M056,CNC_MILL,2025-04-10,58.77,2.341,5823.0,12,0
M056,CNC_MILL,2025-04-11,56.55,1.517,5830.5,13,0
M056,CNC_MILL,2025-04-12,56.49,0.909,5839.1,14,0
M056,CNC_MILL,2025-04-13,54.93,2.642,5855.9,15,0
M056,CNC_MILL,2025-04-14,53.68,2.213,5864.7,16,0
M056,CNC_MILL,2025-04-15,52.36,1.48,5881.8,17,0
M056,CNC_MILL,2025-04-16,53.96,2.375,5892.8,18,0
M056,CNC_MILL,2025-04-17,54.01,2.397,5901.4,19,0
M056,CNC_MILL,2025-04-18,53.59,1.892,5910.7,20,0
M056,CNC_MILL,2025-04-19,56.32,1.763,5918.2,21,0
M056,CNC_MILL,2025-04-20,52.46,2.382,5928.6,22,0
M056,CNC_MILL,2025-04-21,54.25,1.958,5935.7,23,0
M056,CNC_MILL,2025-04-22,58.13,2.225,5949.7,24,0
M056,CNC_MILL,2025-04-23,53.2,2.617,5961.0,25,0
M056,CNC_MILL,2025-04-24,53.81,2.087,5968.5,26,0
M056,CNC_MILL,2025-04-25,54.4,1.1,5985.1,27,0
M056,CNC_MILL,2025-04-26,53.28,1.952,5993.3,28,0
M056,CNC_MILL,2025-04-27,52.95,2.197,6008.5,29,0
M056,CNC_MILL,2025-04-28,54.61,2.112,6027.7,30,0
M056,CNC_MILL,2025-04-29,50.07,2.373,6044.7,31,0
M056,CNC_MILL,2025-04-30,49.4,2.024,6054.9,32,0
M056,CNC_MILL,2025-05-01,53.52,1.908,6070.2,0,0
M056,CNC_MILL,2025-05-02,55.24,2.022,6085.2,1,0
M056,CNC_MILL,2025-05-03,59.65,1.98,6093.3,2,0
M056,CNC_MILL,2025-05-04,54.78,2.069,6112.3,3,0
M056,CNC_MILL,2025-05-05,51.92,2.164,6123.0,4,0
M056,CNC_MILL,2025-05-06,56.91,1.948,6139.9,5,0
M056,CNC_MILL,2025-05-07,48.39,2.2,6148.8,6,0
M056,CNC_MILL,2025-05-08,53.41,1.669,6162.1,7,0
M056,CNC_MILL,2025-05-09,59.92,1.943,6169.3,8,0
M056,CNC_MILL,2025-05-10,55.38,1.655,6186.1,9,0
M056,CNC_MILL,2025-05-11,53.7,2.275,6194.7,10,0
M056,CNC_MILL,2025-05-12,59.52,2.087,6210.0,11,0
M056,CNC_MILL,2025-05-13,55.24,1.841,6217.5,12,0
M056,CNC_MILL,2025-05-14,57.67,1.596,6230.6,13,0
M056,CNC_MILL,2025-05-15,54.36,1.86,6250.0,14,0
M056,CNC_MILL,2025-05-16,55.65,1.639,6263.8,15,0
M056,CNC_MILL,2025-05-17,48.97,1.912,6271.5,16,0
M056,CNC_MILL,2025-05-18,49.29,1.964,6278.8,17,0
M056,CNC_MILL,2025-05-19,54.24,1.804,6296.5,18,0
M056,CNC_MILL,2025-05-20,55.13,2.602,6315.5,19,0
M056,CNC_MILL,2025-05-21,52.72,1.965,6333.6,20,0
M056,CNC_MILL,2025-05-22,56.27,2.432,6341.7,21,0
M056,CNC_MILL,2025-05-23,56.09,2.035,6361.3,22,0
M056,CNC_MILL,2025-05-24,52.34,1.355,6379.1,23,0
M056,CNC_MILL,2025-05-25,51.48,1.73,6385.7,24,0
M056,CNC_MILL,2025-05-26,48.03,1.449,6398.8,25,0
M056,CNC_MILL,2025-05-27,51.62,2.205,6405.7,26,0
M056,CNC_MILL,2025-05-28,55.15,1.675,6414.9,27,0
M056,CNC_MILL,2025-05-29,54.72,1.799,6428.4,28,0
M056,CNC_MILL,2025-05-30,50.95,1.596,6444.7,29,0
M056,CNC_MILL,2025-05-31,58.13,1.789,6450.8,0,0
M056,CNC_MILL,2025-06-01,52.91,1.962,6463.4,1,0
M056,CNC_MILL,2025-06-02,52.58,1.447,6483.0,2,0
M056,CNC_MILL,2025-06-03,53.49,2.389,6491.4,3,0
M056,CNC_MILL,2025-06-04,55.15,2.035,6499.1,4,0
M056,CNC_MILL,2025-06-05,55.68,2.21,6507.2,5,0
M056,CNC_MILL,2025-06-06,54.53,1.338,6519.0,6,0
M056,CNC_MILL,2025-06-07,53.44,1.606,6535.4,7,0
M056,CNC_MILL,2025-06-08,53.95,1.439,6544.5,8,0
M056,CNC_MILL,2025-06-09,49.63,2.074,6550.7,9,0
M056,CNC_MILL,2025-06-10,62.55,1.907,6566.9,10,0
M056,CNC_MILL,2025-06-11,57.7,2.237,6581.2,11,0
M056,CNC_MILL,2025-06-12,54.83,2.069,6599.6,12,0
M056,CNC_MILL,2025-06-13,52.07,2.153,6616.5,13,0
M056,CNC_MILL,2025-06-14,54.52,1.762,6632.3,14,0
M056,CNC_MILL,2025-06-15,56.52,1.991,6651.9,15,0
M056,CNC_MILL,2025-06-16,57.61,2.402,6658.8,16,0
M056,CNC_MILL,2025-06-17,57.06,1.774,6665.5,17,0
M056,CNC_MILL,2025-06-18,57.46,1.969,6684.7,18,0
M056,CNC_MILL,2025-06-19,58.14,1.987,6702.1,19,0
M056,CNC_MILL,2025-06-20,52.88,2.1,6709.4,20,0
M056,CNC_MILL,2025-06-21,54.35,2.155,6727.7,21,0
M056,CNC_MILL,2025-06-22,58.45,2.32,6736.2,22,0
M056,CNC_MILL,2025-06-23,56.29,1.617,6750.1,23,0
M056,CNC_MILL,2025-06-24,52.53,1.764,6756.9,24,0
M056,CNC_MILL,2025-06-25,60.75,1.955,6774.8,25,0
M056,CNC_MILL,2025-06-26,56.68,2.296,6786.6,26,0
M056,CNC_MILL,2025-06-27,54.21,2.014,6798.3,27,0
M056,CNC_MILL,2025-06-28,55.24,2.135,6816.4,28,0
M056,CNC_MILL,2025-06-29,53.94,2.384,6824.9,29,0
M057,CONVEYOR,2025-01-01,39.01,1.278,1557.7,19,0
M057,CONVEYOR,2025-01-02,42.6,1.212,1573.9,20,0
M057,CONVEYOR,2025-01-03,40.25,1.323,1587.2,21,0
M057,CONVEYOR,2025-01-04,39.58,1.309,1602.2,22,0
M057,CONVEYOR,2025-01-05,35.47,1.423,1615.8,23,0
M057,CONVEYOR,2025-01-06,39.9,1.136,1625.6,24,0
M057,CONVEYOR,2025-01-07,40.13,1.214,1643.7,25,0
M057,CONVEYOR,2025-01-08,40.75,1.017,1650.4,26,0
M057,CONVEYOR,2025-01-09,40.38,1.338,1658.2,27,0
M057,CONVEYOR,2025-01-10,36.9,1.266,1677.0,28,0
M057,CONVEYOR,2025-01-11,40.29,1.43,1684.0,29,0
M057,CONVEYOR,2025-01-12,42.35,1.261,1696.5,30,0
M057,CONVEYOR,2025-01-13,41.23,1.364,1711.1,31,0
M057,CONVEYOR,2025-01-14,37.99,1.141,1720.9,32,0
M057,CONVEYOR,2025-01-15,39.75,1.169,1736.4,0,0
M057,CONVEYOR,2025-01-16,44.05,1.423,1753.3,1,0
M057,CONVEYOR,2025-01-17,44.11,1.293,1761.1,2,0
M057,CONVEYOR,2025-01-18,39.62,1.394,1768.9,3,0
M057,CONVEYOR,2025-01-19,38.31,1.231,1784.4,4,0
M057,CONVEYOR,2025-01-20,40.77,1.286,1790.6,5,0
M057,CONVEYOR,2025-01-21,39.58,1.013,1804.9,6,0
M057,CONVEYOR,2025-01-22,41.36,1.132,1818.4,7,0
M057,CONVEYOR,2025-01-23,38.0,0.667,1833.5,8,0
M057,CONVEYOR,2025-01-24,39.47,1.085,1850.4,9,0
M057,CONVEYOR,2025-01-25,39.34,1.113,1865.9,10,0
M057,CONVEYOR,2025-01-26,39.12,1.153,1882.2,11,0
M057,CONVEYOR,2025-01-27,41.66,0.617,1901.5,12,0
M057,CONVEYOR,2025-01-28,38.8,1.34,1908.3,13,0
M057,CONVEYOR,2025-01-29,39.63,1.395,1918.2,14,0
M057,CONVEYOR,2025-01-30,42.25,1.279,1935.5,15,0
M057,CONVEYOR,2025-01-31,36.28,1.314,1945.8,16,0
M057,CONVEYOR,2025-02-01,39.54,1.489,1958.8,17,0
M057,CONVEYOR,2025-02-02,37.15,1.298,1969.1,18,0
M057,CONVEYOR,2025-02-03,39.96,1.227,1988.1,19,0
M057,CONVEYOR,2025-02-04,38.08,1.055,2008.0,20,0
M057,CONVEYOR,2025-02-05,39.21,1.043,2019.4,21,0
M057,CONVEYOR,2025-02-06,41.76,1.431,2032.1,22,0
M057,CONVEYOR,2025-02-07,36.36,1.405,2046.2,23,0
M057,CONVEYOR,2025-02-08,39.31,0.817,2062.6,24,0
M057,CONVEYOR,2025-02-09,43.02,1.223,2076.3,25,0
M057,CONVEYOR,2025-02-10,45.09,1.208,2086.0,26,0
M057,CONVEYOR,2025-02-11,41.82,0.887,2101.2,0,0
M057,CONVEYOR,2025-02-12,38.84,1.529,2112.2,1,0
M057,CONVEYOR,2025-02-13,35.25,1.224,2130.5,2,0
M057,CONVEYOR,2025-02-14,36.6,1.014,2147.2,3,0
M057,CONVEYOR,2025-02-15,39.7,1.397,2160.3,4,0
M057,CONVEYOR,2025-02-16,43.27,1.365,2167.9,5,0
M057,CONVEYOR,2025-02-17,41.29,0.817,2174.2,6,0
M057,CONVEYOR,2025-02-18,41.05,1.331,2189.9,7,0
M057,CONVEYOR,2025-02-19,39.97,1.112,2199.7,8,0
M057,CONVEYOR,2025-02-20,42.88,1.269,2218.4,9,0
M057,CONVEYOR,2025-02-21,39.78,1.239,2237.2,10,0
M057,CONVEYOR,2025-02-22,39.17,1.527,2254.5,11,0
M057,CONVEYOR,2025-02-23,40.07,1.098,2269.9,12,0
M057,CONVEYOR,2025-02-24,40.91,0.995,2279.2,13,0
M057,CONVEYOR,2025-02-25,42.92,1.09,2285.5,14,0
M057,CONVEYOR,2025-02-26,45.33,1.063,2300.2,15,0
M057,CONVEYOR,2025-02-27,39.07,1.382,2313.1,16,0
M057,CONVEYOR,2025-02-28,42.63,1.099,2329.1,17,0
M057,CONVEYOR,2025-03-01,38.08,1.51,2345.8,18,0
M057,CONVEYOR,2025-03-02,39.46,1.311,2358.4,19,0
M057,CONVEYOR,2025-03-03,42.63,1.165,2377.2,20,0
M057,CONVEYOR,2025-03-04,39.47,1.262,2391.0,21,0
M057,CONVEYOR,2025-03-05,40.88,1.074,2408.4,22,0
M057,CONVEYOR,2025-03-06,40.03,1.361,2423.5,23,0
M057,CONVEYOR,2025-03-07,40.96,1.221,2434.8,24,0
M057,CONVEYOR,2025-03-08,43.25,1.038,2441.2,25,0
M057,CONVEYOR,2025-03-09,41.23,1.222,2458.9,26,0
M057,CONVEYOR,2025-03-10,40.59,1.329,2470.1,27,0
M057,CONVEYOR,2025-03-11,36.24,1.016,2482.4,28,0
M057,CONVEYOR,2025-03-12,39.54,1.334,2494.9,29,0
M057,CONVEYOR,2025-03-13,42.3,1.059,2503.3,0,0
M057,CONVEYOR,2025-03-14,40.15,1.209,2516.2,1,0
M057,CONVEYOR,2025-03-15,38.24,1.441,2530.4,2,0
M057,CONVEYOR,2025-03-16,39.37,1.327,2543.0,3,0
M057,CONVEYOR,2025-03-17,37.17,1.434,2552.5,4,0
M057,CONVEYOR,2025-03-18,38.13,1.504,2571.1,5,0
M057,CONVEYOR,2025-03-19,40.62,1.367,2585.5,6,0
M057,CONVEYOR,2025-03-20,40.34,0.928,2597.9,7,0
M057,CONVEYOR,2025-03-21,39.52,1.026,2606.1,8,0
M057,CONVEYOR,2025-03-22,38.6,1.096,2619.0,9,0
M057,CONVEYOR,2025-03-23,43.09,0.775,2630.3,10,0
M057,CONVEYOR,2025-03-24,40.36,1.005,2649.3,11,0
M057,CONVEYOR,2025-03-25,38.93,1.553,2659.5,12,0
M057,CONVEYOR,2025-03-26,38.49,1.067,2669.0,13,0
M057,CONVEYOR,2025-03-27,38.37,1.168,2683.3,14,0
M057,CONVEYOR,2025-03-28,41.28,1.068,2689.9,15,0
M057,CONVEYOR,2025-03-29,40.26,1.331,2706.9,16,0
M057,CONVEYOR,2025-03-30,44.88,1.556,2722.9,17,0
M057,CONVEYOR,2025-03-31,40.43,1.127,2732.3,18,0
M057,CONVEYOR,2025-04-01,40.6,1.752,2738.9,19,0
M057,CONVEYOR,2025-04-02,41.46,0.878,2756.2,20,0
M057,CONVEYOR,2025-04-03,38.65,0.926,2764.8,21,0
M057,CONVEYOR,2025-04-04,43.02,1.111,2784.8,22,0
M057,CONVEYOR,2025-04-05,37.28,0.95,2794.5,23,0
M057,CONVEYOR,2025-04-06,37.27,1.15,2800.7,24,0
M057,CONVEYOR,2025-04-07,39.15,1.363,2813.1,25,0
M057,CONVEYOR,2025-04-08,43.5,1.259,2825.8,26,0
M057,CONVEYOR,2025-04-09,39.53,1.185,2841.3,27,0
M057,CONVEYOR,2025-04-10,41.49,1.134,2848.5,0,0
M057,CONVEYOR,2025-04-11,40.44,1.247,2866.6,1,0
M057,CONVEYOR,2025-04-12,38.81,1.271,2883.8,2,0
M057,CONVEYOR,2025-04-13,41.92,1.1,2893.3,3,0
M057,CONVEYOR,2025-04-14,40.15,1.369,2913.2,4,0
M057,CONVEYOR,2025-04-15,39.58,1.301,2929.1,5,0
M057,CONVEYOR,2025-04-16,40.14,1.313,2939.4,6,0
M057,CONVEYOR,2025-04-17,42.1,1.135,2947.2,7,0
M057,CONVEYOR,2025-04-18,44.38,1.113,2954.5,8,0
M057,CONVEYOR,2025-04-19,38.58,1.013,2965.9,9,0
M057,CONVEYOR,2025-04-20,39.62,1.023,2983.2,10,0
M057,CONVEYOR,2025-04-21,40.84,1.529,2995.4,11,0
M057,CONVEYOR,2025-04-22,42.97,1.077,3009.3,12,0
M057,CONVEYOR,2025-04-23,42.5,1.25,3021.0,13,0
M057,CONVEYOR,2025-04-24,39.02,1.181,3032.0,14,0
M057,CONVEYOR,2025-04-25,41.51,0.886,3052.0,15,0
M057,CONVEYOR,2025-04-26,39.98,1.196,3071.2,16,0
M057,CONVEYOR,2025-04-27,38.99,0.994,3079.5,17,0
M057,CONVEYOR,2025-04-28,38.92,0.9,3097.1,18,0
M057,CONVEYOR,2025-04-29,44.73,0.979,3106.3,19,0
M057,CONVEYOR,2025-04-30,41.81,1.059,3116.7,20,0
M057,CONVEYOR,2025-05-01,37.93,1.288,3125.9,21,0
M057,CONVEYOR,2025-05-02,40.05,0.866,3137.4,22,0
M057,CONVEYOR,2025-05-03,42.93,1.237,3151.4,23,0
M057,CONVEYOR,2025-05-04,44.18,1.204,3171.1,24,0
M057,CONVEYOR,2025-05-05,44.48,1.706,3181.7,25,0
M057,CONVEYOR,2025-05-06,40.21,1.092,3197.8,0,0
M057,CONVEYOR,2025-05-07,38.67,1.069,3205.0,1,0
M057,CONVEYOR,2025-05-08,38.2,0.982,3224.9,2,0
M057,CONVEYOR,2025-05-09,39.3,0.88,3234.2,3,0
M057,CONVEYOR,2025-05-10,36.7,1.011,3251.7,4,0
M057,CONVEYOR,2025-05-11,40.19,1.398,3266.0,5,0
M057,CONVEYOR,2025-05-12,40.52,1.255,3281.7,6,0
M057,CONVEYOR,2025-05-13,44.82,1.157,3299.3,7,0
M057,CONVEYOR,2025-05-14,40.74,1.12,3315.9,8,0
M057,CONVEYOR,2025-05-15,42.05,1.244,3327.8,9,0
M057,CONVEYOR,2025-05-16,39.45,0.791,3345.2,10,0
M057,CONVEYOR,2025-05-17,44.51,1.416,3353.3,11,0
M057,CONVEYOR,2025-05-18,45.44,1.291,3361.4,12,0
M057,CONVEYOR,2025-05-19,41.49,1.27,3377.6,13,0
M057,CONVEYOR,2025-05-20,40.89,1.08,3391.5,14,0
M057,CONVEYOR,2025-05-21,38.04,1.119,3402.3,15,0
M057,CONVEYOR,2025-05-22,41.92,1.201,3419.5,16,0
M057,CONVEYOR,2025-05-23,41.94,1.047,3437.4,17,0
M057,CONVEYOR,2025-05-24,38.4,1.428,3446.9,18,0
M057,CONVEYOR,2025-05-25,36.69,1.094,3457.2,19,0
M057,CONVEYOR,2025-05-26,39.46,1.25,3467.9,20,0
M057,CONVEYOR,2025-05-27,42.15,0.822,3480.4,21,0
M057,CONVEYOR,2025-05-28,39.03,1.457,3488.7,22,0
M057,CONVEYOR,2025-05-29,39.39,1.449,3500.9,23,0
M057,CONVEYOR,2025-05-30,40.09,1.17,3520.2,24,0
M057,CONVEYOR,2025-05-31,39.02,1.302,3530.3,25,0
M057,CONVEYOR,2025-06-01,40.91,1.491,3546.8,26,0
M057,CONVEYOR,2025-06-02,40.85,1.151,3555.8,0,0
M057,CONVEYOR,2025-06-03,40.76,1.313,3566.7,1,0
M057,CONVEYOR,2025-06-04,40.88,0.94,3580.6,2,0
M057,CONVEYOR,2025-06-05,40.78,1.227,3588.9,3,0
M057,CONVEYOR,2025-06-06,38.37,1.338,3604.5,4,0
M057,CONVEYOR,2025-06-07,43.85,1.016,3617.1,5,0
M057,CONVEYOR,2025-06-08,38.24,1.11,3628.5,6,0
M057,CONVEYOR,2025-06-09,41.3,1.429,3640.6,7,0
M057,CONVEYOR,2025-06-10,39.15,0.813,3655.7,8,0
M057,CONVEYOR,2025-06-11,42.46,1.332,3675.4,9,0
M057,CONVEYOR,2025-06-12,37.56,1.153,3689.6,10,0
M057,CONVEYOR,2025-06-13,35.52,0.99,3708.3,11,0
M057,CONVEYOR,2025-06-14,40.92,1.237,3720.5,12,0
M057,CONVEYOR,2025-06-15,41.2,1.21,3729.3,13,0
M057,CONVEYOR,2025-06-16,40.35,1.171,3742.7,14,0
M057,CONVEYOR,2025-06-17,43.37,1.037,3760.7,15,0
M057,CONVEYOR,2025-06-18,36.53,1.288,3779.7,16,0
M057,CONVEYOR,2025-06-19,41.44,0.934,3790.2,17,0
M057,CONVEYOR,2025-06-20,39.01,0.896,3798.4,18,0
M057,CONVEYOR,2025-06-21,40.98,1.089,3814.9,19,0
M057,CONVEYOR,2025-06-22,42.39,1.001,3824.2,20,0
M057,CONVEYOR,2025-06-23,37.37,1.248,3834.9,21,0
M057,CONVEYOR,2025-06-24,44.27,0.985,3850.4,22,0
M057,CONVEYOR,2025-06-25,40.97,1.408,3864.8,23,0
M057,CONVEYOR,2025-06-26,40.18,1.02,3874.9,24,0
M057,CONVEYOR,2025-06-27,36.87,1.168,3891.3,25,0
M057,CONVEYOR,2025-06-28,37.24,1.173,3904.8,26,0
M057,CONVEYOR,2025-06-29,41.11,1.113,3911.5,27,0
M058,PRESS,2025-01-01,58.45,3.132,3083.8,17,0
M058,PRESS,2025-01-02,63.91,1.975,3093.5,18,0
M058,PRESS,2025-01-03,63.16,2.761,3102.7,19,0
M058,PRESS,2025-01-04,65.75,2.989,3112.8,20,0
M058,PRESS,2025-01-05,66.63,2.516,3123.6,21,0
M058,PRESS,2025-01-06,68.1,2.545,3135.3,22,0
M058,PRESS,2025-01-07,72.32,3.157,3152.0,23,0
M058,PRESS,2025-01-08,66.99,2.898,3170.0,24,0
M058,PRESS,2025-01-09,65.63,2.903,3178.9,25,0
M058,PRESS,2025-01-10,65.94,2.683,3198.2,26,0
M058,PRESS,2025-01-11,68.14,4.217,3204.3,0,0
M058,PRESS,2025-01-12,64.66,1.851,3224.2,1,0
M058,PRESS,2025-01-13,61.07,3.56,3231.3,2,0
M058,PRESS,2025-01-14,62.7,3.719,3251.1,3,0
M058,PRESS,2025-01-15,67.62,3.208,3263.1,4,0
M058,PRESS,2025-01-16,72.8,2.739,3280.1,5,0
M058,PRESS,2025-01-17,69.28,3.188,3292.8,6,0
M058,PRESS,2025-01-18,68.46,3.169,3300.4,7,0
M058,PRESS,2025-01-19,59.09,2.504,3317.0,8,0
M058,PRESS,2025-01-20,65.16,3.369,3330.7,9,0
M058,PRESS,2025-01-21,76.59,3.177,3344.8,10,0
M058,PRESS,2025-01-22,63.28,2.547,3354.5,11,0
M058,PRESS,2025-01-23,70.24,3.698,3361.1,12,0
M058,PRESS,2025-01-24,61.52,3.29,3379.8,13,0
M058,PRESS,2025-01-25,63.74,3.4,3399.6,14,0
M058,PRESS,2025-01-26,64.77,3.394,3412.9,15,0
M058,PRESS,2025-01-27,61.45,2.802,3424.2,16,0
M058,PRESS,2025-01-28,64.15,2.853,3436.3,17,0
M058,PRESS,2025-01-29,64.82,2.175,3445.1,18,0
M058,PRESS,2025-01-30,62.52,3.784,3461.0,19,0
M058,PRESS,2025-01-31,73.46,2.484,3468.8,20,0
M058,PRESS,2025-02-01,61.14,2.8,3482.5,21,0
M058,PRESS,2025-02-02,53.29,3.113,3501.1,22,0
M058,PRESS,2025-02-03,70.16,3.52,3512.4,23,0
M058,PRESS,2025-02-04,61.9,3.666,3531.1,24,0
M058,PRESS,2025-02-05,63.25,3.631,3543.1,25,0
M058,PRESS,2025-02-06,65.89,2.866,3551.8,26,0
M058,PRESS,2025-02-07,77.04,3.045,3565.1,27,0
M058,PRESS,2025-02-08,64.58,3.359,3573.0,0,0
M058,PRESS,2025-02-09,61.79,2.39,3591.8,1,0
M058,PRESS,2025-02-10,62.94,2.76,3599.0,2,0
M058,PRESS,2025-02-11,63.53,3.286,3608.6,3,0
M058,PRESS,2025-02-12,64.08,2.23,3615.1,4,0
M058,PRESS,2025-02-13,72.89,3.233,3623.3,5,0
M058,PRESS,2025-02-14,65.18,2.492,3640.2,6,0
M058,PRESS,2025-02-15,61.63,2.645,3656.5,7,0
M058,PRESS,2025-02-16,64.3,2.924,3669.1,8,0
M058,PRESS,2025-02-17,61.17,2.24,3681.1,9,0
M058,PRESS,2025-02-18,62.05,3.328,3697.0,10,0
M058,PRESS,2025-02-19,62.75,3.056,3715.4,11,0
M058,PRESS,2025-02-20,69.26,3.243,3729.0,12,0
M058,PRESS,2025-02-21,66.05,3.754,3738.9,13,0
M058,PRESS,2025-02-22,60.31,3.227,3758.7,14,0
M058,PRESS,2025-02-23,61.06,3.661,3776.4,15,0
M058,PRESS,2025-02-24,71.82,3.479,3785.6,16,0
M058,PRESS,2025-02-25,58.38,2.737,3804.1,17,0
M058,PRESS,2025-02-26,65.01,2.476,3821.0,18,0
M058,PRESS,2025-02-27,69.35,2.613,3836.4,19,0
M058,PRESS,2025-02-28,62.0,3.383,3845.4,20,0
M058,PRESS,2025-03-01,57.82,3.524,3853.9,21,0
M058,PRESS,2025-03-02,64.42,3.227,3869.5,22,0
M058,PRESS,2025-03-03,65.24,2.612,3884.1,23,0
M058,PRESS,2025-03-04,61.12,3.677,3899.4,24,0
M058,PRESS,2025-03-05,67.58,3.271,3918.0,25,0
M058,PRESS,2025-03-06,55.14,3.061,3933.9,26,0
M058,PRESS,2025-03-07,58.32,3.24,3945.0,27,0
M058,PRESS,2025-03-08,64.46,2.478,3960.5,28,0
M058,PRESS,2025-03-09,65.67,3.273,3972.5,0,0
M058,PRESS,2025-03-10,69.67,3.295,3981.1,1,0
M058,PRESS,2025-03-11,65.34,3.144,3987.3,2,0
M058,PRESS,2025-03-12,64.79,2.364,3999.1,3,0
M058,PRESS,2025-03-13,64.45,3.229,4016.2,4,0
M058,PRESS,2025-03-14,67.37,2.846,4031.1,5,0
M058,PRESS,2025-03-15,59.04,2.471,4046.6,6,0
M058,PRESS,2025-03-16,64.96,3.462,4059.6,7,0
M058,PRESS,2025-03-17,70.6,3.018,4077.2,8,0
M058,PRESS,2025-03-18,61.4,3.074,4091.3,9,0
M058,PRESS,2025-03-19,61.61,3.123,4104.8,10,0
M058,PRESS,2025-03-20,66.17,2.903,4112.9,11,0
M058,PRESS,2025-03-21,61.68,3.644,4122.8,12,0
M058,PRESS,2025-03-22,55.9,2.846,4130.6,13,0
M058,PRESS,2025-03-23,65.75,3.013,4139.0,14,0
M058,PRESS,2025-03-24,67.51,2.75,4149.5,15,0
M058,PRESS,2025-03-25,64.65,2.682,4160.2,16,0
M058,PRESS,2025-03-26,60.84,2.582,4166.9,17,0
M058,PRESS,2025-03-27,61.26,2.749,4186.2,18,0
M058,PRESS,2025-03-28,63.52,2.95,4194.5,19,0
M058,PRESS,2025-03-29,67.04,2.268,4204.7,20,0
M058,PRESS,2025-03-30,65.51,2.93,4218.5,21,0
M058,PRESS,2025-03-31,62.54,3.427,4230.5,22,0
M058,PRESS,2025-04-01,72.42,3.042,4245.0,23,0
M058,PRESS,2025-04-02,63.86,2.576,4260.9,24,0
M058,PRESS,2025-04-03,70.71,2.612,4267.7,25,0
M058,PRESS,2025-04-04,66.17,2.893,4283.6,26,0
M058,PRESS,2025-04-05,68.97,3.411,4303.6,27,0
M058,PRESS,2025-04-06,65.0,3.092,4321.8,28,0
M058,PRESS,2025-04-07,66.25,3.137,4332.1,29,0
M058,PRESS,2025-04-08,60.63,2.752,4340.6,30,0
M058,PRESS,2025-04-09,65.5,2.761,4350.5,31,0
M058,PRESS,2025-04-10,60.8,3.055,4368.6,32,0
M058,PRESS,2025-04-11,66.46,2.437,4381.7,33,0
M058,PRESS,2025-04-12,65.54,2.591,4390.5,34,0
M058,PRESS,2025-04-13,61.9,3.302,4401.7,0,0
M058,PRESS,2025-04-14,64.54,3.864,4419.7,1,0
M058,PRESS,2025-04-15,64.14,2.473,4439.6,2,0
M058,PRESS,2025-04-16,68.29,2.496,4451.9,3,0
M058,PRESS,2025-04-17,59.63,2.431,4469.8,4,0
M058,PRESS,2025-04-18,65.68,2.774,4479.6,5,0
M058,PRESS,2025-04-19,69.36,2.937,4491.2,6,0
M058,PRESS,2025-04-20,59.53,3.4,4504.8,7,0
M058,PRESS,2025-04-21,69.82,2.99,4515.2,8,0
M058,PRESS,2025-04-22,67.37,2.929,4521.7,9,0
M058,PRESS,2025-04-23,67.51,2.711,4527.9,10,0
M058,PRESS,2025-04-24,63.84,2.309,4534.3,11,0
M058,PRESS,2025-04-25,70.51,2.199,4543.9,12,0
M058,PRESS,2025-04-26,67.66,3.148,4556.5,13,0
M058,PRESS,2025-04-27,66.08,3.803,4563.9,14,0
M058,PRESS,2025-04-28,68.0,3.637,4571.4,15,0
M058,PRESS,2025-04-29,63.17,1.767,4586.7,16,0
M058,PRESS,2025-04-30,68.84,2.543,4600.2,17,0
M058,PRESS,2025-05-01,71.65,2.701,4618.2,18,0
M058,PRESS,2025-05-02,59.23,3.043,4632.1,19,0
M058,PRESS,2025-05-03,65.7,3.121,4642.3,20,0
M058,PRESS,2025-05-04,72.23,3.027,4659.5,21,0
M058,PRESS,2025-05-05,67.81,3.01,4674.3,22,0
M058,PRESS,2025-05-06,60.12,3.371,4684.0,23,0
M058,PRESS,2025-05-07,70.61,3.038,4696.9,24,0
M058,PRESS,2025-05-08,67.45,3.255,4706.5,25,0
M058,PRESS,2025-05-09,67.24,2.864,4717.9,26,0
M058,PRESS,2025-05-10,69.96,2.453,4733.2,27,0
M058,PRESS,2025-05-11,60.42,2.085,4750.1,28,0
M058,PRESS,2025-05-12,63.76,3.283,4764.9,29,0
M058,PRESS,2025-05-13,60.51,3.351,4783.4,30,0
M058,PRESS,2025-05-14,66.71,3.485,4798.6,0,0
M058,PRESS,2025-05-15,57.45,2.887,4810.6,1,0
M058,PRESS,2025-05-16,59.01,2.699,4822.5,2,0
M058,PRESS,2025-05-17,62.22,3.695,4831.0,3,0
M058,PRESS,2025-05-18,66.3,4.208,4840.0,4,0
M058,PRESS,2025-05-19,64.66,3.021,4856.1,5,0
M058,PRESS,2025-05-20,67.54,3.96,4873.3,6,0
M058,PRESS,2025-05-21,68.56,3.209,4888.3,7,0
M058,PRESS,2025-05-22,70.28,3.79,4905.3,8,0
M058,PRESS,2025-05-23,75.72,2.565,4918.9,9,0
M058,PRESS,2025-05-24,72.43,3.281,4926.5,10,0
M058,PRESS,2025-05-25,73.28,4.348,4944.8,11,0
M058,PRESS,2025-05-26,67.4,3.465,4955.8,12,0
M058,PRESS,2025-05-27,61.82,3.756,4965.3,13,0
M058,PRESS,2025-05-28,84.07,3.45,4978.5,14,0
M058,PRESS,2025-05-29,81.19,3.484,4994.3,15,0
M058,PRESS,2025-05-30,79.07,4.048,5010.1,16,0
M058,PRESS,2025-05-31,66.62,4.319,5028.9,17,0
M058,PRESS,2025-06-01,80.94,3.871,5037.2,18,0
M058,PRESS,2025-06-02,71.81,5.33,5052.5,19,0
M058,PRESS,2025-06-03,80.96,5.11,5067.4,20,0
M058,PRESS,2025-06-04,84.34,5.333,5084.5,21,0
M058,PRESS,2025-06-05,78.39,5.088,5096.0,22,0
M058,PRESS,2025-06-06,83.07,4.82,5107.2,23,0
M058,PRESS,2025-06-07,86.83,4.626,5125.1,24,1
M058,PRESS,2025-06-08,87.57,5.792,5143.3,25,1
M058,PRESS,2025-06-09,75.79,4.535,5162.5,26,1
M058,PRESS,2025-06-10,83.6,5.686,5168.6,27,1
M058,PRESS,2025-06-11,97.3,5.892,5176.5,28,1
M058,PRESS,2025-06-12,86.05,5.858,5186.6,29,1
M058,PRESS,2025-06-13,82.6,5.063,5196.2,30,1
M058,PRESS,2025-06-14,62.42,3.162,5203.5,0,0
M059,ROBOT_ARM,2025-01-01,55.37,1.382,4442.2,13,0
M059,ROBOT_ARM,2025-01-02,41.34,1.415,4456.0,14,0
M059,ROBOT_ARM,2025-01-03,49.45,1.393,4465.6,15,0
M059,ROBOT_ARM,2025-01-04,44.38,1.339,4475.9,16,0
M059,ROBOT_ARM,2025-01-05,46.34,1.442,4494.8,17,0
M059,ROBOT_ARM,2025-01-06,48.29,1.007,4503.9,18,0
M059,ROBOT_ARM,2025-01-07,49.83,1.534,4517.5,19,0
M059,ROBOT_ARM,2025-01-08,48.23,1.427,4531.4,20,0
M059,ROBOT_ARM,2025-01-09,48.68,1.479,4544.5,21,0
M059,ROBOT_ARM,2025-01-10,46.87,1.472,4553.2,22,0
M059,ROBOT_ARM,2025-01-11,47.83,1.495,4560.8,23,0
M059,ROBOT_ARM,2025-01-12,50.99,1.594,4570.9,24,0
M059,ROBOT_ARM,2025-01-13,46.63,1.742,4582.9,25,0
M059,ROBOT_ARM,2025-01-14,47.78,1.511,4590.0,26,0
M059,ROBOT_ARM,2025-01-15,47.0,1.001,4603.7,27,0
M059,ROBOT_ARM,2025-01-16,46.86,1.64,4620.0,28,0
M059,ROBOT_ARM,2025-01-17,47.0,1.567,4627.1,29,0
M059,ROBOT_ARM,2025-01-18,47.59,1.503,4644.3,30,0
M059,ROBOT_ARM,2025-01-19,54.7,1.34,4662.4,31,0
M059,ROBOT_ARM,2025-01-20,50.82,1.526,4676.6,32,0
M059,ROBOT_ARM,2025-01-21,46.93,1.315,4694.3,33,0
M059,ROBOT_ARM,2025-01-22,45.97,1.551,4708.5,34,0
M059,ROBOT_ARM,2025-01-23,46.59,1.588,4725.6,35,0
M059,ROBOT_ARM,2025-01-24,49.15,1.727,4738.6,36,0
M059,ROBOT_ARM,2025-01-25,50.01,1.216,4750.9,0,0
M059,ROBOT_ARM,2025-01-26,49.55,1.616,4763.1,1,0
M059,ROBOT_ARM,2025-01-27,51.16,1.404,4783.0,2,0
M059,ROBOT_ARM,2025-01-28,44.79,1.826,4789.1,3,0
M059,ROBOT_ARM,2025-01-29,49.66,1.336,4808.0,4,0
M059,ROBOT_ARM,2025-01-30,47.39,1.382,4818.3,5,0
M059,ROBOT_ARM,2025-01-31,52.32,1.589,4835.7,6,0
M059,ROBOT_ARM,2025-02-01,45.43,1.167,4854.2,7,0
M059,ROBOT_ARM,2025-02-02,44.94,1.114,4870.9,8,0
M059,ROBOT_ARM,2025-02-03,45.34,1.857,4884.5,9,0
M059,ROBOT_ARM,2025-02-04,45.94,1.821,4899.7,10,0
M059,ROBOT_ARM,2025-02-05,46.22,1.08,4917.7,11,0
M059,ROBOT_ARM,2025-02-06,47.1,1.545,4932.6,12,0
M059,ROBOT_ARM,2025-02-07,50.81,1.057,4946.5,13,0
M059,ROBOT_ARM,2025-02-08,47.61,2.222,4958.3,14,0
M059,ROBOT_ARM,2025-02-09,49.55,1.794,4972.3,15,0
M059,ROBOT_ARM,2025-02-10,48.38,1.457,4989.1,16,0
M059,ROBOT_ARM,2025-02-11,51.33,1.907,5004.0,17,0
M059,ROBOT_ARM,2025-02-12,46.24,1.738,5014.7,18,0
M059,ROBOT_ARM,2025-02-13,42.24,0.751,5029.4,19,0
M059,ROBOT_ARM,2025-02-14,55.46,1.491,5037.7,20,0
M059,ROBOT_ARM,2025-02-15,45.27,1.724,5053.8,21,0
M059,ROBOT_ARM,2025-02-16,45.48,1.752,5062.9,22,0
M059,ROBOT_ARM,2025-02-17,46.07,1.293,5081.0,23,0
M059,ROBOT_ARM,2025-02-18,50.31,1.345,5093.0,24,0
M059,ROBOT_ARM,2025-02-19,49.61,1.623,5105.4,25,0
M059,ROBOT_ARM,2025-02-20,50.07,1.679,5123.5,26,0
M059,ROBOT_ARM,2025-02-21,41.54,1.727,5129.9,0,0
M059,ROBOT_ARM,2025-02-22,51.26,0.974,5145.7,1,0
M059,ROBOT_ARM,2025-02-23,51.74,0.949,5153.3,2,0
M059,ROBOT_ARM,2025-02-24,43.97,1.597,5166.4,3,0
M059,ROBOT_ARM,2025-02-25,49.86,1.862,5179.5,4,0
M059,ROBOT_ARM,2025-02-26,47.58,1.202,5187.0,5,0
M059,ROBOT_ARM,2025-02-27,50.95,1.308,5204.4,6,0
M059,ROBOT_ARM,2025-02-28,49.19,1.89,5218.8,7,0
M059,ROBOT_ARM,2025-03-01,49.49,1.738,5233.3,8,0
M059,ROBOT_ARM,2025-03-02,45.52,1.647,5252.9,9,0
M059,ROBOT_ARM,2025-03-03,44.73,1.479,5259.7,10,0
M059,ROBOT_ARM,2025-03-04,49.43,1.752,5268.8,11,0
M059,ROBOT_ARM,2025-03-05,45.9,1.671,5287.2,12,0
M059,ROBOT_ARM,2025-03-06,48.04,1.328,5296.0,13,0
M059,ROBOT_ARM,2025-03-07,48.98,1.614,5309.1,14,0
M059,ROBOT_ARM,2025-03-08,42.56,1.56,5317.3,15,0
M059,ROBOT_ARM,2025-03-09,45.66,1.282,5337.0,16,0
M059,ROBOT_ARM,2025-03-10,48.42,1.624,5343.8,17,0
M059,ROBOT_ARM,2025-03-11,47.09,0.98,5361.5,18,0
M059,ROBOT_ARM,2025-03-12,44.38,1.963,5378.5,19,0
M059,ROBOT_ARM,2025-03-13,48.74,2.251,5385.3,20,0
M059,ROBOT_ARM,2025-03-14,46.87,1.58,5400.7,21,0
M059,ROBOT_ARM,2025-03-15,46.88,1.363,5412.5,22,0
M059,ROBOT_ARM,2025-03-16,52.4,1.269,5426.4,23,0
M059,ROBOT_ARM,2025-03-17,45.37,1.389,5440.0,24,0
M059,ROBOT_ARM,2025-03-18,49.44,1.587,5459.5,25,0
M059,ROBOT_ARM,2025-03-19,47.92,1.72,5478.5,0,0
M059,ROBOT_ARM,2025-03-20,52.44,1.377,5491.1,1,0
M059,ROBOT_ARM,2025-03-21,45.29,1.44,5499.6,2,0
M059,ROBOT_ARM,2025-03-22,48.9,1.233,5510.1,3,0
M059,ROBOT_ARM,2025-03-23,46.52,1.505,5524.2,4,0
M059,ROBOT_ARM,2025-03-24,51.28,0.955,5540.1,5,0
M059,ROBOT_ARM,2025-03-25,51.9,1.289,5555.7,6,0
M059,ROBOT_ARM,2025-03-26,40.51,1.938,5569.4,7,0
M059,ROBOT_ARM,2025-03-27,49.13,1.452,5586.5,8,0
M059,ROBOT_ARM,2025-03-28,51.83,1.441,5604.5,9,0
M059,ROBOT_ARM,2025-03-29,52.2,1.401,5613.4,10,0
M059,ROBOT_ARM,2025-03-30,45.28,1.2,5624.4,11,0
M059,ROBOT_ARM,2025-03-31,51.52,0.932,5630.5,12,0
M059,ROBOT_ARM,2025-04-01,46.44,1.565,5649.8,13,0
M059,ROBOT_ARM,2025-04-02,45.77,1.195,5665.9,14,0
M059,ROBOT_ARM,2025-04-03,49.96,1.711,5678.6,15,0
M059,ROBOT_ARM,2025-04-04,48.85,1.916,5685.8,16,0
M059,ROBOT_ARM,2025-04-05,50.81,1.863,5698.9,17,0
M059,ROBOT_ARM,2025-04-06,50.96,1.825,5708.6,18,0
M059,ROBOT_ARM,2025-04-07,46.83,1.312,5726.5,19,0
M059,ROBOT_ARM,2025-04-08,43.29,1.205,5745.3,20,0
M059,ROBOT_ARM,2025-04-09,46.78,1.468,5756.2,21,0
M059,ROBOT_ARM,2025-04-10,48.31,1.461,5769.7,22,0
M059,ROBOT_ARM,2025-04-11,47.4,1.536,5776.1,23,0
M059,ROBOT_ARM,2025-04-12,50.29,1.222,5790.6,24,0
M059,ROBOT_ARM,2025-04-13,49.27,1.35,5808.4,25,0
M059,ROBOT_ARM,2025-04-14,50.25,1.463,5817.2,26,0
M059,ROBOT_ARM,2025-04-15,51.31,1.276,5836.9,27,0
M059,ROBOT_ARM,2025-04-16,48.47,1.749,5847.0,28,0
M059,ROBOT_ARM,2025-04-17,49.38,1.807,5855.8,29,0
M059,ROBOT_ARM,2025-04-18,49.43,1.231,5867.9,30,0
M059,ROBOT_ARM,2025-04-19,45.03,1.602,5887.8,0,0
M059,ROBOT_ARM,2025-04-20,44.79,1.756,5900.5,1,0
M059,ROBOT_ARM,2025-04-21,43.97,1.399,5909.0,2,0
M059,ROBOT_ARM,2025-04-22,55.04,1.473,5917.8,3,0
M059,ROBOT_ARM,2025-04-23,46.6,1.48,5928.6,4,0
M059,ROBOT_ARM,2025-04-24,50.1,1.317,5941.9,5,0
M059,ROBOT_ARM,2025-04-25,48.58,1.044,5961.8,6,0
M059,ROBOT_ARM,2025-04-26,42.1,1.492,5975.8,7,0
M059,ROBOT_ARM,2025-04-27,52.65,1.463,5991.2,8,0
M059,ROBOT_ARM,2025-04-28,50.96,1.101,6005.8,9,0
M059,ROBOT_ARM,2025-04-29,49.67,1.723,6014.8,10,0
M059,ROBOT_ARM,2025-04-30,49.09,1.368,6029.2,11,0
M059,ROBOT_ARM,2025-05-01,48.5,1.742,6043.2,12,0
M059,ROBOT_ARM,2025-05-02,44.33,1.77,6060.5,13,0
M059,ROBOT_ARM,2025-05-03,49.95,1.815,6068.8,14,0
M059,ROBOT_ARM,2025-05-04,53.27,1.3,6088.5,15,0
M059,ROBOT_ARM,2025-05-05,49.85,1.659,6095.7,16,0
M059,ROBOT_ARM,2025-05-06,47.29,0.671,6105.6,17,0
M059,ROBOT_ARM,2025-05-07,45.46,1.596,6118.9,18,0
M059,ROBOT_ARM,2025-05-08,47.17,1.234,6133.7,19,0
M059,ROBOT_ARM,2025-05-09,52.12,1.597,6147.5,20,0
M059,ROBOT_ARM,2025-05-10,47.5,1.514,6154.7,21,0
M059,ROBOT_ARM,2025-05-11,48.75,1.892,6169.0,22,0
M059,ROBOT_ARM,2025-05-12,48.92,1.32,6181.7,23,0
M059,ROBOT_ARM,2025-05-13,48.87,1.828,6201.1,24,0
M059,ROBOT_ARM,2025-05-14,46.81,1.878,6209.6,25,0
M059,ROBOT_ARM,2025-05-15,51.78,1.58,6222.7,26,0
M059,ROBOT_ARM,2025-05-16,48.0,1.929,6237.8,27,0
M059,ROBOT_ARM,2025-05-17,44.84,1.397,6249.2,28,0
M059,ROBOT_ARM,2025-05-18,54.29,1.177,6262.2,0,0
M059,ROBOT_ARM,2025-05-19,47.41,1.247,6273.7,1,0
M059,ROBOT_ARM,2025-05-20,48.97,1.711,6283.4,2,0
M059,ROBOT_ARM,2025-05-21,46.43,1.53,6302.2,3,0
M059,ROBOT_ARM,2025-05-22,48.83,1.612,6321.9,4,0
M059,ROBOT_ARM,2025-05-23,53.47,1.677,6329.2,5,0
M059,ROBOT_ARM,2025-05-24,50.49,1.465,6338.9,6,0
M059,ROBOT_ARM,2025-05-25,47.04,1.161,6348.3,7,0
M059,ROBOT_ARM,2025-05-26,44.29,1.215,6355.5,8,0
M059,ROBOT_ARM,2025-05-27,50.86,1.872,6370.0,9,0
M059,ROBOT_ARM,2025-05-28,45.81,1.642,6389.1,10,0
M059,ROBOT_ARM,2025-05-29,48.7,1.359,6398.4,11,0
M059,ROBOT_ARM,2025-05-30,43.29,1.562,6411.5,12,0
M059,ROBOT_ARM,2025-05-31,48.88,1.199,6423.9,13,0
M059,ROBOT_ARM,2025-06-01,53.87,1.243,6430.9,14,0
M059,ROBOT_ARM,2025-06-02,50.21,1.085,6440.5,15,0
M059,ROBOT_ARM,2025-06-03,50.75,1.442,6458.5,16,0
M059,ROBOT_ARM,2025-06-04,48.4,1.542,6468.4,17,0
M059,ROBOT_ARM,2025-06-05,41.77,1.438,6483.3,18,0
M059,ROBOT_ARM,2025-06-06,48.25,1.638,6501.5,19,0
M059,ROBOT_ARM,2025-06-07,48.4,1.498,6511.5,20,0
M059,ROBOT_ARM,2025-06-08,46.51,1.685,6526.8,21,0
M059,ROBOT_ARM,2025-06-09,47.56,1.698,6536.9,22,0
M059,ROBOT_ARM,2025-06-10,46.1,1.153,6555.4,23,0
M059,ROBOT_ARM,2025-06-11,43.05,1.719,6574.0,24,0
M059,ROBOT_ARM,2025-06-12,47.64,1.901,6593.8,25,0
M059,ROBOT_ARM,2025-06-13,50.22,1.48,6613.5,26,0
M059,ROBOT_ARM,2025-06-14,46.3,1.262,6625.4,27,0
M059,ROBOT_ARM,2025-06-15,47.23,1.059,6633.9,28,0
M059,ROBOT_ARM,2025-06-16,47.51,1.271,6651.5,0,0
M059,ROBOT_ARM,2025-06-17,43.86,1.663,6669.1,1,0
M059,ROBOT_ARM,2025-06-18,51.55,1.992,6675.9,2,0
M059,ROBOT_ARM,2025-06-19,52.83,1.444,6695.3,3,0
M059,ROBOT_ARM,2025-06-20,44.46,1.608,6714.5,4,0
M059,ROBOT_ARM,2025-06-21,51.12,1.49,6729.6,5,0
M059,ROBOT_ARM,2025-06-22,48.51,1.539,6737.4,6,0
M059,ROBOT_ARM,2025-06-23,46.04,1.176,6747.3,7,0
M059,ROBOT_ARM,2025-06-24,46.66,1.434,6758.8,8,0
M059,ROBOT_ARM,2025-06-25,44.81,1.528,6777.8,9,0
M059,ROBOT_ARM,2025-06-26,47.11,1.603,6789.4,10,0
M059,ROBOT_ARM,2025-06-27,45.59,1.089,6806.0,11,0
M059,ROBOT_ARM,2025-06-28,50.36,1.729,6825.9,12,0
M059,ROBOT_ARM,2025-06-29,42.44,1.808,6839.5,13,0
M060,PUMP,2025-01-01,57.15,1.887,1967.9,11,0
M060,PUMP,2025-01-02,63.0,2.606,1975.9,12,0
M060,PUMP,2025-01-03,59.06,2.95,1988.5,13,0
M060,PUMP,2025-01-04,59.67,2.548,1998.4,14,0
M060,PUMP,2025-01-05,56.4,2.434,2016.9,15,0
M060,PUMP,2025-01-06,60.14,2.76,2024.2,16,0
M060,PUMP,2025-01-07,63.79,2.435,2032.3,17,0
M060,PUMP,2025-01-08,61.95,2.933,2045.4,18,0
M060,PUMP,2025-01-09,60.62,2.738,2059.9,19,0
M060,PUMP,2025-01-10,61.66,2.809,2079.6,20,0
M060,PUMP,2025-01-11,52.95,2.056,2094.6,21,0
M060,PUMP,2025-01-12,61.56,2.597,2107.6,22,0
M060,PUMP,2025-01-13,60.47,2.714,2120.5,23,0
M060,PUMP,2025-01-14,60.44,2.325,2140.3,24,0
M060,PUMP,2025-01-15,63.43,2.848,2159.6,25,0
M060,PUMP,2025-01-16,62.3,2.415,2167.8,26,0
M060,PUMP,2025-01-17,58.42,2.746,2181.7,27,0
M060,PUMP,2025-01-18,56.07,2.126,2199.7,0,0
M060,PUMP,2025-01-19,55.94,2.79,2208.3,1,0
M060,PUMP,2025-01-20,57.22,2.777,2221.8,2,0
M060,PUMP,2025-01-21,58.03,2.385,2230.5,3,0
M060,PUMP,2025-01-22,63.26,2.302,2249.9,4,0
M060,PUMP,2025-01-23,60.87,2.602,2266.0,5,0
M060,PUMP,2025-01-24,57.02,2.076,2279.7,6,0
M060,PUMP,2025-01-25,66.35,2.59,2299.5,7,0
M060,PUMP,2025-01-26,60.87,2.492,2319.2,8,0
M060,PUMP,2025-01-27,57.89,2.851,2338.2,9,0
M060,PUMP,2025-01-28,59.42,2.675,2352.8,10,0
M060,PUMP,2025-01-29,56.83,2.454,2364.5,11,0
M060,PUMP,2025-01-30,64.36,2.877,2378.3,12,0
M060,PUMP,2025-01-31,64.98,2.941,2392.7,13,0
M060,PUMP,2025-02-01,60.37,2.36,2407.3,14,0
M060,PUMP,2025-02-02,59.16,2.84,2421.1,15,0
M060,PUMP,2025-02-03,61.84,2.384,2430.4,16,0
M060,PUMP,2025-02-04,60.72,1.935,2437.1,17,0
M060,PUMP,2025-02-05,62.49,2.094,2447.8,18,0
M060,PUMP,2025-02-06,59.26,2.005,2461.0,19,0
M060,PUMP,2025-02-07,59.47,2.011,2476.7,20,0
M060,PUMP,2025-02-08,59.45,2.549,2485.0,21,0
M060,PUMP,2025-02-09,59.95,2.337,2496.7,22,0
M060,PUMP,2025-02-10,62.85,2.108,2506.0,23,0
M060,PUMP,2025-02-11,60.0,2.233,2523.8,24,0
M060,PUMP,2025-02-12,59.87,2.522,2538.5,25,0
M060,PUMP,2025-02-13,59.51,2.317,2553.9,26,0
M060,PUMP,2025-02-14,58.5,2.665,2563.8,27,0
M060,PUMP,2025-02-15,64.14,2.485,2574.0,28,0
M060,PUMP,2025-02-16,59.71,2.892,2588.7,29,0
M060,PUMP,2025-02-17,59.25,2.733,2595.9,0,0
M060,PUMP,2025-02-18,56.05,2.036,2607.4,1,0
M060,PUMP,2025-02-19,57.76,3.155,2622.4,2,0
M060,PUMP,2025-02-20,53.75,2.099,2633.0,3,0
M060,PUMP,2025-02-21,61.53,2.306,2651.6,4,0
M060,PUMP,2025-02-22,62.91,2.55,2665.6,5,0
M060,PUMP,2025-02-23,61.37,2.424,2680.3,6,0
M060,PUMP,2025-02-24,60.68,2.493,2696.4,7,0
M060,PUMP,2025-02-25,61.72,2.189,2712.3,8,0
M060,PUMP,2025-02-26,62.33,2.755,2729.4,9,0
M060,PUMP,2025-02-27,56.06,3.123,2737.5,10,0
M060,PUMP,2025-02-28,53.82,2.639,2753.5,11,0
M060,PUMP,2025-03-01,60.96,1.999,2761.6,12,0
M060,PUMP,2025-03-02,62.11,2.397,2775.8,13,0
M060,PUMP,2025-03-03,63.95,1.297,2785.4,14,0
M060,PUMP,2025-03-04,50.04,2.71,2796.2,15,0
M060,PUMP,2025-03-05,60.72,2.486,2811.4,16,0
M060,PUMP,2025-03-06,56.4,1.883,2825.4,17,0
M060,PUMP,2025-03-07,58.81,2.499,2832.6,18,0
M060,PUMP,2025-03-08,60.67,2.776,2840.7,19,0
M060,PUMP,2025-03-09,60.07,2.526,2852.4,20,0
M060,PUMP,2025-03-10,60.93,2.219,2861.8,21,0
M060,PUMP,2025-03-11,59.42,2.361,2880.8,22,0
M060,PUMP,2025-03-12,57.17,2.636,2896.9,23,0
M060,PUMP,2025-03-13,64.27,2.231,2914.9,24,0
M060,PUMP,2025-03-14,61.38,3.007,2927.0,25,0
M060,PUMP,2025-03-15,60.58,3.033,2942.1,26,0
M060,PUMP,2025-03-16,58.12,2.205,2952.2,27,0
M060,PUMP,2025-03-17,64.16,2.558,2962.7,28,0
M060,PUMP,2025-03-18,54.0,2.551,2974.7,29,0
M060,PUMP,2025-03-19,58.76,2.288,2982.9,30,0
M060,PUMP,2025-03-20,58.45,2.691,3002.8,31,0
M060,PUMP,2025-03-21,62.06,3.146,3022.7,32,0
M060,PUMP,2025-03-22,55.1,3.043,3035.1,33,0
M060,PUMP,2025-03-23,57.78,2.921,3043.3,0,0
M060,PUMP,2025-03-24,54.26,2.265,3051.0,1,0
M060,PUMP,2025-03-25,57.78,2.538,3057.5,2,0
M060,PUMP,2025-03-26,56.99,2.306,3074.5,3,0
M060,PUMP,2025-03-27,63.05,2.498,3083.0,4,0
M060,PUMP,2025-03-28,63.61,2.048,3102.0,5,0
M060,PUMP,2025-03-29,67.26,2.345,3113.1,6,0
M060,PUMP,2025-03-30,56.81,3.223,3122.4,7,0
M060,PUMP,2025-03-31,58.62,2.855,3140.0,8,0
M060,PUMP,2025-04-01,58.23,2.213,3154.8,9,0
M060,PUMP,2025-04-02,56.63,2.062,3169.6,10,0
M060,PUMP,2025-04-03,61.43,2.621,3189.1,11,0
M060,PUMP,2025-04-04,55.54,1.882,3201.7,12,0
M060,PUMP,2025-04-05,59.19,2.969,3216.8,13,0
M060,PUMP,2025-04-06,60.1,2.02,3223.2,14,0
M060,PUMP,2025-04-07,59.26,2.954,3241.8,15,0
M060,PUMP,2025-04-08,60.77,2.48,3261.4,16,0
M060,PUMP,2025-04-09,54.45,2.362,3272.0,17,0
M060,PUMP,2025-04-10,57.62,2.997,3282.1,18,0
M060,PUMP,2025-04-11,57.79,2.358,3292.3,19,0
M060,PUMP,2025-04-12,58.81,1.846,3300.3,20,0
M060,PUMP,2025-04-13,59.8,2.53,3319.8,21,0
M060,PUMP,2025-04-14,59.39,2.245,3330.4,22,0
M060,PUMP,2025-04-15,57.83,2.54,3348.4,23,0
M060,PUMP,2025-04-16,56.62,2.257,3365.3,24,0
M060,PUMP,2025-04-17,62.39,2.455,3379.3,25,0
M060,PUMP,2025-04-18,58.92,2.522,3397.4,26,0
M060,PUMP,2025-04-19,57.47,2.568,3414.8,27,0
M060,PUMP,2025-04-20,57.82,3.223,3429.0,28,0
M060,PUMP,2025-04-21,59.81,2.65,3441.4,29,0
M060,PUMP,2025-04-22,58.44,2.42,3447.9,0,0
M060,PUMP,2025-04-23,58.44,2.253,3467.6,1,0
M060,PUMP,2025-04-24,59.66,2.613,3479.2,2,0
M060,PUMP,2025-04-25,61.32,2.487,3496.7,3,0
M060,PUMP,2025-04-26,59.68,2.712,3503.2,4,0
M060,PUMP,2025-04-27,62.67,2.718,3516.7,5,0
M060,PUMP,2025-04-28,60.19,2.017,3524.1,6,0
M060,PUMP,2025-04-29,63.1,2.618,3540.1,7,0
M060,PUMP,2025-04-30,61.46,2.33,3553.7,8,0
M060,PUMP,2025-05-01,56.22,2.456,3562.1,9,0
M060,PUMP,2025-05-02,59.73,2.81,3573.1,10,0
M060,PUMP,2025-05-03,61.26,1.893,3585.9,11,0
M060,PUMP,2025-05-04,65.29,3.188,3592.1,12,0
M060,PUMP,2025-05-05,59.2,2.269,3603.9,13,0
M060,PUMP,2025-05-06,57.46,2.285,3619.7,14,0
M060,PUMP,2025-05-07,58.9,2.796,3629.6,15,0
M060,PUMP,2025-05-08,60.07,3.074,3638.5,16,0
M060,PUMP,2025-05-09,64.58,2.164,3647.8,17,0
M060,PUMP,2025-05-10,62.59,2.006,3662.9,18,0
M060,PUMP,2025-05-11,58.96,2.911,3670.7,19,0
M060,PUMP,2025-05-12,62.96,2.654,3679.9,20,0
M060,PUMP,2025-05-13,62.75,2.59,3698.7,21,0
M060,PUMP,2025-05-14,59.71,2.384,3717.6,22,0
M060,PUMP,2025-05-15,58.63,1.764,3727.6,23,0
M060,PUMP,2025-05-16,63.57,2.597,3747.5,24,0
M060,PUMP,2025-05-17,66.39,2.87,3765.0,25,0
M060,PUMP,2025-05-18,57.06,2.839,3780.6,0,0
M060,PUMP,2025-05-19,63.52,2.235,3798.5,1,0
M060,PUMP,2025-05-20,58.73,1.925,3812.9,2,0
M060,PUMP,2025-05-21,65.85,2.544,3829.4,3,0
M060,PUMP,2025-05-22,58.59,2.656,3844.9,4,0
M060,PUMP,2025-05-23,61.18,2.164,3857.4,5,0
M060,PUMP,2025-05-24,58.82,2.798,3866.6,6,0
M060,PUMP,2025-05-25,58.65,2.226,3878.0,7,0
M060,PUMP,2025-05-26,55.92,2.608,3888.3,8,0
M060,PUMP,2025-05-27,60.15,2.938,3900.9,9,0
M060,PUMP,2025-05-28,62.96,2.328,3916.3,10,0
M060,PUMP,2025-05-29,60.1,2.562,3927.6,11,0
M060,PUMP,2025-05-30,61.64,2.208,3943.5,12,0
M060,PUMP,2025-05-31,57.29,2.625,3950.8,13,0
M060,PUMP,2025-06-01,59.42,2.236,3961.3,14,0
M060,PUMP,2025-06-02,59.7,2.117,3978.2,15,0
M060,PUMP,2025-06-03,60.54,2.849,3994.7,16,0
M060,PUMP,2025-06-04,65.1,2.517,4012.5,17,0
M060,PUMP,2025-06-05,61.14,2.763,4021.3,18,0
M060,PUMP,2025-06-06,61.05,3.179,4033.2,19,0
M060,PUMP,2025-06-07,59.21,2.861,4040.7,20,0
M060,PUMP,2025-06-08,54.81,2.54,4053.8,21,0
M060,PUMP,2025-06-09,57.88,2.448,4069.1,22,0
M060,PUMP,2025-06-10,60.89,2.809,4078.1,23,0
M060,PUMP,2025-06-11,61.19,2.556,4086.3,24,0
M060,PUMP,2025-06-12,57.83,3.543,4099.4,25,0
M060,PUMP,2025-06-13,62.14,2.789,4118.8,26,0
M060,PUMP,2025-06-14,55.65,2.324,4128.4,27,0
M060,PUMP,2025-06-15,52.67,2.539,4146.5,28,0
M060,PUMP,2025-06-16,58.78,2.907,4156.4,29,0
M060,PUMP,2025-06-17,62.41,2.234,4168.2,30,0
M060,PUMP,2025-06-18,58.86,2.663,4185.7,31,0
M060,PUMP,2025-06-19,60.71,2.856,4197.6,32,0
M060,PUMP,2025-06-20,54.31,2.968,4210.4,0,0
M060,PUMP,2025-06-21,64.59,1.99,4226.1,1,0
M060,PUMP,2025-06-22,56.2,2.082,4238.8,2,0
M060,PUMP,2025-06-23,56.96,3.021,4258.4,3,0
M060,PUMP,2025-06-24,55.13,3.146,4273.3,4,0
M060,PUMP,2025-06-25,63.04,2.834,4288.1,5,0
M060,PUMP,2025-06-26,58.43,2.6,4296.2,6,0
M060,PUMP,2025-06-27,63.85,2.582,4304.8,7,0
M060,PUMP,2025-06-28,59.48,2.072,4318.1,8,0
M060,PUMP,2025-06-29,60.23,2.204,4327.8,9,0
